﻿<?xml version="1.0" encoding="utf-8"?>
<Form Type="Grid" Caption="Submoduly" WindowCaption="Submoduly" ProgId="EnifEtrmAggDataAdapterFatClientGui.egbAggDataAdapterSubModuleManage" EntityType="" IsReadOnly="False" Scale="100%" SelectMode="Single">
  <Params>
    <Param Name="ViewName"></Param>
    <Param Name="DynamicLoading">False</Param>
    <Param Name="ViewType">Sql</Param>
    <Param Name="PrimaryKeyName">ID</Param>
    <Param Name="Columns">
      <Param Name="KEY">
        <Param Name="Label">Key</Param>
        <Param Name="DataType">String</Param>
      </Param>
      <Param Name="ACTIVE">
        <Param Name="Label">Active</Param>
        <Param Name="DataType">bool</Param>
      </Param>
      <Param Name="TOTALINPUTCOUNT">
        <Param Name="Label">TotalInputCount</Param>
        <Param Name="DataType">int</Param>
      </Param>
      <Param Name="TOTALOUTPUTCOUNT">
        <Param Name="Label">TotalOutputCount</Param>
        <Param Name="DataType">int</Param>
      </Param>
      <Param Name="COMPUTEDINPUTCOUNT">
        <Param Name="Label">ComputedInputCount</Param>
        <Param Name="DataType">int</Param>
      </Param>
      <Param Name="COMPUTINGALLINPUTCOUNT">
        <Param Name="Label">ComputingAllInputCount</Param>
        <Param Name="DataType">int</Param>
      </Param>
    </Param>
    <Param Name="Buttons">
      <Param Name="Refresh" Value="Refresh"/>
      <Param Name="SetActiveState" Value="SetActiveState"/>
      <Param Name="SetInactiveState" Value="SetInactiveState"/>
      <Param Name="WaitForComputationEnd" Value="WaitForComputationEnd"/>
    </Param>
  </Params>
</Form>