﻿<?xml version="1.0" encoding="utf-8"?>
<Form Type="Dummy" Caption="DealMigration" WindowCaption="DealMigration"  ProgId="Enif.EDA.ETRM.Gui.Behaviors.egdDealMigrationHelper,EnifETRMGui" EntityType="" IsReadOnly="False" Scale="1">
  <FieldSection Name="ButtonsSection" Caption="" >
    <Field Name="Btn1" Caption="" FieldType="ButtonsField" IsEnabled="True"  Occupation="Block" Height="1" Column="0" Colspan="1" Rowspan="1">
      <Params>
        <Param Name="Buttons">
          <Param Name="btnCleanUpDeals" Value="    Cleanup Deals    ">
            <Param Name="ToolTip"></Param>
            <Param Name="Background">Gray</Param>
          </Param>
        </Param>
      </Params>
    </Field>
    <Field Name="Btn2" Caption="" FieldType="ButtonsField" IsEnabled="True"  Occupation="Block" Height="1" Column="0" Colspan="1" Rowspan="1">
      <Params>
        <Param Name="Buttons">
          <Param Name="btnVoid" Value="        ">
            <Param Name="ToolTip"></Param>
            <Param Name="Background">Gray</Param>
          </Param>
        </Param>
      </Params>
    </Field>
    <Field Name="Btn3" Caption="" FieldType="ButtonsField" IsEnabled="True"  Occupation="Block" Height="1" Column="0" Colspan="1" Rowspan="1">
      <Params>
        <Param Name="Buttons">
          <Param Name="btnLoadXML" Value="    Load XML    ">
            <Param Name="ToolTip"></Param>
            <Param Name="Background">Gray</Param>
          </Param>
        </Param>
      </Params>
    </Field>
    <Field Name="StateBox" Caption="Current state" FieldType="Text" SelectorType="Const" Selector="" ToolTip="Current state" Occupation="CaptionBlock" IsRequired="false">
      <Params>
        <Param Name="Multiline">True</Param>
        <Param Name="TextWrapping">Wrap</Param>
      </Params>
    </Field>
  </FieldSection>
</Form>