﻿<?xml version="1.0" encoding="utf-8"?>
<Form Type="Dummy" Caption="Stav obchodu" WindowCaption="Stav obchodu" ProgId="Enif.EDA.ETRM.Gui.Behaviors.egbDealSetState,EnifETRMGui" EntityType="Enif.EDA.ETRM.Entities.Deal,EnifETRMCommon" IsReadOnly="False" Scale="1" IsReadOnlyOverride="True" >
  <FieldSection Name="ActualStateSection" Caption="" >
    <Field Name="txtActualState" Caption="Aktuální stav" FieldType="Text" SelectorType="Const" Selector="" ToolTip="" Occupation="Line" IsReadOnly="True"/>
  </FieldSection>
  <FieldSection Name="ActionSection" Caption="" >
    <Field Name="cbxStateAccept" Caption="Schválit" FieldType="BoolField" SelectorType="Const" Selector="" Default="False" ToolTip="" Occupation="Line" IsBinded="False" IsReactive="True" IsRequired="True" IsReadOnly="False" >
      <Params>
        <Param Name="TrueText"></Param>
        <Param Name="FalseText"></Param>
      </Params>
    </Field>
    <Field Name="cbxStateRefuse" Caption="Zamítnout" FieldType="BoolField" SelectorType="Const" Selector="" Default="False" ToolTip="" Occupation="Line" IsBinded="False" IsReactive="True" IsRequired="True" IsReadOnly="False" >
      <Params>
        <Param Name="TrueText"></Param>
        <Param Name="FalseText"></Param>
      </Params>
    </Field>
    <Field Name="cbxStateReset" Caption="Přetočit" FieldType="BoolField" SelectorType="Const" Selector="" Default="False" ToolTip="" Occupation="Line" IsBinded="False" IsReactive="True" IsRequired="True" IsReadOnly="False" >
      <Params>
        <Param Name="TrueText"></Param>
        <Param Name="FalseText"></Param>
      </Params>
    </Field>
    <Field Name="cbxStateActivate" Caption="Aktivovat" FieldType="BoolField" SelectorType="Const" Selector="" Default="False" ToolTip="" Occupation="Line" IsBinded="False" IsReactive="True" IsRequired="True" IsReadOnly="False"  >
      <Params>
        <Param Name="TrueText"></Param>
        <Param Name="FalseText"></Param>
      </Params>
    </Field>
    <Field Name="cbxStateCancel" Caption="Zrušit" FieldType="BoolField" SelectorType="Const" Selector="" Default="False" ToolTip="" Occupation="Line" IsBinded="False" IsReactive="True" IsRequired="True" IsReadOnly="False" >
      <Params>
        <Param Name="TrueText"></Param>
        <Param Name="FalseText"></Param>
      </Params>
    </Field>
    <Field Name="cbxStateRegenerate" Caption="Regenerovat" FieldType="BoolField" SelectorType="Const" Selector="" Default="False" ToolTip="" Occupation="Line" IsBinded="False" IsReactive="True" IsVisible="False" IsRequired="True" IsReadOnly="False" >
      <Params>
        <Param Name="TrueText"></Param>
        <Param Name="FalseText"></Param>
      </Params>
    </Field>
    <Field Name="cbxStateAcceptExceptPrice" Caption="Schválit až na cenu" FieldType="BoolField" SelectorType="Const" Selector="" Default="False" ToolTip="" Occupation="Line" IsBinded="False" IsReactive="True" IsRequired="True" IsReadOnly="False" >
      <Params>
        <Param Name="TrueText"></Param>
        <Param Name="FalseText"></Param>
      </Params>
    </Field>
  </FieldSection>
  <Params>
    <Param Name="Buttons">
      <Param Name="btnSetDealState" Value="Změnit stav"/>
    </Param>
  </Params>
</Form>