﻿<?xml version="1.0" encoding="utf-8"?>
<Form Type="Dummy" Caption="Nový" WindowCaption="Nový" ProgId="Enif.EDA.ETRM.OTE.Behaviors.EEDM.egdEEDM_Bid_New, EnifETRMCOMOTEGui" EntityType="Enif.EDA.ETRM.OTE.EEDM.Entities.EEDM_Bid,EnifETRMCOMOTE"  Scale="1" ValidationLevel="1">
  <Params>
    <Param Name="Buttons">
      <Param Name="NewButton" Value="Nový">
        <Param Name="Tooltip" Value="Vytvoří novou instanci"/>        
      </Param>
    </Param>
  </Params>
  
  <FieldSection Caption="Nastavení">
    <Field Name="BidDate" Caption="Datum" FieldType="Date" SelectorType="Const" Selector="" IsVisible="true" IsRequired="true" Occupation="Line" IsBinded="false" IsReactive="true"/>
    <Field Name="Direction" Caption="Směr" FieldType="EnumField" SelectorType="Const" Selector="" Default="select T, T.Caption from EEDM_BidDirection T where T.Key = 'Buy'" IsVisible="true" IsRequired="true" IsBinded="false" IsReactive="true">
      <Params>
        <Param Name="HQL">select T, T.Caption from EEDM_BidDirection T order by Caption</Param>
      </Params>
    </Field>
    <Field Name="Segments" Caption="Počet segmentů" FieldType="Number" SelectorType="Const" Selector="" IsVisible="true" IsRequired="true" Occupation="Line" IsBinded="false" IsReactive="true"/>
    <Field Name="SaveCheckBox" Caption="Uložit po vytvoření" FieldType="BoolField" SelectorType="Const" Selector="" Default="True" IsVisible="true" IsRequired="true" Occupation="Line" IsBinded="false" IsReactive="true"/>
  </FieldSection>
</Form>