﻿<?xml version="1.0" encoding="utf-8"?>
<Form Type="Dummy" Caption="Denní trh" WindowCaption="Denní trh" ProgId="Enif.EDA.ETRM.OTE.Behaviors.EEDM.egdEEDM_Bid_Filter, EnifETRMCOMOTEGui" EntityType="Enif.EDA.ETRM.OTE.EEDM.Entities.EEDM_Bid,EnifETRMCOMOTE" IsReadOnly="false" ValidationLevel="0" Scale="1.1">
  <FieldSection Caption="Filter" Columns="1">
    <Field Name="BidDate" Caption="Datum" FieldType="Date" SelectorType="Const" Selector="" Default="{dtResult}&#x9;Exp;DateTime dtResult=DateExp(Sysdate,&quot;+1d&quot;)" IsVisible="true" IsEnabled="true" IsReadOnly="false" IsRequired="true" ValidationLevel="0" Occupation="Line" IsReactive="True" Column="0" Colspan="1" Rowspan="1" IsBinded="False">
      <Params>
        <Param Name="FilterField">BIDDATE</Param>
        <Param Name="FilterType">Normal</Param>
        <Param Name="FilterOperation">Equal</Param>
      </Params>
    </Field>
    <Field Name="ConfigId" Caption="Configuration ID" FieldType="Number" SelectorType="Const" Selector="" IsVisible="false" IsEnabled="true" IsReadOnly="false" IsRequired="true" ValidationLevel="0" Occupation="Line" IsReactive="True" Column="0" Colspan="1" Rowspan="1" IsBinded="False">
      <Params>
        <Param Name="FilterField">ConfigId</Param>
        <Param Name="FilterType">Normal</Param>
        <Param Name="FilterOperation">Equal</Param>
      </Params>
    </Field>
    <Field Name="Go" Caption="Go" FieldType="FormButtons" SelectorType="Const" Selector="" IsVisible="true" IsEnabled="true"  IsRequired="false" ValidationLevel="0" Occupation="Block" IsReactive="True" Height="1" Column="0" Colspan="1" Rowspan="1" IsBinded="False">
      <Params>
        <Param Name="Buttons">
          <Param Name="FilterButton">
            <Param Name="Value">Seznam</Param>
            <Param Name="ToolTip">Otevření/aktualizace filtrovaného seznamu</Param>
            <Param Name="Form">eggEEDM_Bid</Param>
            <Param Name="Background">Gray</Param>
            <Param Name="Target" Value="@Self" />
          </Param>
        </Param>
      </Params>
    </Field>
  </FieldSection>
</Form>