﻿<Form Type="Dummy" Caption="Mezibilanční pozice" WindowCaption="Mezibilanční pozice" ProgId="Enif.EDA.ETRM.Gui.Behaviors.egdInterBZPositionFilter, EnifETRMGui" EntityType="Enif.EDA.ETRM.Entities.Deal,EnifETRMCommon"  Scale="2.5" ValidationLevel="0">
  <FieldSection Caption="Filtr">
    <Columns>
      <Column Width="*"/>
      <Column Width="*"/>
      <Column Width="*"/>
      <Column Width="*"/>
      <Column Width="*"/>
      <Column Width="*"/>
      <Column Width="*"/>
      <Column Width="*"/>
    </Columns>
    <Field Name="DeliveryFrom" Caption="Rozsah od" FieldType="Date" SelectorType="Const" Selector="" Occupation="Line" IsReactive="True" Column="0" Row="0" Colspan="1" Rowspan="1" IsBinded="False" IsRequired="True">
      <Params>
        <!--        <Param Name="FilterField">DeliveryFrom</Param>-->
        <Param Name="FilterType">Normal</Param>
        <Param Name="FilterOperation">Equal</Param>
      </Params>
    </Field>
    <Field Name="DeliveryToInc" Caption="Rozsah do" FieldType="Date" SelectorType="Const" Selector="" Occupation="Line" IsReactive="True" Column="2" Row="0" Colspan="1" Rowspan="1" IsBinded="False" IsRequired="True">
      <Params>
        <!--    <Param Name="FilterField">DeliveryToInc</Param>-->
        <Param Name="FilterType">Normal</Param>
        <Param Name="FilterOperation">Equal</Param>
      </Params>
    </Field>
    <Field Name="Portfolio" Caption="Portfolio" FieldType="EnumField" Default="-1" SelectorType="Const" Selector="" Occupation="Line" IsReactive="True" Column="4" Row="0" Colspan="1" Rowspan="1" IsBinded="False" IsRequired="True">
      <Params>
        <!--    <Param Name="FilterField">BookPortfolioFK</Param>-->
        <Param Name="FilterType">Normal</Param>
        <Param Name="FilterOperation">Equal</Param>
      </Params>
    </Field>
    <Field Name="Book" Caption="Kniha" FieldType="EnumField" Default="-1" SelectorType="Const" Selector="" Occupation="Line" IsReactive="True" Column="6" Row="0" Colspan="1" Rowspan="1" IsBinded="False" IsRequired="True">
      <Params>
        <!--    <Param Name="FilterField">BookFK</Param>-->
        <Param Name="FilterType">Normal</Param>
        <Param Name="FilterOperation">Equal</Param>
      </Params>
    </Field>
    <Field Name="AggPeriod" Caption="Agregace po období" FieldType="EnumField" Default="3" SelectorType="Const" Selector="" Occupation="Line" IsReactive="True" Column="0" Row="1" Colspan="1" Rowspan="1" IsBinded="False" IsRequired="True">
      <Params>
        <Param Name="Enum">
          <Param Name="Den">4</Param>
          <Param Name="Měsíc">3</Param>
          <Param Name="Kvartál">2</Param>
          <Param Name="Kalendářní rok">1</Param>
        </Param>
        <!--    <Param Name="FilterField">AggPeriod</Param>-->
        <Param Name="FilterType">Normal</Param>
        <Param Name="FilterOperation">Equal</Param>
      </Params>
    </Field>
    <Field Name="Go" Caption="Go" FieldType="ButtonsField" SelectorType="Const" Selector="" Occupation="Block" Height="1" Column="7" Row="1" CaptionColspan="1" Colspan="0" IsReactive="True" IsBinded="False">
      <Params>
        <Param Name="Buttons">
          <Param Name="FilterButton" Value="         Potvrdit         " />
        </Param>
      </Params>
    </Field>
  </FieldSection>
</Form>