﻿<Form Type="Dummy" Caption="Dlouhodobá pozice" WindowCaption="Dlouhodobá pozice" ProgId="Enif.EDA.ETRM.Gui.Behaviors.egdLongPositionFilter,EnifETRMGui" EntityType="Enif.EDA.ETRM.Entities.Deal,EnifETRMCommon"  Scale="2" ValidationLevel="0">
  <FieldSection Caption="Filtr">
    <Columns>
      <Column Width="*"/>
      <Column Width="*"/>
      <Column Width="*"/>
      <Column Width="*"/>
      <Column Width="*"/>
      <Column Width="*"/>
      <Column Width="*"/>
      <Column Width="*"/>
    </Columns>
    <Field Name="RangeType" Caption="Typ dodávky" FieldType="EnumField" Default="2" SelectorType="Const" Selector="" Occupation="Line" IsReactive="True" Column="0" Row="0" Colspan="1" Rowspan="1" IsBinded="False" IsRequired="True">
      <Params>
        <Param Name="Enum">
          <Param Name="Dle dodávky">2</Param>
          <Param Name="Dle uzavření">1</Param>
        </Param>
        <!--<Param Name="FilterField">TypeFK</Param>-->
        <Param Name="FilterType">Normal</Param>
        <Param Name="FilterOperation">Equal</Param>
      </Params>
    </Field>
    <Field Name="DeliveryFrom" Caption="Rozsah od" FieldType="Date" SelectorType="Const" Selector="" Occupation="Line" IsReactive="True" Column="2" Row="0" Colspan="1" Rowspan="1" IsBinded="False" IsRequired="True">
      <Params>
       <!-- <Param Name="FilterField">DeliveryFrom</Param>-->
        <Param Name="FilterType">Normal</Param>
        <Param Name="FilterOperation">Equal</Param>
      </Params>
    </Field>
    <Field Name="DeliveryToInc" Caption="Rozsah do" FieldType="Date" SelectorType="Const" Selector="" Occupation="Line" IsReactive="True" Column="4" Row="0" Colspan="1" Rowspan="1" IsBinded="False" IsRequired="True">
      <Params>
      <!--  <Param Name="FilterField">DeliveryToInc</Param>-->
        <Param Name="FilterType">Normal</Param>
        <Param Name="FilterOperation">Equal</Param>
      </Params>
    </Field>
    <Field Name="IndexCurve" Caption="Forwardová křivka" FieldType="EnumField" Default="-2" SelectorType="Const" Selector="" Occupation="Line" IsReactive="True" Column="6" Row="0" Colspan="1" Rowspan="1" IsBinded="False" IsRequired="True">
      <Params>
      <!--  <Param Name="FilterField">IndexCurveFK</Param>-->
        <Param Name="FilterType">Normal</Param>
        <Param Name="FilterOperation">Equal</Param>
      </Params>
    </Field>    
    <Field Name="Portfolio" Caption="Portfolio" FieldType="EnumField" Default="-1" SelectorType="Const" Selector="" Occupation="Line" IsReactive="True" Column="0" Row="1" Colspan="1" Rowspan="1" IsBinded="False" IsRequired="True">
      <Params>
       <!-- <Param Name="FilterField">BookPortfolioFK</Param>-->
        <Param Name="FilterType">Normal</Param>
        <Param Name="FilterOperation">Equal</Param>
      </Params>
    </Field>
    <Field Name="Book" Caption="Kniha" FieldType="EnumField" Default="-1" SelectorType="Const" Selector="" Occupation="Line" IsReactive="True" Column="2" Row="1" Colspan="1" Rowspan="1" IsBinded="False" IsRequired="True">
      <Params>
        <!--<Param Name="FilterField">BookFK</Param>-->
        <Param Name="FilterType">Normal</Param>
        <Param Name="FilterOperation">Equal</Param>
      </Params>
    </Field>
    <Field Name="CurrencyETrade" Caption="Měny" FieldType="EnumField" Default="-1" SelectorType="Const" Selector="" Occupation="Line" IsReactive="True" Column="4" Row="1" Colspan="1" Rowspan="1" IsBinded="False" IsRequired="True">
      <Params>
       <!-- <Param Name="FilterField">CurrencyETradeFK</Param> -->
        <Param Name="FilterType">Normal</Param>
        <Param Name="FilterOperation">Equal</Param>
      </Params>
    </Field>
    <Field Name="BalanceZone" Caption="Bilanční zóna" FieldType="EnumField" Default="-1" SelectorType="Const" Selector="" Occupation="Line" IsReactive="True" Column="6" Row="1" Colspan="1" Rowspan="1" IsBinded="False" IsRequired="True">
      <Params>
      <!--  <Param Name="FilterField">BalanceZoneFK</Param> -->
        <Param Name="FilterType">Normal</Param>
        <Param Name="FilterOperation">Equal</Param>
      </Params>
    </Field>
    <Field Name="Go" Caption="Go" FieldType="ButtonsField" SelectorType="Const" Selector="" Occupation="Block" Height="1" Column="7" Row="2" CaptionColspan="1" Colspan="0" IsReactive="True" IsBinded="False">
      <Params>
        <Param Name="Buttons">
          <Param Name="FilterButton" Value="         Potvrdit         " />
        </Param>
      </Params>
    </Field>
  </FieldSection>
</Form>