﻿<?xml version="1.0" encoding="utf-8"?>
<Form Type="Dummy" Caption="Market Structure (Debugger)" WindowCaption="Market Structure (Debugger)"  ProgId="Enif.EDA.ETRM.Gui.Behaviors.egdMarketStructureHelper,EnifETRMGui" EntityType="" IsReadOnly="False" Scale="1">
  <FieldSection Name="ButtonsSection" Caption="" >
    <Field Name="GenerateCostSheetReport" Caption="Export Kalk. list" FieldType="ButtonsField" IsEnabled="True"  Occupation="Block" Height="1" Column="0" Colspan="1" Rowspan="1">
      <Params>
        <Param Name="Buttons">
          <Param Name="btnSyncMarketStructure2" Value="    1. SyncMarketStructure2    ">
            <Param Name="ToolTip">SyncMarketStructure2</Param>
            <Param Name="Background">Gray</Param>
          </Param>
        </Param>
      </Params>
    </Field>
    <Field Name="GenerateCostSheetReport2" Caption="Export Kalk. list" FieldType="ButtonsField" IsEnabled="True"  Occupation="Block" Height="1" Column="0" Colspan="1" Rowspan="1">
      <Params>
        <Param Name="Buttons">
          <Param Name="btnSyncDeal2" Value="    2. SyncDeal2    ">
            <Param Name="ToolTip">SyncDeal2</Param>
            <Param Name="Background">Gray</Param>
          </Param>
        </Param>
      </Params>
    </Field>
    <Field Name="GenerateCostSheetReport3" Caption="Export Kalk. list" FieldType="ButtonsField" IsEnabled="True"  Occupation="Block" Height="1" Column="0" Colspan="1" Rowspan="1">
      <Params>
        <Param Name="Buttons">
          <Param Name="btnSyncPortfolioBookActive2" Value="    3. SyncPortfolioBookActive2    ">
            <Param Name="ToolTip">SyncPortfolioBookActive2</Param>
            <Param Name="Background">Gray</Param>
          </Param>
        </Param>
      </Params>
    </Field>
  </FieldSection>
</Form>