﻿<Form Type="Dummy" Caption="Filtr nominací" WindowCaption="Filtr nominací" ProgId="Enif.EDA.ETRM.Gui.Behaviors.egdNominationItem,EnifETRMGui" EntityType="Enif.EDA.ETRM.Entities.NominationItem,EnifETRMCommon"  Scale="2" ValidationLevel="0">
  <FieldSection Caption="Filtr">
    <Columns>
      <Column Width="*"/>
      <Column Width="*"/>
      <Column Width="*"/>
      <Column Width="*"/>
      <Column Width="*"/>
      <Column Width="*"/>
      <Column Width="*"/>
      <Column Width="*"/>
    </Columns>
    <Field Name="ValidFrom" Caption="Nominace od" FieldType="Date" SelectorType="Const" Selector="" Occupation="Line" IsReactive="True" Column="0" Row="0" Colspan="1" Rowspan="1" IsBinded="False">
      <Params>
        <Param Name="FilterField">Datum</Param>
        <Param Name="FilterType">Normal</Param>
        <Param Name="FilterOperation">GreaterOrEqual</Param>
      </Params>
    </Field>
    <Field Name="ValidTo" Caption="Nominace do" FieldType="Date" SelectorType="Const" Selector="" Occupation="Line" IsReactive="True" Column="2" Row="0" Colspan="1" Rowspan="1" IsBinded="False">
      <Params>
        <Param Name="FilterField">Datum</Param>
        <Param Name="FilterType">Normal</Param>
        <Param Name="FilterOperation">LowerOrEqual</Param>
      </Params>
    </Field>
    <Field Name="IsDifferent" Caption="Jen rozdílné" FieldType="BoolField" SelectorType="Const" Selector="" Default="true" Occupation="Line" IsReactive="True" Column="4" Row="0" Colspan="1" Rowspan="1" IsBinded="False">
      <Params>
        <Param Name="FilterField">reversed</Param>
        <Param Name="FilterType">Sql</Param>
        <Param Name="FilterOperation">IsDifferent = 'Ne'</Param>
      </Params>
    </Field>
    <Field Name="Operator" Caption="Operátor" FieldType="EnumField" SelectorType="Const" Selector="" Occupation="Line" IsReactive="True" Column="6" Row="0" Colspan="1" Rowspan="1" IsBinded="False">
      <Params>
        <Param Name="HQL">select co, co.Caption from Communication co Where co.Active=true Order by co.Caption</Param>
        <Param Name="FilterField">OperatorFK</Param>
        <Param Name="FilterType">Normal</Param>
        <Param Name="FilterOperation">Equal</Param>
      </Params>
    </Field>
    <Field Name="BalanceZone" Caption="Bilanční zóna" FieldType="EnumField" SelectorType="Const" Selector="" Occupation="Line" IsReactive="True" Column="0" Row="1" Colspan="1" Rowspan="1" IsBinded="False">
      <Params>
        <Param Name="HQL">
          select mubz.BalanceZone, mubz.BalanceZone.Caption
          from MU_BZ mubz
          where
          (mubz.Active=true) and (mubz.MarketUnitFK=3)
          order by mubz.BalanceZone.Caption
        </Param>
        <Param Name="FilterField">BalanceZoneFK</Param>
        <Param Name="FilterType">Normal</Param>
        <Param Name="FilterOperation">Equal</Param>
      </Params>
    </Field>
    <Field Name="GridETrade" Caption="Síť" FieldType="EnumField" SelectorType="Const" Selector="" Occupation="Line" IsReactive="True" Column="2" Row="1" Colspan="1" Rowspan="1" IsBinded="False">
      <Params>
        <Param Name="HQL">
          select mugr.Grid, mugr.Grid.Caption
          from MU_Grid mugr
          where
          (mugr.Active=true) and (mugr.MarketUnitFK=3)
          order by mugr.Grid.Caption
        </Param>
        <Param Name="FilterField">GridETradeFK</Param>
        <Param Name="FilterType">Normal</Param>
        <Param Name="FilterOperation">Equal</Param>
      </Params>
    </Field>
    <Field Name="Go" Caption="Go" FieldType="ButtonsField" SelectorType="Const" Selector="" Occupation="Block" Height="1" Column="7" Row="1" CaptionColspan="1" Colspan="0" IsReactive="True" IsBinded="False">
      <Params>
        <Param Name="Buttons">
          <Param Name="FilterButton" Value="        Potvrdit          " />
        </Param>
      </Params>
    </Field>
  </FieldSection>
</Form>