﻿<?xml version="1.0" encoding="utf-8"?>
<Form Type="Dummy" Caption="Export dat do plynové DB" WindowCaption="Export dat do plynové DB" ProgId="Enif.EDA.ETRM.Gui.Behaviors.egdPreGasDB,EnifETRMGui" EntityType=""  Scale="50%" ValidationLevel="0" Foreground="White">
  <FieldSection TextColor="#FF000000" Color="#FFFFFFFF" Caption="Export do plynové databáze" Columns="1">
    <Field Name="CreatedAt" Caption="Naposledy spuštěno" FieldType="Text" SelectorType="Const" Selector="" IsVisible="true" IsEnabled="true" IsReadOnly="True" IsRequired="false" ValidationLevel="0" Occupation="Line" IsReactive="True" Column="0" Colspan="1" Rowspan="1" IsBinded="False" />
    <Field Name="FinishedAt" Caption="Dokončeno" FieldType="Text" SelectorType="Const" Selector="" IsVisible="true" IsEnabled="true" IsReadOnly="True" IsRequired="false" ValidationLevel="0" Occupation="Line" IsReactive="True" Column="0" Colspan="1" Rowspan="1" IsBinded="False" />
    <Field Name="Status" Caption="Stav" FieldType="Text" SelectorType="Const" Selector="" IsVisible="true" IsEnabled="true" IsReadOnly="True" IsRequired="false" ValidationLevel="0" Occupation="Line" IsReactive="True" Column="0" Colspan="1" Rowspan="1" IsBinded="False" />
    <Field Name="Exception" Caption="Chyba" FieldType="Text" SelectorType="Const" Selector="" IsVisible="true" IsEnabled="true" IsReadOnly="True" IsRequired="false" ValidationLevel="0" Occupation="CaptionBlock" IsReactive="True" Column="0" Colspan="1" Rowspan="1" IsBinded="False" Height="15"/>
    <Field Name="Spacer" Caption="s" FieldType="Text" SelectorType="Const" Selector="" IsVisible="false" IsEnabled="false"  IsRequired="false" ValidationLevel="0" Occupation="Line" IsReactive="false" Column="0" Colspan="1" Rowspan="1" IsBinded="false" />
    <Field Name="btnRefreshData" Caption="Spustit export dat" FieldType="ButtonsField" SelectorType="Const" Selector="" IsVisible="True" IsEnabled="True"  Occupation="Block" Height="1" Column="0" Colspan="1" Rowspan="1">
      <Params>
        <Param Name="Buttons">
          <Param Name="btnRefreshData" Value="Spustit export dat">
            <Param Name="ToolTip">Spustit export dat</Param>
            <Param Name="Background">Gray</Param>
          </Param>
        </Param>
      </Params>
    </Field>
  </FieldSection>
</Form>