﻿<?xml version="1.0" encoding="utf-8"?>
<Form Type="Dummy" Caption="Stav" WindowCaption="Stav"  ProgId="Enif.EDA.ETRM.Gui.Behaviors.egdSetState,EnifETRMGui" EntityType="" IsReadOnly="False" Scale="1">
  <FieldSection Name="ActualStateSection" Caption="" >
    <Field Name="txtActualState" Caption="Aktuální stav" FieldType="Text" SelectorType="Const" Selector="" ToolTip="" Occupation="Line" IsReadOnly="True"/>
  </FieldSection>
  <FieldSection Name="Default" Caption="" >
  </FieldSection>
  <Params>
    <Param Name="Buttons">
      <Param Name="btnSetState" Value="Změnit stav"/>
    </Param>
  </Params>
</Form>