﻿<?xml version="1.0" encoding="utf-8"?>
<Form Type="Entity" Caption="Kapacitní smlouva BTS" WindowCaption="Kapacitní smlouva BTS" ProgId="Enif.EDA.ETRM.Gui.Behaviors.egeAgreementBTSCap,EnifETRMGui" EntityType="Enif.EDA.ETRM.Entities.AgreementBTSCap,EnifETRMCommon" IsReadOnly="False" Scale="1" ValidationLevel="0" CanDelete="None">
  <Params>
    <Param Name="VariablesBinding">
      <Param Name="OwnerForm" Value="{OwnerForm}" />
      <Param Name="MarketUnitId" Value="{MarketUnitId}" />
    </Param>
  </Params>
  <FieldSection Name="Detail" Caption="Detail" Columns="1">
    <Columns />
    <Field Name="Id" Caption="ID" Selector="Id" SelectorType="Path" FieldType="Text" IsReadOnly="True"/>
    <Field Name="Active" Caption="Aktivní" FieldType="BoolField" SelectorType="Path" Selector="Active" IsRequired="true" Occupation="Line" Default="true" IsReadOnly="{IsReadOnly}&#x9;Exp;bool IsReadOnly=!(RoleExp(&quot;Admin or ETRM_MDM_BTS_Contract_Settings&quot;)) || (OwnerForm == &quot;MarketUnit&quot;)" />
    <!--eggAgreementBTSCap-->
    <Field Name="MarketUnit1" Caption="Obchodní jednotka" FieldType="EnumField" SelectorType="Path" Selector="MarketUnit" IsRequired="True" Occupation="Line" ToolTip="Výběr obchodní jednotky"
            IsReadOnly="{IsReadOnly}&#x9;Exp;bool IsReadOnly=!(RoleExp(&quot;Admin or ETRM_MDM_BTS_Contract_Settings&quot;))"
            IsVisible="{IsVisible}&#x9;Exp;bool IsVisible=(OwnerForm != &quot;egeMarketUnit&quot;)">
      <Params>
        <Param Name="HQL">select MU, MU.Subject.Company.Name from MarketUnit MU where MU.Active=true order by MU.Subject.Company.Name</Param>
      </Params>
    </Field>
    <!--egeMarketUnit-->
    <Field Name="MarketUnit2" Caption="Obchodní jednotka" FieldType="EnumField" SelectorType="Path" Selector="MarketUnit" IsRequired="True" Occupation="Line" ToolTip="Výběr obchodní jednotky"
            IsReadOnly="true"
            IsVisible="{IsVisible}&#x9;Exp;bool IsVisible=(OwnerForm == &quot;egeMarketUnit&quot;)"
            Default="select MU, MU.Subject.Company.Name from MarketUnit MU where MU.Id={MarketUnitId}">
      <Params>
        <Param Name="HQL">select MU, MU.Subject.Company.Name from MarketUnit MU where MU.Active=true order by MU.Subject.Company.Name</Param>
      </Params>
    </Field>
    <Field Name="Key" Caption="Klíč" Selector="Key" IsRequired="False" SelectorType="Path" FieldType="Text" IsReadOnly="{IsReadOnly}&#x9;Exp;bool IsReadOnly=!(RoleExp(&quot;Admin or ETRM_MDM_BTS_Contract_Settings&quot;)) || (OwnerForm == &quot;MarketUnit&quot;)" />
    <Field Name="Caption" Caption="Název" Selector="Caption" IsRequired="true" SelectorType="Path" FieldType="Text" IsReadOnly="{IsReadOnly}&#x9;Exp;bool IsReadOnly=!(RoleExp(&quot;Admin or ETRM_MDM_BTS_Contract_Settings&quot;)) || (OwnerForm == &quot;MarketUnit&quot;)" />
    <Field Name="TargetGridPointType" Caption="Typ protibodu" FieldType="EnumField" SelectorType="Path" Selector="TargetGridPointType" IsRequired="True" Occupation="Line" ToolTip="Výběr protibodu na druhé straně hranice"
            IsReadOnly="{IsReadOnly}&#x9;Exp;bool IsReadOnly=!(RoleExp(&quot;Admin or ETRM_MDM_BTS_Contract_Settings&quot;)) || (OwnerForm == &quot;MarketUnit&quot;)">
      <Params>
        <Param Name="HQL">select gpt, gpt.Caption from GridPointType gpt where gpt.Active=true order by gpt.Caption</Param>
      </Params>
    </Field>
  </FieldSection>
  <FieldSection Name="Description" Caption="Popis" Collapsed="true">
    <Field Name="Description" Caption="Popis" FieldType="Text" SelectorType="Path" Selector="Description" Occupation="CaptionBlock"
            IsReadOnly="{IsReadOnly}&#x9;Exp;bool IsReadOnly=!(RoleExp(&quot;Admin or ETRM_MDM_BTS_Contract_Settings&quot;))" >
      <Params>
        <Param Name="Multiline">True</Param>
        <Param Name="TextWrapping">Wrap</Param>
      </Params>
    </Field>
  </FieldSection>
</Form>