﻿<?xml version="1.0" encoding="utf-8"?>
<Form Type="Entity" EntityType="Enif.EDA.ETRM.Entities.Agreement,EnifETRMCommon">
  <Param Name="VariablesBinding">
    <Param Name="MUComId" Value="{IdMU}" />
  </Param>
  <FieldSection Name="Info" Caption="Základní">
    <Field Name="Caption" Caption="Název smlouvy" Selector="Caption" SelectorType="Path" FieldType="Text" IsRequired="True"/> 
    <Field Name="MarketUnit" Caption="Obchodí jednotka" FieldType="EnumField" Default="SELECT MU, MU.Subject.Company.Name from MarketUnit where MU.Id={MUComId}" SelectorType="Path" Selector="MarketUnit" IsRequired="True" Occupation="Line" ToolTip="Výběr obchodní jednotky">
      <DetailsButton IsVisible="False" Form="" UnionTransaction="True" />
      <SelectButton IsVisible="False" Form="" UnionTransaction="True" />
      <NewButton IsVisible="False" UnionTransaction="True" />
      <Params>
        <Param Name="HQL">select MU, MU.Subject.Company.Name from MarketUnit MU where MU.Active=true</Param>
      </Params>
    </Field> 
    <Field Name="AgreementParty" Caption="Název protistrany" Selector="AgreementParty" SelectorType="Path" FieldType="Entity" IsRequired="True">
      <SelectButton IsVisible="True" Form="eggMarketCoparty" UnionTransaction="True" />
      <Params>
        <Param Name="Format">{Name}</Param>
        <Param Name="Arguments">
          <Param Name="Path;Subject.Company.Name as Name" />
        </Param>
        <Param Name="DeleteButton">True</Param>
      </Params>
    </Field>
    <Field Name="Code" Caption="Kód smlouvy" Selector="Code" SelectorType="Path" FieldType="Text" />
    <Field Name="Type" Caption="Typ" FieldType="EnumField" SelectorType="Path" Default="SELECT T, T.Caption from AgreementType T where T.Key like 'GEN'" Selector="Type" IsRequired="false" Occupation="Line" ToolTip="Výběr typu smlouvy">
      <DetailsButton IsVisible="False" Form="" UnionTransaction="True" />
      <SelectButton IsVisible="False" Form="" UnionTransaction="True" />
      <NewButton IsVisible="False" UnionTransaction="True" />
      <Params>
        <Param Name="HQL">SELECT T, T.Caption from AgreementType T where T.Key like 'GEN'</Param>
      </Params>
    </Field>
    <Field Name="ValidFrom" Caption="Platnost od" Selector="ValidFrom" SelectorType="Path" FieldType="DateTime" />
    <Field Name="ValidToEx" Caption="Platnost do" Selector="ValidToEx" SelectorType="Path" FieldType="DateTime" />
  </FieldSection>
  <FieldSection Name="Desc" Caption="Popis">
    <Field Name="Description" Caption="Popis" Selector="Description" SelectorType="Path" FieldType="Text" Occupation="Block" Height="4"/>
  </FieldSection>
  <FieldSection Name="ConfSettings" Caption="Konfirmace">
    <Field Name="DefaultTemplate" Caption="Defaultní šablona" FieldType="EnumField" SelectorType="Path" Selector="MU_ConfTemplate" ToolTip="Implicitní šablona konfirmací obchodů vzniklých na základě této smlouvy" IsRequired="False" IsReactive="True" Occupation="Line" IsBinded="False" IsVisible="True" IsReadOnly="False">
      <Params>
        <Param Name="HQL">SELECT DT, DT.ConfTemplate.Name from MU_ConfTemplate DT where DT.MarketUnit={MarketUnit}</Param>
        <Param Name="EmptyValue">Nezadáno</Param>
      </Params>
    </Field>
    <Field Name="Issuer" Caption="Vystavuje" FieldType="EnumField" SelectorType="Path" Selector="TConfIssuer" ToolTip="Vystavitel konfirmace" IsRequired="False" IsReactive="True" Occupation="Line" IsBinded="True" IsVisible="True" IsReadOnly="False">
      <Params>
        <Param Name="HQL">SELECT CI, CI.Caption from TConfIssuer CI</Param>
        <Param Name="EmptyValue">Nezadáno</Param>
      </Params>
    </Field>
  </FieldSection>
</Form>