﻿<?xml version="1.0" encoding="utf-8"?>
<Form Type="Entity" EntityType="Enif.EDA.ETRM.Entities.AgreementCapacity,EnifETRMCommon" ProgId="Enif.EDA.ETRM.Gui.Behaviors.egeAgreementCapacity,EnifETRMGui" IsReadOnly="{IsReadOnly}&#x9;Exp;bool IsReadOnly=!RoleExp(&quot;Admin or ETRM_MDM_SSO_Contract_Settings&quot;)"  Caption="Kapacitní smlouva">
  <FieldSection Name="Detail" Caption="Základní">
    <!--Id bilanční zony pro filtr -->
    <Field Name="BalanceZoneId" Caption="Jednotka bilanční zóny" Selector="AgreementStorage.BalanceZone.Id" SelectorType="Path" FieldType="Text" IsReadOnly="True" IsVisible="False" />
    <!--Id zásobníkové smlouvy pro filtr -->
    <Field Name="AgreementStorageId" Caption="AgreementStorageId" Selector="AgreementStorage.Id" SelectorType="Path" FieldType="Text" IsReadOnly="True" IsVisible="False" />

    <Field Name="Id" Caption="ID" Selector="Id" SelectorType="Path" FieldType="Text" IsReadOnly="True"/>
    <Field Name="Caption" Caption="Název" Selector="Caption" IsRequired="true" SelectorType="Path" FieldType="Text" >
      <Params>
        <Param Name="ValidationRegex">^\s*[a-zA-ZěščřžýáíéĚŠČŘŽÝÁÍÉ0-9_ \-]+\s*[a-zA-ZěščřžýáíéĚŠČŘŽÝÁÍÉ0-9_ \-]+\s*$</Param>
        <Param Name="ValidationRegexMessage">Hodnota může obsahovat jen písmena, čísla, mezery, pomlčku a podtržítko.</Param>
      </Params>
    </Field>

    <!--Pozor plni se i v runtime -> setEnumField_GridPoint(); HQL nefungovalo pri novem nadrizenem zaznamu-->
    <Field Name="GridPoint" Caption="Bod" FieldType="EnumField" SelectorType="Path" Selector="GridPoint" IsRequired="True" Occupation="Line">
      <Params>
        <Param Name="HQL">Select G,concat(G.GridPointType.ShortCaption , ' ', G.Caption,' ',G.IOType.Caption) as fullname from GridPoint G where G.Active=1 and G.Grid.BalanceZone.Id={BalanceZoneId} and G.GridPointType.Key='BGS'</Param>
      </Params>
    </Field>

    <Field Name="Subcommodity" Caption="Subkomodita" FieldType="EnumField" SelectorType="Path" Selector="CommodityETrade" IsRequired="True" Occupation="Line">
      <Params>
        <Param Name="HQL">SELECT C, C.Caption from CommodityETrade C where C.SSOCapacity=true</Param>
      </Params>
    </Field>

    <!--Pozor plni se i v runtime -> setEnumField_Shipper(); HQL nefungovalo pri novem nadrizenem zaznamu-->
    <Field Name="Shipper" Caption="Shipper kód" FieldType="EnumField" SelectorType="Path" Selector="SubjectIdentifier" IsRequired="True" Occupation="Line">
      <Params>
        <Param Name="HQL">
          select SI, SI.IdentifierValue
          from SubjectIdentifier SI
          where
          (SI.Id in (
            select distinct ASP.SubjectIdentifierFK
            from AgreementShipper ASP
            where
              (ASP.AgreementStorageFK={AgreementStorageId})
          ))
          order by SI.IdentifierValue
        </Param>
      </Params>
    </Field>

  </FieldSection>
  <FieldSection Caption="Křivka">
    <Field Name="bagAgreementCapacityPoint"
         Caption="Intervaly"
         SelectorType="Path"
         Selector="bagAgreementCapacityPointWithInfinity.OrderBy(t => t.CBA ?? decimal.MaxValue)"
         FieldType="Grid"
         IsReadOnly="False"
         IsRequired="False"
         Occupation="Block"
        >
      <DetailsButton IsVisible="True" Form="egeAgreementCapacityPoint" UnionTransaction="true" />
      <SelectButton  IsVisible="false" Form="egeAgreementCapacityPoint" UnionTransaction="true" />
      <NewButton  IsVisible="True" Form="egeAgreementCapacityPoint" UnionTransaction="true" />
      <Params>
        <Param Name="DeleteMode">Multi</Param>
        <Param Name="DeleteOnRemove">True</Param>
        <Param Name="Order">CBA</Param>
        <Param Name="Columns">
          <Param Name="CBA [%]">
            <Param Name="Field">ExpressionCBA</Param>
            <Param Name="DataType">System.String</Param>
            <Param Name="AllowSort">false</Param>
            <Param Name="Alignment">Left</Param>
          </Param>
          <Param Name="Koeficient vtl./těžby [%]">
            <Param Name="Field">CapacityUsability</Param>
            <Param Name="DataType">System.String</Param>
            <Param Name="AllowSort">false</Param>
            <Param Name="Alignment">Left</Param>
          </Param>
        </Param>
      </Params>
    </Field>
  </FieldSection>
  <FieldSection Caption="Graf">
    <Field Name="Chart" FieldType="EtrmChart" Occupation="Block" Caption="Graf" Height="16" >
      <Params>
        <Param Name="XAxisDescription" Value="Zaplnění zásobníku [%]"></Param>
        <Param Name="YAxisDescription" Value="Použitelnost kapacity [%]"></Param>
      </Params>
    </Field>
  </FieldSection>
</Form>