<?xml version="1.0" encoding="utf-8"?>
<Form Type="Entity" Caption="Shipper kód" WindowCaption="Shipper kód" ProgId="Enif.EDA.ETRM.Gui.Behaviors.egeAgreementShipper,EnifETRMGui" EntityType="Enif.EDA.ETRM.Entities.AgreementShipper,EnifETRMCommon" IsReadOnly="False" Scale="1" ValidationLevel="0">
  <FieldSection TextColor="#FF000000" Color="#FF78ABB2" Caption="Základní">
    <Field Name="Id" Caption="Id" FieldType="Integer" SelectorType="Path" Selector="Id" IsReadOnly="true" IsRequired="false" Occupation="Line" />
    <!--<Field Name="Type" Caption="Typ" FieldType="EnumField" SelectorType="Const" Selector="" Occupation="Line" IsReadOnly="false">
      <Params>
        <Param Name="HQL">SELECT I, I.Caption FROM IdentifierType I</Param>
      </Params>
    </Field>-->
    <Field Name="SubjectIdentifier" Caption="Kód" Selector="SubjectIdentifier" SelectorType="Path" FieldType="EnumField" IsReadOnly="False" IsVisible="True" >
      <Params>
        <Param Name="HQL">SELECT I, I.IdentifierValue FROM SubjectIdentifier I WHERE I.IdentifierType.Key='SHIPPERCODE'</Param>
      </Params>
    </Field>
         
    <Field Name="ValidFrom" Caption="Platnost od" IsRequired="true" Selector="ValidFrom" SelectorType="Path" FieldType="Date" />
    <Field Name="ValidToInc" Caption="Platnost do" IsRequired="true" Selector="ValidToInc" SelectorType="Path" FieldType="Date" />
  </FieldSection>
</Form>