﻿<?xml version="1.0" encoding="utf-8"?>
<Form Type="Entity" Caption="Účet" WindowCaption="Účet" ProgId="EGCore.EGBaseBehavior,EGCore" EntityType="Enif.EDA.ETRM.Entities.AccountETrade,EnifETRMCommon">
  <FieldSection Name="Default" Caption="Detaily" Columns="1">
    <Columns />
    <Field Name="Active" Caption="Aktivní" FieldType="BoolField" SelectorType="Path" Selector="Active" IsVisible="true" IsEnabled="true" IsReadOnly="false" IsRequired="true" Occupation="Line" Default="true" />
    <Field Name="Key" Caption="Klíč" FieldType="Text" SelectorType="Path" Selector="Key" IsVisible="true" IsEnabled="true" IsReadOnly="false" IsRequired="true" Occupation="Line" />
    <Field Name="Caption" Caption="Název" FieldType="Text" SelectorType="Path" Selector="Caption" IsVisible="true" IsEnabled="true" IsReadOnly="false" IsRequired="true" Occupation="Line" />
    <Field Name="AccounType" Caption="Typ účtu" FieldType="EnumField" SelectorType="Path" Selector="AccountType" Occupation="Line">
      <Params>
        <Param Name="HQL">SELECT t, t.Caption from AccountETradeType t</Param>
      </Params>
    </Field>
  </FieldSection>
  <FieldSection Name="Description" Caption="Popis">
    <Field Name="Description" Caption="Popis" FieldType="Text" SelectorType="Path" Selector="Description" ToolTip="Popis" Occupation="CaptionBlock">
      <Params>
        <Param Name="Multiline">True</Param>
        <Param Name="TextWrapping">Wrap</Param>
      </Params>
    </Field>
  </FieldSection>
  <FieldSection Name="BuyPortfolios" Caption="Portfolia - nákup" Collapsed="true">
    <Columns />
    <Field Name="bagBuyPortfolio" Caption="Portfolia účtu - nákup" FieldType="Grid" SelectorType="Path" Selector="bagBuyPortfolio" Occupation="Block">
      <DetailsButton IsVisible="True" Form="egePortfolio" UnionTransaction="True" />
      <SelectButton IsVisible="True" Form="eggPortfolio" UnionTransaction="True" Mode="Multi" />
      <NewButton IsVisible="False" UnionTransaction="True" />
      <Params>
        <Param Name="Columns">
          <Param Name="Název">
            <Param Name="Field">Caption</Param>
          </Param>
        </Param>
        <Param Name="SelectionMode">None</Param>
        <Param Name="DeleteMode">Multi</Param>
      </Params>
    </Field>
  </FieldSection>
  <FieldSection Name="BuyBooks" Caption="Knihy - nákup" Collapsed="true">
    <Columns />
    <Field Name="bagBuyBook" Caption="Knihy účtu - nákup" FieldType="Grid" SelectorType="Path" Selector="bagBuyBook" Occupation="Block">
      <DetailsButton IsVisible="True" Form="egeBook" UnionTransaction="True" />
      <SelectButton IsVisible="True" Form="eggBook" UnionTransaction="True" Mode="Multi" />
      <NewButton IsVisible="False" UnionTransaction="True" />
      <Params>
        <Param Name="Columns">
          <Param Name="Název">
            <Param Name="Field">Caption</Param>
          </Param>
        </Param>
        <Param Name="SelectionMode">None</Param>
        <Param Name="DeleteMode">Multi</Param>
      </Params>
    </Field>
  </FieldSection>
  <FieldSection Name="SalePortfolios" Caption="Portfolia - prodej" Collapsed="true">
    <Columns />
    <Field Name="bagSalePortfolio" Caption="Portfolia účtu - prodej" FieldType="Grid" SelectorType="Path" Selector="bagSalePortfolio" Occupation="Block">
      <DetailsButton IsVisible="True" Form="egePortfolio" UnionTransaction="True" />
      <SelectButton IsVisible="True" Form="eggPortfolio" UnionTransaction="True" Mode="Multi" />
      <NewButton IsVisible="False" UnionTransaction="True" />
      <Params>
        <Param Name="Columns">
          <Param Name="Název">
            <Param Name="Field">Caption</Param>
          </Param>
        </Param>
        <Param Name="SelectionMode">None</Param>
        <Param Name="DeleteMode">Multi</Param>
      </Params>
    </Field>
  </FieldSection>
  <FieldSection Name="SaleBooks" Caption="Knihy - prodej" Collapsed="true">
    <Columns />
    <Field Name="bagSaleBook" Caption="Knihy účtu - prodej" FieldType="Grid" SelectorType="Path" Selector="bagSaleBook" Occupation="Block">
      <DetailsButton IsVisible="True" Form="egeBook" UnionTransaction="True" />
      <SelectButton IsVisible="True" Form="eggBook" UnionTransaction="True" Mode="Multi" />
      <NewButton IsVisible="False" UnionTransaction="True" />
      <Params>
        <Param Name="Columns">
          <Param Name="Název">
            <Param Name="Field">Caption</Param>
          </Param>
        </Param>
        <Param Name="SelectionMode">None</Param>
        <Param Name="DeleteMode">Multi</Param>
      </Params>
    </Field>
  </FieldSection>
</Form>