﻿<?xml version="1.0" encoding="utf-8"?>
<Form Type="Entity" EntityType="Enif.EDA.ETRM.Entities.AgreementStorage,EnifETRMCommon" ProgId="Enif.EDA.ETRM.Gui.Behaviors.egeAgreementStorage,EnifETRMGui" IsReadOnly="{IsReadOnly}&#x9;Exp;bool IsReadOnly=!RoleExp(&quot;Admin or ETRM_MDM_SSO_Contract_Settings&quot;)" Scale="40%" Caption="Zásobníková smlouva">
  <Params>
    <Param Name="PropagatedParams">
      <Param Name="BalanceZoneId" Value="1=1" />
    </Param>
  </Params>
  <FieldSection Name="StorageAgg" Caption="Zásobníková smlouva">
    <Field Name="Id" Caption="ID" Selector="Id" SelectorType="Path" FieldType="Text" IsReadOnly="True" />
    <Field Name="MarketUnit" Caption="Obchodní jednotka" FieldType="EnumField" SelectorType="Path" Selector="MarketUnit" IsRequired="True" Occupation="Line" ToolTip="Výběr obchodní jednotky">
      <Params>
        <Param Name="HQL">select MU, MU.Subject.Company.Name from MarketUnit MU where MU.Active=true order by MU.Subject.Company.Name</Param>
      </Params>
    </Field>
    <Field Name="Subject" Caption="Vlastník" FieldType="EnumField" SelectorType="Path" Selector="Subject" IsRequired="true" Occupation="Line">
      <Params>
        <Param Name="HQL">SELECT S, S.Company.Name FROM Subject S where S.Active</Param>
      </Params>
    </Field>
    <Field Name="BalanceZone" Caption="Bilanční zóna" FieldType="EnumField" SelectorType="Path" Dependents="StorageUnitId,BalanceZoneId,BalanceZoneSampleKey,BalanceZoneTimeZoneKey" Selector="BalanceZone" IsRequired="true" Occupation="Line">
      <Params>
        <Param Name="HQL">SELECT B, B.Caption FROM BalanceZone B where B.BalanceZoneType.Key like 'Storage' AND B.Active=True</Param>
      </Params>
    </Field>
    <Field Name="Caption" Caption="Název" Selector="Caption" IsRequired="true" SelectorType="Path" FieldType="Text" />
    <Field Name="ValidFrom" Caption="Platnost od" IsRequired="true" Selector="ValidFrom" SelectorType="Path" FieldType="Date" />
    <Field Name="ValidToInc" Caption="Platnost do" IsRequired="true" Selector="ValidToInc" SelectorType="Path" FieldType="Date" />

  </FieldSection>
  <FieldSection Name="Description" Collapsed="true" Caption="Popis">
    <Field Name="Description" Caption="Popis" Selector="Description" SelectorType="Path" FieldType="Text" Occupation="Block"/>
  </FieldSection>
  <FieldSection Name="Units" Caption="Jednotky">
    <!--Id bilanční zony pro filtr na eggGridPoint-->
    <Field Name="BalanceZoneId" Caption="Jednotka bilanční zóny" Selector="BalanceZone.Id" SelectorType="Path" FieldType="Text" IsReadOnly="True" IsVisible="False" />
    <!--Id jednotky bilanční zóny pouze pomocný field pro filtr v gui není vidět -->
    <Field Name="StorageUnitId" Caption="Jednotka bilanční zóny" Selector="BalanceZone.Unit.Id" SelectorType="Path" FieldType="Text" IsReadOnly="True" IsVisible="False" />
    <!--Key samplu Bilanční zóny pro filtr-->
    <Field Name="BalanceZoneSampleKey" Caption="Jednotka bilanční zóny" Selector="BalanceZone.Sample.Key" SelectorType="Path" FieldType="Text" IsReadOnly="True" IsVisible="False" />
    <!--Key time zone Bilanční zóny pro filtr-->
    <Field Name="BalanceZoneTimeZoneKey" Caption="Jednotka bilanční zóny" Selector="BalanceZone.TTimeZone.Key" SelectorType="Path" FieldType="Text" IsReadOnly="True" IsVisible="False" />

    <Field Name="StorageUnit" Caption="Jednotka zásobníku" Selector="BalanceZone.Unit.ShortCaption" SelectorType="Path" FieldType="Text" IsReadOnly="True" />
    <Field Name="AgreementUnit" Caption="Jednotka smlouvy" FieldType="EnumField" SelectorType="Path" Dependents="AgreementUnitId,StorageConversion,CapacityConvers" Selector="AgreementUnit" IsRequired="true" Occupation="Line" >
      <Params>
        <Param Name="HQL">SELECT U, U.ShortCaption FROM UnitETrade U WHERE U.SSOContract=1 </Param>
      </Params>
    </Field>
    <!--Id AgreementUnit pro filtr-->
    <Field Name="AgreementUnitId" Caption="Jednotka zásobníkové smlouvy" Selector="AgreementUnit.Id" SelectorType="Path" FieldType="Text" IsReadOnly="True" IsVisible="False" />

    <Field Name="CapacityUnit" Caption="Jednotka kapacit" FieldType="EnumField" SelectorType="Path" Dependents="CapacityUnitId,StorageConversion,CapacityConvers" Selector="CapacityUnit" IsRequired="true" Occupation="Line">
      <Params>
        <Param Name="HQL">SELECT U, U.ShortCaption FROM UnitETrade U WHERE U.SSOCapacity=1 </Param>
      </Params>
    </Field>
    <!--Id CapacityUnit pro filtr-->
    <Field Name="CapacityUnitId" Caption="Jednotka bilanční zóny" Selector="CapacityUnit.Id" SelectorType="Path" FieldType="Text" IsReadOnly="True" IsVisible="False" />
    <Field Name="StorageConversion" Caption="Přepočet smlouvy na zásobník" FieldType="EnumField"  SelectorType="Path" Selector="ConversionSerieSto" IsRequired="true" Occupation="Line">
      <Params>
        <Param Name="HQL">SELECT C, C.Caption FROM ConversionSerie C where C.SourceUnit.Id={AgreementUnitId} and C.TargetUnit.Id={StorageUnitId} and C.Sample.Key={BalanceZoneSampleKey} and C.TimeZone.Key={BalanceZoneTimeZoneKey} </Param>
      </Params>
    </Field>
    <Field Name="CapacityConvers" Caption="Přepočet kapacit na smlouvu" FieldType="EnumField" Dependents="TUnitStorage,TUnitCapacity" SelectorType="Path" Selector="ConversionSerieCap" IsRequired="true" Occupation="Line">
      <Params>
        <Param Name="HQL">SELECT C, C.Caption FROM ConversionSerie C where C.SourceUnit.Id={CapacityUnitId} and C.TargetUnit.Id={AgreementUnitId} and C.Sample.Key={BalanceZoneSampleKey} and C.TimeZone.Key={BalanceZoneTimeZoneKey}</Param>
      </Params>
    </Field>
  </FieldSection>
  <!-- bagAgreementGridPoint.Where(a => a.GridPoint.Grid.BalanceZoneFK == {BalanceZone}.Id) -->
  <FieldSection Name="bagAgreementGridPoint" Caption="Body">
    <Field Name="bagAgreementGridPoint" FieldType="Grid" Caption="Body" SelectorType="Path" Occupation="Block" Selector="bagAgreementGridPoint">
      <!--<DetailsButton IsVisible="True" Form="egeGridPoint" Selector="GridPoint" SelectorType="Path" UnionTransaction="True" />-->
      <SelectButton IsVisible="True" Form="eggGridPoint"  UnionTransaction="True" Mode="Multi">
      </SelectButton>
      <!--<NewButton IsVisible="True" Form="egeGridPoint" UnionTransaction="True" />      -->
      <Params>
        <Param Name="DeleteButton">
          <Param Name="RightsAdapters">
            <Param Name="Enif.EDA.ETRM.Validators.AgreementStorageDeleteValidator,EnifETRMCommon"/>
          </Param>
          <Param Name="EntityDelegates">
            <Param Name="Destroy_Complete"/>
          </Param>
        </Param>
        <Param Name="BagItemProgId">Enif.EDA.ETRM.Entities.AgreementGridPoint,EnifETRMCommon</Param>
        <Param Name="RefValue">GridPoint</Param>
        <Param Name="RefId">GridPointFK</Param>
        <Param Name="FKValue">AgreementStorage</Param>
        <Param Name="DeleteMode">Multi</Param>
        <Param Name="FKId">AgreementFK</Param>
        <Param Name="BagItemRefValue">GridPoint</Param>
        <Param Name="DeleteOnRemove">True</Param>
        <Param Name="Columns">
          <Param Name="Název">
            <Param Name="Field">GridPoint.Caption</Param>
            <Param Name="DataType">String</Param>
            <Param Name="Alignment">Left</Param>
          </Param>
          <Param Name="Typ">
            <Param Name="Field">GridPoint.GridPointType.Caption</Param>
            <Param Name="DataType">String</Param>
            <Param Name="Alignment">Left</Param>
          </Param>
        </Param>
      </Params>
    </Field>
  </FieldSection>
  <FieldSection Name="shippercodes" Caption="Shipper kódy">
    <Field Name="bagShippers" FieldType="Grid" Caption="Shipper kódy" Selector="bagAgreementShipper" SelectorType="Path" Occupation="Block">
      <DetailsButton IsVisible="True" Form="egeAgreementShipper" UnionTransaction="True" />
      <!--<SelectButton IsVisible="True" Form="eggGridPoint"  UnionTransaction="True" Mode="Multi" />-->
      <NewButton IsVisible="True" Form="egeAgreementShipper" UnionTransaction="True" />
      <Params>
        <Param Name="DeleteButton">
          <Param Name="RightsAdapters">
            <Param Name="Enif.EDA.ETRM.Validators.AgreementStorageDeleteValidator,EnifETRMCommon"/>
          </Param>
          <Param Name="EntityDelegates">
            <Param Name="Destroy_Complete"/>
          </Param>
        </Param>
        <Param Name="DeleteMode">Multi</Param>
        <Param Name="DeleteOnRemove">True</Param>
        <Param Name="Columns">
          <Param Name="Kód">
            <Param Name="Field">SubjectIdentifier.IdentifierValue</Param>
            <Param Name="DataType">String</Param>
            <Param Name="Width">100*</Param>
            <Param Name="Alignment">Left</Param>
          </Param>
          <Param Name="Platnost od">
            <Param Name="Field">ValidFrom</Param>
            <Param Name="Width">100*</Param>
            <Param Name="Format">{0:d}</Param>
            <Param Name="Alignment">Right</Param>
          </Param>
          <Param Name="Platnost do">
            <Param Name="Field">ValidToInc</Param>
            <Param Name="Width">100*</Param>
            <Param Name="Format">{0:d}</Param>
            <Param Name="Alignment">Right</Param>
          </Param>
        </Param>
      </Params>
    </Field>
  </FieldSection>
  <FieldSection Name="bagAgreementCapacity" Caption="Kapacitní smlouvy V/T">
    <Field Name="bagCapacityAgreements" FieldType="Grid" Caption="Kapacitní smlouvy" Selector="bagAgreementCapacity" SelectorType="Path" Occupation="Block">
      <DetailsButton IsVisible="True" Form="egeAgreementCapacity"  UnionTransaction="True" />
      <!--<SelectButton IsVisible="False" Form="eggAgreementCapacity"  UnionTransaction="True" Mode="Multi" />-->
      <NewButton IsVisible="True" Form="egeAgreementCapacity" UnionTransaction="True" />
      <Params>
        <Param Name="DeleteButton">
          <Param Name="RightsAdapters">
            <Param Name="Enif.EDA.ETRM.Validators.AgreementStorageDeleteValidator,EnifETRMCommon"/>
          </Param>
          <Param Name="EntityDelegates">
            <Param Name="Destroy_Complete"/>
          </Param>
        </Param>
        <Param Name="DeleteMode">Multi</Param>
        <Param Name="DeleteOnRemove">True</Param>
        <Param Name="Columns">
          <Param Name="Název">
            <Param Name="Field">Caption</Param>
            <Param Name="DataType">String</Param>
            <Param Name="Alignment">Left</Param>
          </Param>
          <Param Name="Bod">
            <Param Name="Field">GridPoint.Caption</Param>
            <Param Name="DataType">String</Param>
            <Param Name="Alignment">Left</Param>
          </Param>
          <Param Name="Subkomodita">
            <Param Name="Field">CommodityETrade.Caption</Param>
            <Param Name="DataType">String</Param>
            <Param Name="Alignment">Left</Param>
          </Param>
          <Param Name="Shipper">
            <Param Name="Field">SubjectIdentifier.IdentifierValue</Param>
            <Param Name="DataType">String</Param>
            <Param Name="Alignment">Left</Param>
          </Param>
        </Param>
      </Params>
    </Field>
  </FieldSection>
</Form>