﻿<?xml version="1.0" encoding="utf-8"?>
<Form Type="Entity" EntityType="Enif.EDA.ETRM.Entities.Agreement,EnifETRMCommon" ProgId="Enif.EDA.ETRM.Gui.Behaviors.egeAgreement,EnifETRMGui" Caption="Rámcová smlouva">
  <Params>
    <Param Name="EntityDelegates">
      <Param Name="Create_Base" />
    </Param>
    <Param Name="VariablesBinding">
      <Param Name="MUComId" Value="{IdMU}" />
    </Param>
  </Params>
  <FieldSection Name="Info" Caption="Detail">
    <Field Name="SysID" Caption="Systémové ID smlouvy" FieldType="Integer" SelectorType="Path" Selector="Id" Occupation="Line" IsReadOnly="True"/>
    <Field Name="Code" Caption="ID smlouvy" FieldType="Text" SelectorType="Path" Selector="Code" Occupation="Line" IsRequired="True"
            IsReadOnly="{IsReadOnly}&#x9;Exp;bool IsReadOnly=!(RoleExp(&quot;ETRM_MDM_MarketParty_Contracts_Settings&quot;))" IsReadOnlyOverride="{IsReadOnlyOverride}&#x9;Exp;bool IsReadOnlyOverride=(RoleExp(&quot;ETRM_MDM_MarketParty_Contracts_Settings&quot;))" />
    <Field Name="Caption" Caption="Název" SelectorType="Path" Selector="Caption" FieldType="Text" IsRequired="True"
            IsReadOnly="{IsReadOnly}&#x9;Exp;bool IsReadOnly=!(RoleExp(&quot;ETRM_MDM_MarketParty_Contracts_Settings&quot;))" IsReadOnlyOverride="{IsReadOnlyOverride}&#x9;Exp;bool IsReadOnlyOverride=(RoleExp(&quot;ETRM_MDM_MarketParty_Contracts_Settings&quot;))" />
    <Field Name="AgreementParty" Caption="Protistrana" Selector="AgreementParty.Subject.Company.Name" SelectorType="Path" FieldType="Text" IsRequired="False" IsReadOnly="True" />
    <Field Name="AgreementPartySubject" Caption="FakeField" Selector="AgreementParty.Subject" SelectorType="Path" FieldType="Entity" IsRequired="False" IsVisible="False" IsReadOnly="True" />
    <Field Name="MarketUnit" Caption="Obchodní jednotka" FieldType="EnumField" Default="SELECT MU, MU.Subject.Company.Name from MarketUnit where MU.Id={MUComId}" SelectorType="Path" Selector="MarketUnit" IsRequired="True" Occupation="Line" ToolTip="Výběr obchodní jednotky"
            IsReadOnly="{IsReadOnly}&#x9;Exp;bool IsReadOnly=!(RoleExp(&quot;ETRM_MDM_MarketParty_Contracts_Settings&quot;))" IsReadOnlyOverride="{IsReadOnlyOverride}&#x9;Exp;bool IsReadOnlyOverride=(RoleExp(&quot;ETRM_MDM_MarketParty_Contracts_Settings&quot;))">
      <Params>
        <Param Name="HQL">select MU, MU.Subject.Company.Name from MarketUnit MU where MU.Active=true order by MU.Subject.Company.Name</Param>
      </Params>
    </Field>
    <!-- Plnené z behavior, pretože HQL sa nepozeralo do cache -->
    <Field Name="Commodity" Caption="Komodita" FieldType="EnumField" SelectorType="Path" Selector="CommodityETrade" IsRequired="True" Occupation="Line"
            IsReadOnly="{IsReadOnly}&#x9;Exp;bool IsReadOnly=!(RoleExp(&quot;ETRM_MDM_MarketParty_Contracts_Settings&quot;))" IsReadOnlyOverride="{IsReadOnlyOverride}&#x9;Exp;bool IsReadOnlyOverride=(RoleExp(&quot;ETRM_MDM_MarketParty_Contracts_Settings&quot;))">
      <Params>
        <Param Name="HQL">select c, c.Caption from CommodityETrade c</Param>
      </Params>
    </Field>
    <Field Name="DateConclude" Caption="Datum uzavření smlouvy" FieldType="DateTime" SelectorType="Path" Selector="DateConclude" Occupation="Line" IsRequired="true"
						IsReadOnly="{IsReadOnly}&#x9;Exp;bool IsReadOnly=!(RoleExp(&quot;ETRM_MDM_MarketParty_Contracts_Settings&quot;))" IsReadOnlyOverride="{IsReadOnlyOverride}&#x9;Exp;bool IsReadOnlyOverride=(RoleExp(&quot;ETRM_MDM_MarketParty_Contracts_Settings&quot;))">
      <Params>
        <Param Name="Mode">Date</Param>
        <Param Name="CalendarButtons">
          <Param Name="Neomezené">[ -inf]</Param>
        </Param>
      </Params>
    </Field>
    <Field Name="ValidFrom" Caption="Platnost smlouvy od" FieldType="DateTime" SelectorType="Path" Selector="ValidFrom" Occupation="Line" IsRequired="true"
						IsReadOnly="{IsReadOnly}&#x9;Exp;bool IsReadOnly=!(RoleExp(&quot;ETRM_MDM_MarketParty_Contracts_Settings&quot;))" IsReadOnlyOverride="{IsReadOnlyOverride}&#x9;Exp;bool IsReadOnlyOverride=(RoleExp(&quot;ETRM_MDM_MarketParty_Contracts_Settings&quot;))">
      <Params>
        <Param Name="Mode">Date</Param>
        <Param Name="CalendarButtons">
          <Param Name="Neomezené">[ -inf]</Param>
        </Param>
      </Params>
    </Field>
    <Field Name="ValidToInc" Caption="Platnost smlouvy do" FieldType="DateTime" SelectorType="Path" Selector="ValidToInc" IsRequired="true" Occupation="Line"
						IsReadOnly="{IsReadOnly}&#x9;Exp;bool IsReadOnly=!(RoleExp(&quot;ETRM_MDM_MarketParty_Contracts_Settings&quot;))" IsReadOnlyOverride="{IsReadOnlyOverride}&#x9;Exp;bool IsReadOnlyOverride=(RoleExp(&quot;ETRM_MDM_MarketParty_Contracts_Settings&quot;))">
      <Params>
        <Param Name="Mode">Date</Param>
        <Param Name="CalendarButtons">
          <Param Name="Neomezené">[ +inf]</Param>
        </Param>
      </Params>
    </Field>
    <Field Name="DefaultForCommodity" Caption="Výchozí smlouva pro komoditu" FieldType="BoolField" SelectorType="Path" Selector="DefaultForCommodity" IsRequired="True" Occupation="Line" Default="true"
						IsReadOnly="{IsReadOnly}&#x9;Exp;bool IsReadOnly=!(RoleExp(&quot;ETRM_MDM_MarketParty_Contracts_Settings&quot;))" IsReadOnlyOverride="{IsReadOnlyOverride}&#x9;Exp;bool IsReadOnlyOverride=(RoleExp(&quot;ETRM_MDM_MarketParty_Contracts_Settings&quot;))" />
    <Field Name="DefaultTemplate" Caption="Šablona konfirmace" FieldType="EnumField" SelectorType="Path" Selector="MU_ConfTemplate" ToolTip="Implicitní šablona konfirmací obchodů vzniklých na základě této smlouvy" IsRequired="False" IsReactive="True" Occupation="Line" IsBinded="False" IsVisible="True" IsReadOnly="False">
      <Params>
        <Param Name="HQL">SELECT DT, DT.ConfTemplate.Name from MU_ConfTemplate DT where DT.MarketUnit={MarketUnit}</Param>
        <Param Name="EmptyValue">Nezadáno</Param>
      </Params>
    </Field>
    <Field Name="Issuer" Caption="Režim konfirmace" FieldType="EnumField" SelectorType="Path" Selector="TConfIssuer" ToolTip="Vystavitel konfirmace" IsRequired="False" IsReactive="True" Occupation="Line" IsBinded="True" IsVisible="True" IsReadOnly="False">
      <Params>
        <Param Name="HQL">SELECT CI, CI.Caption from TConfIssuer CI</Param>
        <Param Name="EmptyValue">Nezadáno</Param>
      </Params>
    </Field>
 </FieldSection>
  <FieldSection Name="Description" Caption="Popis" Collapsed="true">
    <Field Name="Description" Caption="Popis" FieldType="Text" SelectorType="Path" Selector="Description" ToolTip="Popis produktu" Occupation="CaptionBlock"
            IsReadOnly="{IsReadOnly}&#x9;Exp;bool IsReadOnly=!(RoleExp(&quot;ETRM_MDM_MarketParty_Contracts_Settings&quot;))" IsReadOnlyOverride="{IsReadOnlyOverride}&#x9;Exp;bool IsReadOnlyOverride=(RoleExp(&quot;ETRM_MDM_MarketParty_Contracts_Settings&quot;))" >
      <Params>
        <Param Name="Multiline">True</Param>
        <Param Name="TextWrapping">Wrap</Param>
      </Params>
    </Field>
  </FieldSection>
  <FieldSection Caption="Přílohy">
    <Field Name="AgreementDocuments" Caption="Přílohy" FieldType="Grid" SelectorType="Path" Selector="bagAgreementDocument" Occupation="Block"
            IsReadOnly="{IsReadOnly}&#x9;Exp;bool IsReadOnly=!(RoleExp(&quot;ETRM_MDM_MarketParty_Contracts_Settings&quot;))" IsReadOnlyOverride="{IsReadOnlyOverride}&#x9;Exp;bool IsReadOnlyOverride=(RoleExp(&quot;ETRM_MDM_MarketParty_Contracts_Settings&quot;))">
      <DetailsButton UnionTransaction="True" IsVisible="False" />
      <SelectButton UnionTransaction="True" IsVisible="False" />
      <NewButton IsVisible="False" UnionTransaction="True" />
      <Params>
        <Param Name="Buttons">
          <Param Name="btnAggDocOpen" Value="Otevřít">
            <Param Name="IsVisible" Value="{Value}&#x9;Exp;bool Value=(RoleExp(&quot;ETRM_MDM_MarketParty_Contracts_Settings&quot;))" />
          </Param>
          <Param Name="btnAggDocDownload" Value="Stáhnout">
            <Param Name="IsVisible" Value="{Value}&#x9;Exp;bool Value=(RoleExp(&quot;ETRM_MDM_MarketParty_Contracts_Settings&quot;))" />
          </Param>
          <Param Name="btnAggDocAdd" Value="Přidat">
            <Param Name="IsVisible" Value="{Value}&#x9;Exp;bool Value=(RoleExp(&quot;ETRM_MDM_MarketParty_Contracts_Settings&quot;))" />
          </Param>
        </Param>
        <Param Name="Order">Document.Name</Param>
        <Param Name="DeleteMode">Multi</Param>
        <Param Name="DeleteButton">
          <Param Name="EntityDelegates">
            <Param Name="Destroy_With_Dependencies"></Param>
          </Param>
        </Param>
        <Param Name="Columns">
          <Param Name="Název">
            <Param Name="Field">Document.Name</Param>
            <Param Name="Width">150</Param>
          </Param>
          <Param Name="Typ">
            <Param Name="Field">Document.TFileFormat.Caption</Param>
            <Param Name="DataType">String</Param>
            <Param Name="Width">100</Param>
          </Param>
          <Param Name="Vloženo">
            <Param Name="Field">Timestamp</Param>
            <Param Name="Width">100*</Param>
            <Param Name="Format">{0:d}</Param>
            <Param Name="Alignment">Right</Param>
          </Param>
          <Param Name="Uživatel">
            <Param Name="Field">User.Name</Param>
            <Param Name="DataType">String</Param>
            <Param Name="Width">100</Param>
          </Param>
        </Param>
      </Params>
    </Field>
  </FieldSection>
</Form>