﻿<?xml version="1.0" encoding="utf-8"?>
<Form Type="Entity" Caption="Bilanční zóna" WindowCaption="Bilanční zóna" ProgId="EGCore.EGBaseBehavior,EGCore" EntityType="Enif.EDA.ETRM.Entities.BalanceZone,EnifETRMCommon">
  <FieldSection Name="Default" Caption="Detail" Columns="1">
    <Columns />
    <Field Name="Active" Caption="Aktivní" FieldType="BoolField" SelectorType="Path" Selector="Active" IsRequired="true" Occupation="Line" Default="true" />
    <Field Name="Key" Caption="Klíč" FieldType="Text" SelectorType="Path" Selector="Key" IsRequired="True" Occupation="Line" />
    <Field Name="Caption" Caption="Název" FieldType="Text" SelectorType="Path" Selector="Caption" IsRequired="True" Occupation="Line" />
    <Field Name="BalanceZoneType" Caption="Typ bilanční zóny" FieldType="EnumField" SelectorType="Path" Selector="BalanceZoneType" IsRequired="true" Occupation="Line">
      <Params>
        <Param Name="HQL">SELECT T, T.Caption FROM BalanceZoneType T</Param>
      </Params>
    </Field>
    <Field Name="BalanceZoneGroup" Caption="Skupina zón" FieldType="Entity" SelectorType="Path" Selector="BalanceZoneGroup" IsRequired="True" Occupation="Line">
      <DetailsButton IsVisible="False" Form="egeBalanceZoneGroup" UnionTransaction="True" Target="@Window" />
      <SelectButton IsVisible="True" Form="eggBalanceZoneGroup" UnionTransaction="True" Target="@Window" Mode="Single" />
      <Params>
        <Param Name="Format">{Name}</Param>
        <Param Name="Arguments">
          <Param Name="Path;Caption as Name" />
        </Param>
        <Param Name="FK">BalanceZoneGroupFK</Param>
      </Params>
    </Field>
    <Field Name="Sample" Caption="Perioda vyhodnocování odch." FieldType="EnumField" SelectorType="Path" Selector="Sample" IsRequired="True" Occupation="Line">
      <Params>
        <Param Name="HQL">SELECT T, T.Caption FROM TSample T</Param>
      </Params>
    </Field>
    <Field Name="ExternalId" Caption="Externí ID" FieldType="Text" SelectorType="Path" Selector="ExternalId" Occupation="Line" />
  </FieldSection>
  <FieldSection Name="Description" Caption="Popis">
    <Field Name="Description" Caption="Popis" FieldType="Text" SelectorType="Path" Selector="Description" ToolTip="Popis bilanční zóny" Occupation="CaptionBlock">
      <Params>
        <Param Name="Multiline">True</Param>
        <Param Name="TextWrapping">Wrap</Param>
      </Params>
    </Field>
  </FieldSection>
  <FieldSection Name="Grids" Caption="Sítě">
    <Columns />
    <Field Name="bagGridETrade" Caption="Sítě" FieldType="Grid" SelectorType="Path" Selector="bagGridETrade" IsReadOnly="False" Occupation="Block">
      <DetailsButton IsVisible="True" Form="egeGridETrade" UnionTransaction="True" Target="@Window" />
      <SelectButton IsVisible="True" Form="eggGridETrade" UnionTransaction="True" Mode="Multi" />
      <NewButton IsVisible="True" Form="egeGridETrade" UnionTransaction="True" />
      <Params>
        <Param Name="Columns">
          <Param Name="Klíč">
            <Param Name="Field">Key</Param>
            <Param Name="DataType">String</Param>
            <Param Name="Alignment">Left</Param>
            <Param Name="Width">120</Param>
          </Param>
          <Param Name="Název">
            <Param Name="Field">Grid.Caption</Param>
          </Param>
          <Param Name="Časové pásmo">
            <Param Name="Field">TTimeZone.Caption</Param>
          </Param>
        </Param>
        <Param Name="DeleteMode">Multi</Param>
      </Params>
    </Field>
  </FieldSection>
  <FieldSection Name="MarketUnits" Caption="Obchodní jednotky">
    <Columns />
    <Field Name="bagMUBZ" Caption="Obchodní jednotky působící v zóně" FieldType="Grid" SelectorType="Path" Selector="bagMUBZ" IsReadOnly="false" Occupation="Block">
      <DetailsButton IsVisible="True" Form="egeMarketUnit" Selector="MarketUnit" SelectorType="Path" UnionTransaction="True" Target="@Window" />
      <SelectButton IsVisible="True" Form="eggMarketUnit" UnionTransaction="True" Mode="Multi" />
      <NewButton IsVisible="False" UnionTransaction="True" />
      <Params>
        <Param Name="Columns">
          <Param Name="Obchodní jednotka">
            <Param Name="Field">MarketUnit.Subject.Company.Name</Param>
            <Param Name="DataType">String</Param>
            <Param Name="Alignment">Left</Param>
          </Param>
        </Param>
        <Param Name="BagItemProgId">Enif.EDA.ETRM.Entities.MU_BZ,EnifETRMCommon</Param>
        <Param Name="BagItemRefValue">MarketUnit</Param>
        <Param Name="DeleteMode">Multi</Param>
      </Params>
    </Field>
  </FieldSection>
</Form>