﻿<?xml version="1.0" encoding="utf-8"?>
<Form Type="Entity" Caption="Pravidlo autom.uzavírání knih" WindowCaption="Pravidlo autom.uzavírání knih" ProgId="EGCore.EGBaseBehavior,EGCore" EntityType="Enif.EDA.ETRM.Entities.BookClosureRule,EnifETRMCommon" IsReadOnly="False" Scale="1" ValidationLevel="0">
  <Params>
    <Param Name="PropagatedParams">
      <Param Name="SourceBookId" Value="" />
      <Param Name="SourceMarketUnitId" Value="" />
      <Param Name="CommodityId" Value="" />
    </Param>
  </Params>
  <FieldSection Name="Detail" Caption="Detail" Columns="1">
    <Columns />
    <!--Params fields-->
    <Field Name="SourceBookId" Caption="Pom1" FieldType="Integer" SelectorType="Path" Selector="SourceBook.Id" IsReadOnly="true" IsRequired="false" Occupation="Line" IsVisible="false" />
    <Field Name="SourceMarketUnitId" Caption="Pom2" FieldType="Integer" SelectorType="Path" Selector="SourceBook.Portfolio.MarketUnit.Id" IsReadOnly="true" IsRequired="false" Occupation="Line" IsVisible="false" />
    <Field Name="CommodityId" Caption="Pom3" FieldType="Integer" SelectorType="Path" Selector="Commodity.Id" IsReadOnly="true" IsRequired="false" Occupation="Line" IsVisible="false" />

    <Field Name="Id" Caption="ID" FieldType="Integer" SelectorType="Path" Selector="Id" IsReadOnly="true" IsRequired="false" Occupation="Line" />
    <Field Name="SourceBook" Caption="Zdrojová kniha" FieldType="EnumField" SelectorType="Path" Selector="SourceBook" IsRequired="True" Occupation="Line" ToolTip="Výběr zdrojové knihy"
            IsReadOnly="{IsReadOnly}&#x9;Exp;bool IsReadOnly=!(RoleExp(&quot;Admin or ETRM_MDM_Book_OpenClose&quot;))">
      <Params>
        <Param Name="HQL">select BO, BO.Caption || ' | ' || BO.Portfolio.MarketUnit.Subject.Company.Name from Book BO where BO.Active=true order by BO.Caption</Param>
        <!--<Param Name="HQL">select BO, BO.Caption || ' | ' || BO.Portfolio.MarketUnit.Subject.Company.Name from Book BO where BO.Id={SourceBookId} or (BO.Active=true and (not Exists(select BCR.Id from BookClosureRule BCR where (BCR.SourceBookFK=BO.Id))) and (not Exists(select BCR.Id from BookClosureRule BCR where (BCR.TargetBookFK=BO.Id)))) order by BO.Caption</Param>-->
      </Params>
    </Field>
    <Field Name="SourcePortfolio" Caption="Zdrojové portfolio" FieldType="Text" SelectorType="Path" Selector="SourceBook.Portfolio.Caption" IsVisible="true" IsEnabled="true" IsReadOnly="true" IsRequired="true" Occupation="Line" />
    <Field Name="BalanceZone" Caption="Bilanční zóna" FieldType="EnumField" SelectorType="Path" Selector="BalanceZone" IsRequired="True" Occupation="Line" ToolTip="Výběr bilanční zóny"
            IsReadOnly="{IsReadOnly}&#x9;Exp;bool IsReadOnly=!(RoleExp(&quot;Admin or ETRM_MDM_Book_OpenClose&quot;))">
      <Params>
        <Param Name="HQL">select BZ, BZ.Caption from BalanceZone BZ where BZ.Active=true order by BZ.Caption</Param>
      </Params>
    </Field>
    <Field Name="Commodity" Caption="Subkomodita" FieldType="EnumField" SelectorType="Path" Selector="Commodity" IsRequired="True" Occupation="Line" ToolTip="Výběr subkomodity"
            IsReadOnly="{IsReadOnly}&#x9;Exp;bool IsReadOnly=!(RoleExp(&quot;Admin or ETRM_MDM_Book_OpenClose&quot;))">
      <Params>
        <Param Name="HQL">select CE, CE.Caption from CommodityETrade CE where (CE.Active=true) and (CE.BaseCommodity != null) and (CE.BaseCommodity.Key='GAS') order by CE.Caption</Param>
      </Params>
    </Field>
    <!--<Field Name="Commodity" Caption="Subkomodita" FieldType="Entity" SelectorType="Path" Selector="Commodity" IsRequired="true" Occupation="Line">
      <DetailsButton IsVisible="False" UnionTransaction="True" />
      <SelectButton IsVisible="True" Form="eggCommodityETrade" UnionTransaction="True" />
      <NewButton IsVisible="False" UnionTransaction="True" />
      <Params>
        <Param Name="DeleteButton">True</Param>
        <Param Name="Format">{Caption}</Param>
        <Param Name="Arguments">
          <Param Name="Path;Caption as Caption"></Param>
        </Param>
      </Params>
    </Field>-->
    <Field Name="TargetBook" Caption="Cílová kniha" FieldType="EnumField" SelectorType="Path" Selector="TargetBook" IsRequired="True" Occupation="Line" ToolTip="Výběr cílové knihy"
            IsReadOnly="{IsReadOnly}&#x9;Exp;bool IsReadOnly=!(RoleExp(&quot;Admin or ETRM_MDM_Book_OpenClose&quot;))">
      <Params>
        <Param Name="HQL">select BO, BO.Caption || ' | ' || BO.Portfolio.MarketUnit.Subject.Company.Name from Book BO where BO.Active=true and BO.Portfolio.MarketUnitFK={SourceMarketUnitId} order by BO.Caption</Param>
      </Params>
    </Field>
    <Field Name="TargetPortfolio" Caption="Cílové portfolio" FieldType="Text" SelectorType="Path" Selector="TargetBook.Portfolio.Caption" IsVisible="true" IsEnabled="true" IsReadOnly="true" IsRequired="true" Occupation="Line" />
    <Field Name="IndexCurve" Caption="Cenová křivka" FieldType="EnumField" SelectorType="Path" Selector="PriceCurve" IsRequired="True" Occupation="Line" ToolTip="Výběr cenové křivky"
            IsReadOnly="{IsReadOnly}&#x9;Exp;bool IsReadOnly=!(RoleExp(&quot;Admin or ETRM_MDM_Book_OpenClose&quot;))">
      <Params>
        <Param Name="HQL">select IC, IC.Caption from IndexCurve IC where IC.Active=true order by IC.Caption</Param>
      </Params>
    </Field>
    <Field Name="ValidFrom" Caption="Platnost od" FieldType="DateTime" SelectorType="Path" Selector="ValidFrom" Occupation="Line" IsRequired="true"
						IsReadOnly="{IsReadOnly}&#x9;Exp;bool IsReadOnly=!(RoleExp(&quot;Admin or ETRM_MDM_Book_OpenClose&quot;))">
      <Params>
        <Param Name="Mode">Date</Param>
        <Param Name="CalendarButtons">
          <Param Name="Neomezené">[ -inf]</Param>
        </Param>
      </Params>
    </Field>
    <Field Name="ValidToEx" Caption="Platnost do" FieldType="DateTime" SelectorType="Path" Selector="ValidToEx" IsRequired="true" Occupation="Line"
						IsReadOnly="{IsReadOnly}&#x9;Exp;bool IsReadOnly=!(RoleExp(&quot;Admin or ETRM_MDM_Book_OpenClose&quot;))">
      <Params>
        <Param Name="Mode">Date</Param>
        <Param Name="CalendarButtons">
          <Param Name="Neomezené">[ +inf]</Param>
        </Param>
      </Params>
    </Field>
    <Field Name="DealTemplate" Caption="ID předpis obchodu" FieldType="Entity" SelectorType="Path" Selector="DealTemplate" IsRequired="false" Occupation="Line">
      <DetailsButton IsVisible="False" UnionTransaction="True" />
      <SelectButton IsVisible="True" Form="eggDeal_BookClosureRule" UnionTransaction="True" />
      <NewButton IsVisible="False" UnionTransaction="True" />
      <Params>
        <Param Name="DeleteButton">True</Param>
        <Param Name="Format">{Name}</Param>
        <Param Name="Arguments">
          <Param Name="Path;Name as Name"></Param>
        </Param>
        <Param Name="PropagatedParams">
          <Param Name="SourceMarketUnitId" Value="{SourceMarketUnitId}" />
          <Param Name="CommodityId" Value="{CommodityId}" />
        </Param>
      </Params>
    </Field>
  </FieldSection>
</Form>