﻿<?xml version="1.0" encoding="utf-8"?>
<Form Type="Entity" Caption="Kniha" WindowCaption="Kniha" ProgId="Enif.EDA.ETRM.Gui.Behaviors.egeBook,EnifETRMGui" EntityType="Enif.EDA.ETRM.Entities.Book,EnifETRMCommon" IsReadOnly="{IsReadOnly}&#x9;Exp;bool IsReadOnly=!RoleExp(&quot;Admin or ETRM_MDM_PortfolioBook_Settings&quot;)" Scale="1" ValidationLevel="0">
  <Params>
    <Param Name="PropagatedParams">
      <Param Name="OwnerForm" Value="" />
      <Param Name="PortfolioId" Value="" />
      <Param Name="BookId" Value="" />
      <Param Name="ParentBookId" Value="" />
      <Param Name="ParentFullPath" Value="" />
    </Param>
    <Param Name="VariablesBinding">
      <Param Name="OwnerForm" Value="{OwnerForm}" />
    </Param>
  </Params>
  <FieldSection Name="Detail" Caption="Detail" Columns="1">
    <Columns />
    <!--Params fields-->
    <Field Name="PortfolioId" Caption="Pom1" FieldType="Integer" SelectorType="Path" Selector="Portfolio.Id" IsReadOnly="true" IsRequired="false" Occupation="Line" IsVisible="false" />
    <Field Name="BookId" Caption="Pom2" FieldType="Integer" SelectorType="Path" Selector="Id" IsReadOnly="true" IsRequired="false" Occupation="Line" IsVisible="false" />
    <Field Name="ParentBookId" Caption="Pom2" FieldType="Integer" SelectorType="Path" Selector="ParentBook.Id" IsReadOnly="true" IsRequired="false" Occupation="Line" IsVisible="false" />
    <Field Name="ParentFullPath" Caption="Pom3" FieldType="Text" SelectorType="Path" Selector="ParentFullPath" IsReadOnly="true" IsRequired="false" Occupation="Line" IsVisible="false" />

    <Field Name="Id" Caption="ID knihy" FieldType="Integer" SelectorType="Path" Selector="Id" IsReadOnly="true" IsRequired="false" Occupation="Line" />
    <Field Name="Active" Caption="Aktivní" FieldType="BoolField" SelectorType="Path" Selector="Active" IsVisible="true" IsEnabled="true" IsRequired="true" Occupation="Line" ValidationLevel="0" Column="0" Colspan="1" Rowspan="1" Ratio="22:26" Default="True"
           IsReadOnly="{IsReadOnly}&#x9;Exp;bool IsReadOnly=!(RoleExp(&quot;Admin or ETRM_MDM_PortfolioBook_Settings &quot;))"/>
    <Field Name="Caption" Caption="Název" FieldType="Text" SelectorType="Path" Selector="Caption" IsRequired="true" Occupation="Line"
           IsReadOnly="{IsReadOnly}&#x9;Exp;bool IsReadOnly=!(RoleExp(&quot;Admin or ETRM_MDM_PortfolioBook_Settings &quot;))"/>
    <Field Name="ShortCaption" Caption="Zkratka" FieldType="Text" SelectorType="Path" Selector="ShortCaption" IsRequired="true" Occupation="Line"
           IsReadOnly="{IsReadOnly}&#x9;Exp;bool IsReadOnly=!(RoleExp(&quot;Admin or ETRM_MDM_PortfolioBook_Settings &quot;))"/>
    <Field Name="CumulativePosition" Caption="Kumulativní pozice" FieldType="BoolField" SelectorType="Path" Selector="CumulativePosition" IsVisible="true" IsEnabled="true" IsRequired="true" Occupation="Line" ValidationLevel="0" Column="0" Colspan="1" Rowspan="1" Ratio="22:26" Default="False"
           IsReadOnly="{IsReadOnly}&#x9;Exp;bool IsReadOnly=!(RoleExp(&quot;Admin or ETRM_MDM_PortfolioBook_Settings &quot;))"/>
    <!--eggBook-->
    <Field Name="Portfolio1" Caption="Portfolio" FieldType="EnumField" SelectorType="Path" Selector="Portfolio" IsRequired="True" Occupation="Line" ToolTip="Výběr portfolia"
            IsReadOnly="{IsReadOnly}&#x9;Exp;bool IsReadOnly=!(RoleExp(&quot;Admin or ETRM_MDM_PortfolioBook_Settings&quot;))"
            IsVisible="{IsVisible}&#x9;Exp;bool IsVisible=(OwnerForm == &quot;eggBook&quot;)">
      <Params>
        <Param Name="HQL">select PO, PO.Caption from Portfolio PO where PO.Active=true order by PO.Caption</Param>
      </Params>
    </Field>
    <!--egePortfolio or egeBook-->
    <Field Name="Portfolio2" Caption="Portfolio" FieldType="EnumField" SelectorType="Path" Selector="Portfolio" IsRequired="True" Occupation="Line" ToolTip="Výběr portfolia"
            IsReadOnly="true"
            IsVisible="{IsVisible}&#x9;Exp;bool IsVisible=((OwnerForm == &quot;egePortfolio&quot;) || (OwnerForm == &quot;egeBook&quot;))">
      <Params>
        <Param Name="HQL">select PO, PO.Caption from Portfolio PO where PO.Id={PortfolioId} order by PO.Caption</Param>
      </Params>
    </Field>
    <Field Name="MarketUnit" Caption="Obchodní jednotka" FieldType="Entity" SelectorType="Path" Selector="Portfolio.MarketUnit.Subject.Company" IsReadOnly="true" IsRequired="false" Occupation="Line" />
    <!--eggBook-->
    <Field Name="ParentBook1" Caption="Nadřazená kniha" FieldType="EnumField" SelectorType="Path" Selector="ParentBook" IsRequired="False" Occupation="Line" ToolTip="Výběr nadřazené knihy"
            IsReadOnly="{IsReadOnly}&#x9;Exp;bool IsReadOnly=!(RoleExp(&quot;Admin or ETRM_MDM_PortfolioBook_Settings&quot;))"
            IsVisible="{IsVisible}&#x9;Exp;bool IsVisible=(OwnerForm == &quot;eggBook&quot;)">
      <Params>
        <Param Name="HQL">select BO, BO.Caption from Book BO where (BO.Active=true) and (not(BO.Id={BookId})) order by BO.Caption</Param>
      </Params>
    </Field>
    <!--egePortfolio-->
    <Field Name="ParentBook2" Caption="Nadřazená kniha" FieldType="EnumField" SelectorType="Path" Selector="ParentBook" IsRequired="False" Occupation="Line" ToolTip="Výběr nadřazené knihy"
            IsReadOnly="{IsReadOnly}&#x9;Exp;bool IsReadOnly=!(RoleExp(&quot;Admin or ETRM_MDM_PortfolioBook_Settings&quot;))"
            IsVisible="{IsVisible}&#x9;Exp;bool IsVisible=(OwnerForm == &quot;egePortfolio&quot;)">
      <Params>
        <Param Name="HQL">select BO, BO.Caption from Book BO where (BO.Active=true) and (not(BO.Id={BookId})) and (BO.PortfolioFK={PortfolioId}) order by BO.Caption</Param>
      </Params>
    </Field>
    <!--egeBook-->
    <Field Name="ParentBook3" Caption="Nadřazená kniha" FieldType="EnumField" SelectorType="Path" Selector="ParentBook" IsRequired="False" Occupation="Line" ToolTip="Výběr nadřazené knihy"
            IsReadOnly="true"
            IsVisible="{IsVisible}&#x9;Exp;bool IsVisible=(OwnerForm == &quot;egeBook&quot;)">
      <Params>
        <Param Name="HQL">select BO, BO.Caption from Book BO where  (not(BO.Id={BookId})) and (BO.Id={ParentBookId}) order by BO.Caption</Param>
      </Params>
    </Field>
    <Field Name="FullPath" Caption="Cesta" FieldType="Text" SelectorType="Path" Selector="FullPath" IsReadOnly="true" IsRequired="false" Occupation="Line" />
  </FieldSection>
  <FieldSection Name="Description" Caption="Popis">
    <Field Name="Description" Caption="Popis" FieldType="Text" SelectorType="Path" Selector="Description" ToolTip="Popis knihy" Occupation="CaptionBlock">
      <Params>
        <Param Name="Multiline">True</Param>
        <Param Name="TextWrapping">Wrap</Param>
      </Params>
    </Field>
  </FieldSection>
  <FieldSection Name="Subcommodities" Caption="Subkomodity" Visibility="">
    <Field Name="BookCommodity" Caption="Subkomodity knihy" FieldType="Grid" SelectorType="Path" Selector="bagBookCommodity" Occupation="CaptionBlock">
      <DetailsButton IsVisible="True" Form="egeCommodityETrade" Selector="Commodity" SelectorType="Path" UnionTransaction="True" />
      <SelectButton IsVisible="True" Form="eggCommodityETradeBook" UnionTransaction="True" Mode="Multi" />
      <NewButton IsVisible="False" UnionTransaction="True" />
      <Params>
        <Param Name="BagItemProgId">Enif.EDA.ETRM.Entities.BookCommodity,EnifETRMCommon</Param>
        <Param Name="BagItemRefValue">Commodity</Param>
        <Param Name="RefValue">Commodity</Param>
        <Param Name="RefId">CommodityFK</Param>
        <Param Name="FKValue">Book</Param>
        <Param Name="FKId">BookFK</Param>
        <Param Name="SelectionMode">None</Param>
        <Param Name="DeleteMode">Multi</Param>
        <Param Name="DeleteOnRemove">True</Param>
        <Param Name="Order">Commodity.Caption</Param>
        <Param Name="Buttons">
          <Param Id="btnActivate" Uid="btnActivate" Name="btnActivate" Value="Aktivovat">
            <Param Name="Tooltip" Value="Aktivuje subkomoditu"/>
            <Param Name="IsVisible" Value="{IsVisible}&#x9;Exp;bool IsVisible=RoleExp(&quot;Admin or ETRM_MDM_PortfolioBook_Settings&quot;)"/>
          </Param>
          <Param Name="btnDeactivate" Value="Deaktivovat">
            <Param Name="Tooltip" Value="Deaktivuje subkomoditu"/>
            <Param Name="IsVisible" Value="{IsVisible}&#x9;Exp;bool IsVisible=RoleExp(&quot;Admin or ETRM_MDM_PortfolioBook_Settings&quot;)"/>
          </Param>
        </Param>
        <Param Name="DeleteButton">
          <Param Name="RightsAdapters">
            <Param Name="Enif.EDA.ETRM.Validators.BookCommodityDeleteValidator,EnifETRMCommon"/>
          </Param>
        </Param>
        <Param Name="Columns">
          <Param Name="Akt.">
            <Param Name="Field">Active</Param>
            <Param Name="DataType">Boolean</Param>
            <Param Name="Alignment">Center</Param>
            <Param Name="Width">40</Param>
          </Param>
          <Param Name="Subkomodita">
            <Param Name="Field">Commodity.Caption</Param>
            <Param Name="DataType">String</Param>
            <Param Name="Alignment">Left</Param>
          </Param>
        </Param>
      </Params>
    </Field>
  </FieldSection>
  <FieldSection Name="SubBooks" Caption="Podknihy" Tooltip="Podknihy" Collapsed="true">
    <Columns />
    <Field Name="bagChildrenBooks" Caption="Podknihy" FieldType="Grid" SelectorType="Path" Selector="bagChildrenBooks" IsReadOnly="False" IsRequired="False" Occupation="Block" Height="10" MaxHeight="99">
      <DetailsButton IsVisible="True" Form="egeBook" UnionTransaction="True" />
      <SelectButton IsVisible="True" Form="egeBook" UnionTransaction="True" Mode="Multi" />
      <NewButton IsVisible="False" UnionTransaction="True" />
      <Params>
        <Param Name="ValuesSet">SELECT B FROM Book B</Param>
        <Param Name="PrimaryKeyName">ID</Param>
        <Param Name="Order">Caption</Param>
        <Param Name="DeleteButton">
          <Param Name="RightsAdapters">
            <Param Name="Enif.EDA.ETRM.Validators.BookDeleteValidator,EnifETRMCommon"/>
          </Param>
          <Param Name="EntityDelegates">
            <Param Name="Destroy_Complete"/>
          </Param>
        </Param>
        <Param Name="Columns">
          <Param Name="Název">
            <Param Name="Field">Caption</Param>
            <Param Name="DataType">String</Param>
            <Param Name="Alignment">Left</Param>
            <Param Name="Width">1*</Param>
          </Param>
        </Param>
        <Param Name="DeleteMode">Multi</Param>
        <Param Name="DeleteOnRemove">True</Param>
        <Param Name="PropagatedParams">
          <Param Name="OwnerForm" Value="egeBook" />
        </Param>
      </Params>
    </Field>
  </FieldSection>
</Form>