﻿<?xml version="1.0" encoding="utf-8"?>
<Form Type="Entity" Caption="Skupina zón" WindowCaption="Skupina zón" ProgId="EGCore.EGBaseBehavior,EGCore" EntityType="Enif.EDA.ETRM.Entities.BalanceZoneGroup,EnifETRMCommon">
  <FieldSection Name="Default" Caption="Detail">
    <Columns />
    <Field Name="Active" Caption="Aktivní" FieldType="BoolField" SelectorType="Path" Selector="Active" IsRequired="true" Occupation="Line" Default="true" />
    <Field Name="Key" Caption="Klíč" FieldType="Text" SelectorType="Path" Selector="Key" IsRequired="True" Occupation="Line" />
    <Field Name="Caption" Caption="Název" FieldType="Text" SelectorType="Path" Selector="Caption" IsRequired="True" Occupation="Line" />
    <Field Name="Sample" Caption="Perioda vyhodnocování odch." FieldType="EnumField" SelectorType="Path" Selector="Sample" IsRequired="True" Occupation="Line">
      <Params>
        <Param Name="HQL">SELECT T, T.Caption FROM TSample T</Param>
      </Params>
    </Field>
    <Field Name="ExternalId" Caption="Externí ID" FieldType="Text" SelectorType="Path" Selector="ExternalId" Occupation="Line" />
  </FieldSection>
  <FieldSection Name="Description" Caption="Popis">
    <Field Name="Description" Caption="Popis" FieldType="Text" SelectorType="Path" Selector="Description" ToolTip="Popis skupiny" Occupation="CaptionBlock">
      <Params>
        <Param Name="Multiline">True</Param>
        <Param Name="TextWrapping">Wrap</Param>
      </Params>
    </Field>
  </FieldSection>
  <FieldSection Name="BalanceZones" Caption="Bilanční zóny">
    <Columns />
    <Field Name="bagBalanceZone" Caption="Bilanční zóny" FieldType="Grid" SelectorType="Path" Selector="bagBalanceZone" IsReadOnly="false" Occupation="Block">
      <DetailsButton IsVisible="True" Form="egeBalanceZone" UnionTransaction="True" Target="@Window" />
      <SelectButton IsVisible="True" Form="eggBalanceZone" UnionTransaction="True" Mode="Multi" />
      <NewButton IsVisible="True" Form="egeBalanceZone" UnionTransaction="True" />
      <Params>
        <Param Name="Columns">
          <Param Name="Název">
            <Param Name="Field">Caption</Param>
          </Param>
          <Param Name="Vzorek">
            <Param Name="Field">Sample.Caption</Param>
            <Param Name="DataType">String</Param>
            <Param Name="Alignment">Left</Param>
            <Param Name="Width">80</Param>
          </Param>
        </Param>
        <Param Name="DeleteMode">Multi</Param>
      </Params>
    </Field>
  </FieldSection>
  <FieldSection Name="MarketUnits" Caption="Obchodní jednotky">
    <Columns />
    <Field Name="bagMUBZG" Caption="Obchodní jednotky působící v nadzóně" FieldType="Grid" SelectorType="Path" Selector="bagMUBZG" IsReadOnly="false" Occupation="Block">
      <DetailsButton IsVisible="True" Form="egeMarketUnit" Selector="MarketUnit" SelectorType="Path" UnionTransaction="True" Target="@Window" />
      <SelectButton IsVisible="True" Form="eggMarketUnit" UnionTransaction="True" Mode="Multi" />
      <NewButton IsVisible="False" UnionTransaction="True" />
      <Params>
        <Param Name="Columns">
          <Param Name="Obchodní jednotka">
            <Param Name="Field">MarketUnit.Subject.Company.Name</Param>
          </Param>
        </Param>
        <Param Name="BagItemProgId">Enif.EDA.ETRM.Entities.MU_BZG,EnifETRMCommon</Param>
        <Param Name="BagItemRefValue">MarketUnit</Param>
        <Param Name="DeleteMode">Multi</Param>
      </Params>
    </Field>
  </FieldSection>
</Form>