﻿<?xml version="1.0" encoding="utf-8"?>
<Form Type="Entity" Caption="Tržní komodita" WindowCaption="Tržní komodita" ProgId="EGCore.EGBaseBehavior,EGCore" EntityType="Enif.EDA.ETRM.Entities.CommodityETrade,EnifETRMCommon" IsReadOnly="false">
  <FieldSection Name="Default" Caption="Detaily" Columns="1">
    <Columns />
    <Field Name="Active" Caption="Aktivní" FieldType="BoolField" SelectorType="Path" Selector="Active" IsVisible="true" IsEnabled="true" IsReadOnly="false" IsRequired="true" Occupation="Line" />
    <Field Name="Key" Caption="Klíč" FieldType="Text" SelectorType="Path" Selector="Key" IsVisible="true" IsEnabled="true" IsReadOnly="false" IsRequired="true" Occupation="Line" />
    <Field Name="Caption" Caption="Název" FieldType="Text" SelectorType="Path" Selector="Caption" IsVisible="true" IsEnabled="true" IsReadOnly="false" IsRequired="true" Occupation="Line" />
    <Field Name="BaseCommodity" Caption="Základní komodita" FieldType="Entity" SelectorType="Path" Selector="BaseCommodity" IsRequired="false" Occupation="Line">
      <DetailsButton IsVisible="False" UnionTransaction="True" />
      <SelectButton IsVisible="True" Form="eggCommodityETrade" UnionTransaction="True" />
      <NewButton IsVisible="False" UnionTransaction="True" />
      <Params>
        <Param Name="DeleteButton">True</Param>
        <Param Name="Format">{Caption}</Param>
        <Param Name="Arguments">
          <Param Name="Path;Caption as Caption"></Param>
        </Param>
      </Params>
    </Field>
    <Field Name="ExtendsCommodity" Caption="Rozšiřuje std. komoditu" FieldType="Entity" SelectorType="Path" Selector="ExtendsCommodity" IsRequired="false" Occupation="Line">
      <DetailsButton IsVisible="False" UnionTransaction="True" />
      <SelectButton IsVisible="True" Form="eggTCommodity" UnionTransaction="True" />
      <NewButton IsVisible="False" UnionTransaction="True" />
      <Params>
        <Param Name="DeleteButton">True</Param>
        <Param Name="Format">{Caption}</Param>
        <Param Name="Arguments">
          <Param Name="Path;Caption as Caption"></Param>
        </Param>
      </Params>
    </Field>
  </FieldSection>
  <FieldSection Name="Description" Caption="Popis">
    <Field Name="Description" Caption="Popis" FieldType="Text" SelectorType="Path" Selector="Description" ToolTip="Popis" Occupation="CaptionBlock">
      <Params>
        <Param Name="Multiline">True</Param>
        <Param Name="TextWrapping">Wrap</Param>
      </Params>
    </Field>
  </FieldSection>
  <FieldSection Name="bagMarket" Caption="Trhy" Collapsed="true">
    <Columns />
    <Field Name="bagMarket" Caption="Trhy komodity" FieldType="Grid" SelectorType="Path" Selector="bagMarket" Occupation="Block">
      <DetailsButton IsVisible="True" Form="egeMarket" UnionTransaction="True" />
      <SelectButton IsVisible="True" Form="eggMarket" UnionTransaction="True" Mode="Multi" />
      <NewButton IsVisible="False" UnionTransaction="True" />
      <Params>
        <Param Name="DeleteMode">Multi</Param>
        <Param Name="BagItemRefValue"></Param>
        <Param Name="Columns">
          <Param Name="Název">
            <Param Name="Field">Caption</Param>
            <Param Name="DataType">String</Param>
            <Param Name="Alignment">Left</Param>
          </Param>
        </Param>
      </Params>
    </Field>
  </FieldSection>
  <FieldSection Name="bagMUCommodity" Caption="Obchodní jednotky" Collapsed="true">
    <Columns />
    <Field Name="bagMUCommodity" Caption="Obchodní jednotky" FieldType="Grid" SelectorType="Path" Selector="bagMUCommodity" Occupation="Block">
      <DetailsButton IsVisible="True" Selector="MarketUnit" SelectorType="Path" Form="egeMarketUnit" UnionTransaction="True" />
      <SelectButton IsVisible="True" Form="eggMarketUnit" UnionTransaction="True" Mode="Multi" />
      <NewButton IsVisible="False" UnionTransaction="True" />
      <Params>
        <Param Name="BagItemProgId">Enif.EDA.ETRM.Entities.MU_Commodity,EnifETRMCommon</Param>
        <Param Name="DeleteMode">Multi</Param>
        <Param Name="BagItemRefValue">MarketUnit</Param>
        <Param Name="Columns">
          <Param Name="Název">
            <Param Name="Field">MarketUnit.Subject.Company.Name</Param>
            <Param Name="DataType">String</Param>
            <Param Name="Alignment">Left</Param>
          </Param>
        </Param>
      </Params>
    </Field>
  </FieldSection>
</Form>