﻿<?xml version="1.0" encoding="utf-8"?>
<Form Type="Entity" Caption="Převodní křivka" WindowCaption="Převodní křivka" ProgId="EGCore.EGBaseBehavior,EGCore" EntityType="Enif.EDA.ETRM.Entities.ConversionSerie,EnifETRMCommon" Scale="1" CanDelete="None"
      IsReadOnly="{IsReadOnly}&#x9;Exp;bool IsReadOnly=!(RoleExp(&quot;ETRM_MDM_Curve_Settings&quot;))">
  <FieldSection Name="Detail" Caption="Detail" Columns="1">
    <Field Name="Id" Caption="Id" FieldType="Integer" SelectorType="Path" Selector="Id" IsReadOnly="true" IsRequired="false" Occupation="Line" />
    <Field Name="Active" Caption="Aktivní" FieldType="BoolField" SelectorType="Path" Selector="Active" IsRequired="True" Occupation="Line" Default="true"
           IsReadOnly="false"/>
    <Field Name="Caption" Caption="Název" FieldType="Text" SelectorType="Path" Selector="Caption" IsRequired="true" Occupation="Line"
           IsReadOnly="{IsReadOnly}&#x9;Path;bagAgreementCap.Count as CapCount, bagAgreementSto.Count as StoCount&#x9;Exp;bool IsReadOnly=(CapCount &gt; 0 || StoCount &gt; 0)"/>
    <Field Name="SourceUnit" Caption="Zdrojová jednotka" FieldType="EnumField" SelectorType="Path" Selector="SourceUnit" IsRequired="true" Occupation="Line"
           IsReadOnly="{IsReadOnly}&#x9;Path;bagAgreementCap.Count as CapCount, bagAgreementSto.Count as StoCount&#x9;Exp;bool IsReadOnly=(CapCount &gt; 0 || StoCount &gt; 0)">
      <Params>
        <Param Name="Format">{ShortCaption}</Param>
        <Param Name="HQL">select c, ShortCaption from UnitETrade c where c.Active=1</Param>
      </Params>
    </Field>
    <Field Name="TargetUnit" Caption="Cílová jednotka" FieldType="EnumField" SelectorType="Path" Selector="TargetUnit" IsRequired="true" Occupation="Line"
           IsReadOnly="{IsReadOnly}&#x9;Path;bagAgreementCap.Count as CapCount, bagAgreementSto.Count as StoCount&#x9;Exp;bool IsReadOnly=(CapCount &gt; 0 || StoCount &gt; 0)">
      <Params>
        <Param Name="Format">{ShortCaption}</Param>
        <Param Name="HQL">Select c, ShortCaption from UnitETrade c where c.Active=1</Param>
      </Params>
    </Field>
    <Field Name="Sample" Caption="Vzorek" FieldType="EnumField" SelectorType="Path" Selector="Sample" IsRequired="true" Occupation="Line"
           IsReadOnly="{IsReadOnly}&#x9;Path;bagAgreementCap.Count as CapCount, bagAgreementSto.Count as StoCount&#x9;Exp;bool IsReadOnly=(CapCount &gt; 0 || StoCount &gt; 0)">
      <Params>
        <Param Name="Format">{ShortCaption}</Param>
        <Param Name="HQL">Select c, ShortCaption from SampleETrade c where c.Active=1</Param>
      </Params>
    </Field>
    <Field Name="TimeZone" Caption="Časová zóna" FieldType="EnumField" SelectorType="Path" Selector="TimeZone" IsRequired="true" Occupation="Line"
           IsReadOnly="{IsReadOnly}&#x9;Path;bagAgreementCap.Count as CapCount, bagAgreementSto.Count as StoCount&#x9;Exp;bool IsReadOnly=(CapCount &gt; 0 || StoCount &gt; 0)">
      <Params>
        <Param Name="Format">{ShortCaption}</Param>
        <Param Name="HQL">Select c, ShortCaption from TimeZoneETrade c where c.Active=1</Param>
      </Params>
    </Field>
  </FieldSection>
  <FieldSection Name="Description" Caption="Popis" Collapsed="true">
    <Field Name="Description" Caption="Popis" FieldType="Text" SelectorType="Path" Selector="Description" Occupation="CaptionBlock"
            IsReadOnly="false" >
      <Params>
        <Param Name="Multiline">True</Param>
        <Param Name="TextWrapping">Wrap</Param>
      </Params>
    </Field>
  </FieldSection>
</Form>