﻿<?xml version="1.0" encoding="utf-8"?>
<Form Type="Entity" Caption="Měna" WindowCaption="Měna" ProgId="EGCore.EGBaseBehavior,EGCore" EntityType="Enif.EDA.ETRM.Entities.CurrencyETrade,EnifETRMCommon" IsReadOnly="false">
  <FieldSection Name="Default" Caption="Detaily" Columns="1">
    <Columns />
    <Field Name="BaseCurrency" Caption="Základní měna" FieldType="Entity" SelectorType="Path" Selector="Currency" IsRequired="false" Occupation="Line">
      <DetailsButton IsVisible="True" Form="egeTCurrency" UnionTransaction="True" />
      <SelectButton IsVisible="True" Form="eggTCurrency" UnionTransaction="True" />
      <NewButton IsVisible="False" UnionTransaction="True" />
      <Params>
        <Param Name="DeleteButton">False</Param>
        <Param Name="Format">{Caption}</Param>
        <Param Name="Arguments">
          <Param Name="Path;Caption as Caption" />
        </Param>
      </Params>
    </Field>
    <Field Name="LOKOID" Caption="BackOffice Id" FieldType="Text" SelectorType="Path" Selector="LOKOID" Occupation="Line" />
  </FieldSection>
  <FieldSection Name="bagMarketUnit" Caption="Obchodní jednotky">
    <Columns />
    <Field Name="bagMarketUnit" Caption="Obchodní jednotky" FieldType="Grid" SelectorType="Path" Selector="bagMarketUnit" Occupation="Block">
      <DetailsButton IsVisible="True" Form="egeMarketUnit" UnionTransaction="True" />
      <SelectButton IsVisible="True" Form="eggMarketUnit" UnionTransaction="True" Mode="Multi" />
      <NewButton IsVisible="False" UnionTransaction="True" />
      <Params>
        <Param Name="DeleteMode">Multi</Param>
        <Param Name="BagItemRefValue" />
        <Param Name="Columns">
          <Param Name="Název">
            <Param Name="Field">Subject.Company.Name</Param>
            <Param Name="DataType">String</Param>
            <Param Name="Alignment">Left</Param>
          </Param>
        </Param>
      </Params>
    </Field>
  </FieldSection>
  <FieldSection Name="bagMarketCurrency" Caption="Trhy">
    <Columns />
    <Field Name="bagMarketCurrency" Caption="Měny" FieldType="Grid" SelectorType="Path" Selector="bagMarketCurrency" Occupation="Block">
      <DetailsButton IsVisible="True" Form="egeMarket" Selector="Market" SelectorType="Path" UnionTransaction="True" />
      <SelectButton IsVisible="True" Form="eggMarket" UnionTransaction="True" Mode="Multi" />
      <NewButton IsVisible="False" UnionTransaction="True" />
      <Params>
        <Param Name="BagItemProgId">Enif.EDA.ETRM.Entities.MarketCurrency,EnifETRMCommon</Param>
        <Param Name="DeleteMode">Multi</Param>
        <Param Name="BagItemRefValue">Market</Param>
        <Param Name="Columns">
          <Param Name="Název">
            <Param Name="Field">Market.Caption</Param>
            <Param Name="DataType">String</Param>
            <Param Name="Alignment">Left</Param>
          </Param>
        </Param>
      </Params>
    </Field>
  </FieldSection>
</Form>