﻿<?xml version="1.0" encoding="utf-8"?>
<Form Type="Entity" EntityType="Enif.EDA.ETRM.Entities.Communication,EnifETRMCommon" Caption="Komunikace obchodní jednotky">
  <FieldSection Name="Default">
    <Field Name="Caption" Caption="Název" Selector="Caption" SelectorType="Path" FieldType="Text" />
    <Field Name="MarketUnit" Caption="Obchodní jednotka" FieldType="EnumField" SelectorType="Path" Selector="MarketUnit" IsVisible="True" IsEnabled="True" IsReadOnly="False" IsRequired="True" Occupation="Line" ValidationLevel="0">
      <Params>
        <Param Name="HQL">SELECT M, M.Subject.Company.Name from MarketUnit M where M.Active = true</Param>
      </Params>
    </Field>
    <!--<Field Name="MsgSequence" Caption="MsgSequence" Selector="MsgSequence" SelectorType="Path" FieldType="Text" /> -->
    <Field Name="Type" Caption="Typ" FieldType="EnumField" SelectorType="Path" Selector="Type" IsVisible="True" IsEnabled="True" IsReadOnly="False" IsRequired="True" Occupation="Line" ValidationLevel="0">
      <Params>
        <Param Name="HQL">SELECT T, T.Caption from CommunicationType T where T.Active = true</Param>
      </Params>
    </Field>
    <Field Name="Active" Caption="Aktivní" Selector="Active" SelectorType="Path" FieldType="BoolField" />
  </FieldSection>
  <FieldSection Name="bagCommunicationParam" Caption="Parametry">
    <Columns />
    <Field Name="bagParams" Caption="Parametry" FieldType="Grid" SelectorType="Path" Selector="bagCommunicationParam" Occupation="Block">
      <DetailsButton IsVisible="True" Form="egeCommunicationParam" UnionTransaction="True" Target="@SectionAfter"/>
      <SelectButton IsVisible="False" Form="egeCommunicationParam" UnionTransaction="True" Mode="Multi" Target="@SectionAfter"/>
      <NewButton IsVisible="True" UnionTransaction="True" Form="egeCommunicationParam" Target="@SectionAfter"/>
      <Params>
        <Param Name="DeleteMode">Multi</Param>
        <Param Name="Columns">
          <Param Name="Klíč parametru">
            <Param Name="Field">Key</Param>
            <Param Name="DataType">String</Param>
            <Param Name="Alignment">Left</Param>
          </Param>
          <Param Name="Hodnota">
            <Param Name="Field">Value</Param>
            <Param Name="DataType">String</Param>
            <Param Name="Alignment">Left</Param>
          </Param>
        </Param>
      </Params>
    </Field>
  </FieldSection>
  <FieldSection Name="bagMarketCommunication" Caption="Trhy komunikace">
    <Field Name="bagMarketCommunication" FieldType="Grid" Caption="Trhy komunikace" Selector="bagMarketCommunication" SelectorType="Path" Occupation="Block">
      <DetailsButton IsVisible="True" Selector="Market" SelectorType="Path" Form="egeMarket" UnionTransaction="True" />
      <SelectButton IsVisible="True" Form="eggMarket" UnionTransaction="True" Mode="Multi" />
      <NewButton IsVisible="False" UnionTransaction="True" />
      <Params>
        <Param Name="BagItemProgId">Enif.EDA.ETRM.Entities.MarketCommunication,EnifETRMCommon</Param>
        <Param Name="DeleteMode">Multi</Param>
        <Param Name="BagItemRefValue">Market</Param>
        <Param Name="Columns">
          <Param Name="Název">
            <Param Name="Field">Market.Caption</Param>
            <Param Name="DataType">String</Param>
            <Param Name="Alignment">Left</Param>
          </Param>
        </Param>
      </Params>
    </Field>
  </FieldSection>
</Form>