﻿<?xml version="1.0" encoding="utf-8"?>
<Form Type="Entity" EntityType="Enif.EDA.ETRM.Entities.AgreementCapacity,EnifETRMCommon" ProgId="EGCore.EGBaseBehavior,EGCore"  Caption="Kapacitní smlouva">
  <FieldSection Caption="Křivka">
    <Field Name="bagAgreementCapacityPoint"
         Caption="Intervaly"
         SelectorType="Path"
         Selector="bagAgreementCapacityPointWithInfinity.OrderBy(t => t.CBA ?? decimal.MaxValue)"
         FieldType="Grid"
         IsReadOnly="False"
         IsRequired="False"
         Occupation="Block"
        >
      <DetailsButton IsVisible="True" Form="egeAgreementCapacityPoint" UnionTransaction="true" />
      <Params>
        <Param Name="DeleteMode">None</Param>
        <Param Name="DeleteOnRemove">False</Param>
        <Param Name="Order">CBA</Param>
        <Param Name="Columns">
          <Param Name="CBA [%]">
            <Param Name="Field">ExpressionCBA</Param>
            <Param Name="DataType">System.String</Param>
            <Param Name="AllowSort">false</Param>
            <Param Name="Alignment">Left</Param>
          </Param>
          <Param Name="Koeficient vtl./těžby [%]">
            <Param Name="Field">CapacityUsability</Param>
            <Param Name="DataType">System.String</Param>
            <Param Name="AllowSort">false</Param>
            <Param Name="Alignment">Left</Param>
          </Param>
        </Param>
      </Params>
    </Field>
  </FieldSection>
  <FieldSection Caption="Graf">
    <Field Name="Chart" FieldType="EtrmChart" Occupation="Block" Caption="Graf" Height="16" >
      <Params>
        <Param Name="XAxisDescription" Value="Zaplnění zásobníku [%]"></Param>
        <Param Name="YAxisDescription" Value="Použitelnost kapacity [%]"></Param>
      </Params>
    </Field>
  </FieldSection>
</Form>