﻿<?xml version="1.0" encoding="utf-8"?>
<Form Type="Entity" Caption="Výchozí podpis konfirmace" WindowCaption="Výchozí podpis konfirmace" ProgId="" EntityType="Enif.EDA.ETRM.Entities.ConfTemplateSignature,EnifETRMCommon">
  <FieldSection Name="Default" Caption="">
    <Field Name="IdentityView" Caption="Uživatel" FieldType="Entity" SelectorType="Path" Selector="IdentityView" Occupation="Line">
      <DetailsButton IsVisible="True" Form="egeIdentityView" UnionTransaction="True" />
      <SelectButton IsVisible="True" Form="eggIdentityView" UnionTransaction="True" />
      <Params>
        <Param Name="Format">{User}</Param>
        <Param Name="Arguments">
          <Param Name="Path;Name as User" />
        </Param>
      </Params>
    </Field>
    <Field Name="Importance" Caption="Důležitost podpisu" FieldType="Integer" SelectorType="Path" Selector="Importance" Occupation="Line" />
  </FieldSection>
</Form>