﻿<?xml version="1.0" encoding="utf-8"?>
<Form Type="Entity" Caption="Fakturační smlouva" WindowCaption="Fakturační smlouva" ProgId="EGCore.EGBaseBehavior,EGCore" EntityType="Enif.EDA.ETRM.Entities.ContractETrade,EnifETRMCommon" Scale="1">
  <FieldSection Name="Default" Caption="Základní">
    <Columns />
    <Field Name="Caption" Caption="Název" FieldType="Text" SelectorType="Path" Selector="Caption" IsReadOnly="true" Occupation="Line" />
    <Field Name="Commodity" Caption="Komodita" FieldType="Text" SelectorType="Path" Selector="Commodity.Caption" IsReadOnly="true" Occupation="Line" />
    <Field Name="Currency" Caption="Měna" FieldType="Text" SelectorType="Path" Selector="Currency.Currency.Caption" IsReadOnly="true" Occupation="Line" />
    <Field Name="CounterParty" Caption="Protistrana" FieldType="Text" SelectorType="Path" Selector="Subject.Company.Name" IsReadOnly="true" Occupation="Line" />
    <Field Name="DateFrom" Caption="Platnost od" FieldType="Date" SelectorType="Path" Selector="DateFrom" IsReadOnly="true" Occupation="Line" />
    <Field Name="DateTo" Caption="Platnost do" FieldType="Date" SelectorType="Path" Selector="DateToEx" IsReadOnly="true" Occupation="Line" />
    <Field Name="LokoId" Caption="Back Office ID" FieldType="Text" SelectorType="Path" Selector="LOKOID" IsReadOnly="true" Occupation="Line" />
    <Field Name="Description" Caption="Popis" FieldType="AvalonEdit" SelectorType="Path" Selector="Description" Occupation="CaptionBlock" />
  </FieldSection>
  <FieldSection Name="BalanceZones" Caption="Účty">
    <Columns />
    <Field Name="Account1" Caption="Účet 1" FieldType="Text" SelectorType="Path" Selector="Account1" IsRequired="False" Occupation="Line" />
    <Field Name="Account2" Caption="Účet 2" FieldType="Text" SelectorType="Path" Selector="Account2" IsRequired="False" Occupation="Line" />
    <Field Name="Account3" Caption="Účet 3" FieldType="Text" SelectorType="Path" Selector="Account3" IsRequired="False" Occupation="Line" />
    <Field Name="Account4" Caption="Účet 4" FieldType="Text" SelectorType="Path" Selector="Account4" IsRequired="False" Occupation="Line" />
  </FieldSection>
</Form>