﻿<?xml version="1.0" encoding="utf-8"?>
<!--generated by SwanMaker 1.0.0.13-->
<Form Type="Entity" Caption="Kontaktní osoba" WindowCaption="Kontaktní osoba" ProgId="Enif.EDA.ETRM.Gui.Behaviors.egeContactPerson,EnifETRMGui" EntityType="Enif.EDA.EDA.Entities.ContactPerson,EnifGECommon" IsReadOnly="False" Scale="1" ValidationLevel="1">
  <Params>
    <Param Name="VariablesBinding">
      <!-- Parameter je predaný z behaviour triedy v BeforeInit() -->
      <!-- POZOR: Pri otváraní tohto formu musia byť v ParentForme uvedené PropagatedParams s IsSubjectMarketUnit, inak to padá! -->
      <Param Name="IsSubjectMarketUnit" Value="{IsSubjectMarketUnit}" />
    </Param>
  </Params>
  <FieldSection TextColor="#FF000000" Color="#FF78ABB2" Caption="Detail">
    <Field Name="Id" Caption="Id" FieldType="Integer" SelectorType="Path" Selector="Id" IsReadOnly="true" IsRequired="false" Occupation="Line" />
    <Field Name="Active" Caption="Aktivní" FieldType="BoolField" SelectorType="Path" Selector="Active" IsRequired="True" Occupation="Line" Default="true"
						IsReadOnly="{IsReadOnly}&#x9;Exp;bool IsReadOnly=!(RoleExp(&quot;ETRM_MDM_MarketParty_Settings&quot;))" />
    <Field Name="Coparty" Caption="Protistrana" FieldType="Text" SelectorType="Path" Selector="Subject.Name" IsVisible="True" IsEnabled="True" IsReadOnly="True" IsRequired="False" Occupation="Line" />
    <Field Name="LastName" Caption="Příjmení" FieldType="Text" SelectorType="Path" Selector="Person.LastName" IsVisible="True" IsEnabled="True" IsRequired="True" Occupation="Line"
            IsReadOnly="{IsReadOnly}&#x9;Exp;bool IsReadOnly=!(RoleExp(&quot;ETRM_MDM_MarketParty_Settings&quot;))"/>
    <Field Name="FirstName" Caption="Jméno" FieldType="Text" SelectorType="Path" Selector="Person.FirstName" IsVisible="True" IsEnabled="True" IsRequired="True" Occupation="Line"
            IsReadOnly="{IsReadOnly}&#x9;Exp;bool IsReadOnly=!(RoleExp(&quot;ETRM_MDM_MarketParty_Settings&quot;))"/>
    <Field Name="Role" Caption="Role" FieldType="EnumField" SelectorType="Path" Selector="TContactPersonType" IsRequired="True" Occupation="Line"
						IsReadOnly="{IsReadOnly}&#x9;Exp;bool IsReadOnly=!(RoleExp(&quot;ETRM_MDM_MarketParty_Settings&quot;))"
            Dependents="IdentityView">
      <Params>
        <Param Name="HQL">select m, m.Caption from TContactPersonType as m where m.Active=true</Param>
      </Params>
    </Field>
    <Field Name="IdentityView" Caption="Uživatelské jméno" FieldType="EnumField" SelectorType="Path" Selector="IdentityView" Occupation="Line"
            IsEnabled="{IsEnabled}&#x9;Path;TContactPersonType.Key as RoleKey&#x9;Exp;bool IsEnabled=(RoleExp(&quot;ETRM_MDM_MarketParty_Settings&quot;) &amp;&amp; RoleKey == &quot;TRADER&quot; &amp;&amp; IsSubjectMarketUnit == &quot;True&quot;)"
            IsRequired="{IsRequired}&#x9;Path;TContactPersonType.Key as RoleKey&#x9;Exp;bool IsRequired=(RoleExp(&quot;ETRM_MDM_MarketParty_Settings&quot;) &amp;&amp; RoleKey == &quot;TRADER&quot; &amp;&amp; IsSubjectMarketUnit == &quot;True&quot;)"
						IsReadOnly="{IsReadOnly}&#x9;Path;TContactPersonType.Key as RoleKey&#x9;Exp;bool IsReadOnly=!(RoleExp(&quot;ETRM_MDM_MarketParty_Settings&quot;) &amp;&amp; RoleKey == &quot;TRADER&quot; &amp;&amp; IsSubjectMarketUnit == &quot;True&quot;)">
      <Params>
        <Param Name="HQL">select m, m.Name from IdentityView as m where m.UseAsRole='0' order by m.Name</Param>
      </Params>
    </Field>
  </FieldSection>
  <FieldSection Name="Description" Caption="Popis" Collapsed="true">
    <Field Name="Description" Caption="Popis" FieldType="Text" SelectorType="Path" Selector="Person.Note" Occupation="CaptionBlock"
            IsReadOnly="{IsReadOnly}&#x9;Exp;bool IsReadOnly=!(RoleExp(&quot;ETRM_MDM_MarketParty_Settings&quot;))" >
      <Params>
        <Param Name="Multiline">True</Param>
        <Param Name="TextWrapping">Wrap</Param>
      </Params>
    </Field>
  </FieldSection>
  <FieldSection Caption="Finanční limity"
  Visibility="{Visibility}&#x9;Path;TContactPersonType.Key as RoleKey&#x9;Exp;bool Visibility=(RoleExp(&quot;ETRM_MDM_Trader_Limit_Settings or ETRM_MDM_Trader_Limit_Viewer&quot;) &amp;&amp; RoleKey == &quot;TRADER&quot; &amp;&amp; IsSubjectMarketUnit == &quot;True&quot;)" >
    <Field Name="CostOperationalLimits" Caption="Finanční limity" FieldType="Grid" Occupation="Block" SelectorType="HQL"
            IsReadOnly="{IsReadOnly}&#x9;Exp;bool IsReadOnly=!(RoleExp(&quot;ETRM_MDM_Trader_Limit_Settings&quot;))" IsReadOnlyOverride="{IsReadOnlyOverride}&#x9;Exp;bool IsReadOnlyOverride=(RoleExp(&quot;ETRM_MDM_Trader_Limit_Settings&quot;))"
            Selector="
select o.Id as Id, 
  comm.ShortCaption as CommodityCaption,
  o.ValidFrom as ValidFrom,
  (o.ValidToEx - 1) as ValidToEx,
  o.Limit as Limit,
  curr.ShortCaption as Currency 
from OperationalLimit o
left outer join o.Commodity as comm
left outer join o.CurrencyETrade as curr
where o.TTradingLimitType.Key = 'MaxCost' and o.SubjTradOperLimit.SubjectTraderFK={0}
order by comm.ShortCaption, ValidFrom, ValidToEx">
      <DetailsButton IsVisible="True" Form="egeCostLimit" UnionTransaction="True" />
      <SelectButton IsVisible="True" Form="egeCostLimit" UnionTransaction="True" />
      <NewButton IsVisible="False" UnionTransaction="True" />
      <Params>
        <Param Name="PrimaryKeyName">Id</Param>
        <Param Name="KeepSelectedRow">True</Param>
        <Param Name="DeleteMode">Multi</Param>
        <Param Name="Columns">
          <Param Name="Id">
            <Param Name="Field">Id</Param>
            <Param Name="DataType">Integer</Param>
            <Param Name="Alignment">Right</Param>
            <Param Name="Width">80</Param>
          </Param>
          <Param Name="Komodita">
            <Param Name="Field">CommodityCaption</Param>
            <Param Name="DataType">String</Param>
            <Param Name="Alignment">Left</Param>
            <Param Name="Width">80</Param>
          </Param>
          <Param Name="Od">
            <Param Name="Field">ValidFrom</Param>
            <Param Name="DataType">DateTime</Param>
            <Param Name="Format">{0:d.M.yyyy}</Param>
            <Param Name="Alignment">Right</Param>
            <Param Name="Width">80</Param>
          </Param>
          <Param Name="Do">
            <Param Name="Field">ValidToEx</Param>
            <Param Name="DataType">DateTime</Param>
            <Param Name="Format">{0:d.M.yyyy}</Param>
            <Param Name="Alignment">Right</Param>
            <Param Name="Width">80</Param>
          </Param>
          <Param Name="Platba do">
            <Param Name="Field">Limit</Param>
            <Param Name="DataType">String</Param>
            <Param Name="Alignment">Right</Param>
            <Param Name="Width">80</Param>
          </Param>
          <Param Name="Měna">
            <Param Name="Field">Currency</Param>
            <Param Name="DataType">String</Param>
            <Param Name="Alignment">Left</Param>
            <Param Name="Width">80</Param>
          </Param>
        </Param>
      </Params>
    </Field>
  </FieldSection>
  <FieldSection Caption="Objemové limity"
  Visibility="{Visibility}&#x9;Path;TContactPersonType.Key as RoleKey&#x9;Exp;bool Visibility=(RoleExp(&quot;ETRM_MDM_Trader_Limit_Settings or ETRM_MDM_Trader_Limit_Viewer&quot;) &amp;&amp; RoleKey == &quot;TRADER&quot; &amp;&amp; IsSubjectMarketUnit == &quot;True&quot;)">
    <Field Name="VolumeOperationalLimits" Caption="Objemové limity" FieldType="Grid" Occupation="Block" SelectorType="HQL"
            IsReadOnly="{IsReadOnly}&#x9;Exp;bool IsReadOnly=!(RoleExp(&quot;ETRM_MDM_Trader_Limit_Settings&quot;))" IsReadOnlyOverride="{IsReadOnlyOverride}&#x9;Exp;bool IsReadOnlyOverride=(RoleExp(&quot;ETRM_MDM_Trader_Limit_Settings&quot;))"
            Selector="
select o.Id as Id, 
  o.Commodity.ShortCaption as Commodity,
  o.ValidFrom as ValidFrom,
  (o.ValidToEx - 1) as ValidToEx,
  o.Limit as Limit,
  o.Unit.ShortCaption as Unit 
from OperationalLimit o
where o.TTradingLimitType.Key = 'MaxVolume' and o.SubjTradOperLimit.SubjectTraderFK={0}
order by Commodity, ValidFrom, ValidToEx">
      <DetailsButton IsVisible="True" Form="egeVolumeLimit" UnionTransaction="True" />
      <SelectButton IsVisible="True" Form="egeVolumeLimit" UnionTransaction="True" />
      <NewButton IsVisible="False" UnionTransaction="True" />
      <Params>
        <Param Name="PrimaryKeyName">Id</Param>
        <Param Name="KeepSelectedRow">True</Param>
        <Param Name="DeleteMode">Multi</Param>
        <Param Name="Columns">
          <Param Name="Id">
            <Param Name="Field">Id</Param>
            <Param Name="DataType">Integer</Param>
            <Param Name="Alignment">Right</Param>
            <Param Name="Width">80</Param>
          </Param>
          <Param Name="Komodita">
            <Param Name="Field">Commodity</Param>
            <Param Name="DataType">String</Param>
            <Param Name="Alignment">Left</Param>
            <Param Name="Width">80</Param>
          </Param>
          <Param Name="Od">
            <Param Name="Field">ValidFrom</Param>
            <Param Name="DataType">DateTime</Param>
            <Param Name="Format">{0:d.M.yyyy}</Param>
            <Param Name="Alignment">Right</Param>
            <Param Name="Width">80</Param>
          </Param>
          <Param Name="Do">
            <Param Name="Field">ValidToEx</Param>
            <Param Name="DataType">DateTime</Param>
            <Param Name="Format">{0:d.M.yyyy}</Param>
            <Param Name="Alignment">Right</Param>
            <Param Name="Width">80</Param>
          </Param>
          <Param Name="Objem do">
            <Param Name="Field">Limit</Param>
            <Param Name="DataType">String</Param>
            <Param Name="Alignment">Right</Param>
            <Param Name="Width">80</Param>
          </Param>
          <Param Name="Jednotka">
            <Param Name="Field">Unit</Param>
            <Param Name="DataType">String</Param>
            <Param Name="Alignment">Left</Param>
            <Param Name="Width">80</Param>
          </Param>
        </Param>
      </Params>
    </Field>
  </FieldSection>
  <FieldSection Caption="Délkové limity"
  Visibility="{Visibility}&#x9;Path;TContactPersonType.Key as RoleKey&#x9;Exp;bool Visibility=(RoleExp(&quot;ETRM_MDM_Trader_Limit_Settings or ETRM_MDM_Trader_Limit_Viewer&quot;) &amp;&amp; RoleKey == &quot;TRADER&quot; &amp;&amp; IsSubjectMarketUnit == &quot;True&quot;)">
    <Field Name="PeriodOperationalLimits" Caption="Délkové limity" FieldType="Grid" Occupation="Block" SelectorType="HQL"
            IsReadOnly="{IsReadOnly}&#x9;Exp;bool IsReadOnly=!(RoleExp(&quot;ETRM_MDM_Trader_Limit_Settings&quot;))" IsReadOnlyOverride="{IsReadOnlyOverride}&#x9;Exp;bool IsReadOnlyOverride=(RoleExp(&quot;ETRM_MDM_Trader_Limit_Settings&quot;))"
            Selector="
select o.Id as Id, 
  o.Commodity.ShortCaption as Commodity,
  o.ValidFrom as ValidFrom,
  (o.ValidToEx - 1) as ValidToEx,
  o.Limit as Limit,
  o.DateExpPeriodMin as DateExpPeriodMin,
  o.DateExpPeriodMax as DateExpPeriodMax
from OperationalLimit o
where o.TTradingLimitType.Key = 'MaxPeriod' and o.SubjTradOperLimit.SubjectTraderFK={0}
order by Commodity, ValidFrom, ValidToEx">
      <DetailsButton IsVisible="True" Form="egePeriodLimit" UnionTransaction="True" />
      <SelectButton IsVisible="True" Form="egePeriodLimit" UnionTransaction="True" />
      <NewButton IsVisible="False" UnionTransaction="True" />
      <Params>
        <Param Name="PrimaryKeyName">Id</Param>
        <Param Name="KeepSelectedRow">True</Param>
        <Param Name="DeleteMode">Multi</Param>
        <Param Name="Columns">
          <Param Name="Id">
            <Param Name="Field">Id</Param>
            <Param Name="DataType">Integer</Param>
            <Param Name="Alignment">Right</Param>
            <Param Name="Width">80</Param>
          </Param>
          <Param Name="Komodita">
            <Param Name="Field">Commodity</Param>
            <Param Name="DataType">String</Param>
            <Param Name="Alignment">Left</Param>
            <Param Name="Width">80</Param>
          </Param>
          <Param Name="Od">
            <Param Name="Field">ValidFrom</Param>
            <Param Name="DataType">DateTime</Param>
            <Param Name="Format">{0:d.M.yyyy}</Param>
            <Param Name="Alignment">Right</Param>
            <Param Name="Width">80</Param>
          </Param>
          <Param Name="Do">
            <Param Name="Field">ValidToEx</Param>
            <Param Name="DataType">DateTime</Param>
            <Param Name="Format">{0:d.M.yyyy}</Param>
            <Param Name="Alignment">Right</Param>
            <Param Name="Width">80</Param>
          </Param>
          <!--<Param Name="Platba do">
            <Param Name="Field">Limit</Param>
            <Param Name="DataType">String</Param>
            <Param Name="Alignment">Right</Param>
            <Param Name="Width">80</Param>
          </Param>-->
          <Param Name="Délka min">
            <Param Name="Field">DateExpPeriodMin</Param>
            <Param Name="DataType">String</Param>
            <Param Name="Alignment">Right</Param>
            <Param Name="Width">80</Param>
          </Param>
          <Param Name="Délka max">
            <Param Name="Field">DateExpPeriodMax</Param>
            <Param Name="DataType">String</Param>
            <Param Name="Alignment">Right</Param>
            <Param Name="Width">80</Param>
          </Param>
        </Param>
      </Params>
    </Field>
  </FieldSection>
  <FieldSection TextColor="#FF000000" Color="#FF3E8791" Caption="Historie">
    <Field Name="History" Caption="Číslo" FieldType="HistoryField" SelectorType="Path" Selector="." Occupation="Block">
      <DetailsButton IsVisible="True" UnionTransaction="False" ToolTip="Historie" />
      <Params>
        <Param Name="Fields">.,Company,Person,Address</Param>
      </Params>
    </Field>
  </FieldSection>
</Form>