﻿<?xml version="1.0" encoding="utf-8"?>
<Form Type="Entity" Caption="Šablona" WindowCaption="Šablona" ProgId="Enif.EDA.ETRM.Gui.Behaviors.egeConfTemplate, EnifETRMGui" EntityType="Enif.EDA.ETRM.Entities.ConfTemplate,EnifETRMCommon">
  <FieldSection Name="Default" Caption="Parametry">
    <Field Name="Name" Caption="Název" FieldType="Text" SelectorType="Path" Selector="Name" Occupation="Line" />
    <Field Name="SignatureCount" Caption="Počet podpisů" FieldType="Integer" SelectorType="Path" Selector="SignatureCount" Occupation="Line" />
    <Field Name="GeneratorProgID" Caption="ProgID generátoru" FieldType="Text" SelectorType="Path" Selector="GeneratorProgID" Occupation="Line" />
    
    <Field Name="Document" Caption="Dokument" FieldType="DocumentDMS" SelectorType="Path" Selector="Document" Occupation="Block">
      <Params>
        <Param Name="UpdateEnabled">True</Param>
      </Params>
    </Field>
  </FieldSection>
</Form>