﻿<?xml version="1.0" encoding="utf-8"?>
<Form Type="Entity" Caption="Způsoby" WindowCaption="Způsoby" EntityType="Enif.EDA.ETRM.Entities.DealPurpose,EnifETRMCommon" Scale="1.1" ValidationLevel="0" CanDelete="None"
			IsReadOnly="{IsReadOnly}&#x9;Exp;bool IsReadOnly=!(RoleExp(&quot;Admin or ETRM_MDM_PortfolioBook_Settings&quot;))" >
	<FieldSection Name="Detail" Caption="Detail" Columns="1">
		<Columns />
		<Field Name="Active" Caption="Aktivní" FieldType="BoolField" SelectorType="Path" Selector="Active" IsRequired="true" Occupation="Line" Default="true" />
		<Field Name="Id" Caption="Id" FieldType="Integer" SelectorType="Path" Selector="Id" IsReadOnly="true" IsRequired="False" Occupation="Line" />
		<Field Name="Caption" Caption="Název" FieldType="Text" SelectorType="Path" Selector="Caption" IsVisible="true" IsEnabled="true" IsRequired="true" IsReactive="True" Occupation="Line" ValidationLevel="0" Column="0" Colspan="1" Rowspan="1" Ratio="22:26" IsBinded="true" />
		<Field Name="ShortCaption" Caption="Zkratka" FieldType="Text" SelectorType="Path" Selector="ShortCaption" IsVisible="true" IsEnabled="true" IsRequired="true" IsReactive="True" Occupation="Line" ValidationLevel="0" Column="0" Colspan="1" Rowspan="1" Ratio="22:26" IsBinded="true" />
    <Field Name="Key" Caption="Klíč" FieldType="Text" SelectorType="Path" Selector="Key" IsVisible="true" IsEnabled="true" IsRequired="true" IsReactive="True" Occupation="Line" ValidationLevel="0" Column="0" Colspan="1" Rowspan="1" Ratio="22:26" IsBinded="true" />
		<Field Name="ExternalId" Caption="Externí ID" FieldType="Text" SelectorType="Path" Selector="ExternalId" IsVisible="true" IsEnabled="true" IsRequired="false" IsReactive="True" Occupation="Line" ValidationLevel="0" Column="0" Colspan="1" Rowspan="1" Ratio="22:26" IsBinded="true" />
	</FieldSection>
  <FieldSection Name="Description" Caption="Popis" Collapsed="true" Columns="1">
		<Field Name="Description" Caption="Popis" FieldType="Text" SelectorType="Path" Selector="Description" ToolTip="Popis" Occupation="CaptionBlock" IsRequired="false">
			<Params>
				<Param Name="Multiline">True</Param>
				<Param Name="TextWrapping">Wrap</Param>
			</Params>
		</Field>
	</FieldSection>
</Form>