﻿<?xml version="1.0" encoding="utf-8"?>
<Form Type="Entity" Caption="Subobchody" WindowCaption="Subobchody" EntityType="Enif.EDA.ETRM.Entities.Deal,EnifETRMCommon" IsReadOnly="False" Scale="100%">
  <FieldSection Name="SubDeals" >
    <Columns />
    <Field Name="bagChildDeals" Caption="Subobchody" FieldType="Grid" SelectorType="Path" Selector="bagChildDeals" Occupation="Block" Height="2" MaxHeight="2">
      <DetailsButton IsVisible="True" UnionTransaction="True" Form="egeDeal" Target="@NewWindow" />
      <NewButton IsVisible="False" />
      <Params>
        <Param Name="DeleteMode">None</Param>
        <Param Name="TopPanelStyle">FieldCaption</Param>
        <Param Name="Order">DealDirection.Caption</Param>
        <Param Name="Columns">
          <Param Name="Id">
            <Param Name="Field">Id</Param>
            <Param Name="DataType">Integer</Param>
            <Param Name="Alignment">Right</Param>
            <Param Name="Width">80</Param>
          </Param>
          <Param Name="Název">
            <Param Name="Field">Name</Param>
            <Param Name="DataType">String</Param>
            <Param Name="Width">1*</Param>
            <Param Name="MinWidth">200</Param>
          </Param>
          <Param Name="Typ subobchodu">
            <Param Name="Field">DealType.Caption</Param>
            <Param Name="DataType">String</Param>
            <Param Name="Width">150</Param>
          </Param> 
          <Param Name="Směr subobchodu">
            <Param Name="Field">DealDirection.Caption</Param>
            <Param Name="DataType">String</Param>
            <Param Name="Width">100</Param>
          </Param>
          <Param Name="Stav">
            <Param Name="Field">DealState.Caption</Param>
            <Param Name="DataType">String</Param>
            <Param Name="Width">100</Param>
          </Param>
        </Param>
      </Params>
    </Field>
  </FieldSection>
</Form>