﻿<?xml version="1.0" encoding="utf-8"?>
<Form Type="Entity" Caption="Standard" WindowCaption="Standard" ProgId="Enif.EDA.ETRM.Gui.Behaviors.egbDeal,EnifETRMGui" EntityType="Enif.EDA.ETRM.Entities.Deal,EnifETRMCommon" Scale="100%"
      IsReadOnly="{IsReadOnly}&#9;Path;DealState.AggType as stateType, Parent as parent&#9;Exp;bool IsReadOnly=!(stateType==false &amp;&amp; parent==null &amp;&amp; RoleExp(&quot;ETRM_Trader_Settings&quot;))">
  <Params>
    <Param Name="LocalParams">
      <Param Name="AllowedDealDirections" Value="" />
      <Param Name="AllowedDealTypes" Value=""/>
    </Param>
    <Param Name="VariablesBinding">
      <Param Name="AllowedDealDirections" Value="{AllowedDealDirections}" />
      <Param Name="AllowedDealTypes" Value="{AllowedDealTypes}" />
      <Param Name="DealKindKey" Value="{DealKindKey}" />
    </Param>
  </Params>
  <FieldSection Name="Detail" Caption="Detail">
    <Columns>
      <Column Width="*" />
      <Column Width="*" />
      <Column Width="20" />
      <Column Width="*" />
      <Column Width="*" />
      <Column Width="20" />
      <Column Width="*" />
      <Column Width="*" />
    </Columns>

    <!-- *********************** COLUMN 0 **************************************************************************************** -->

    <Field Name="DealDirectionFK" Caption="fake" FieldType="Integer" Occupation="Line" SelectorType="Path" Selector="DealDirection.Id" IsVisible="False" IsReadOnly="True"/>
    <Field Name="BalanceZoneFK" Caption="fake" FieldType="Integer" Occupation="Line" SelectorType="Path" Selector="BalanceZone.Id" IsVisible="False" IsReadOnly="True"/>
    <Field Name="GridPointInternalIOTypeFK" Caption="fake" FieldType="Integer" Occupation="Line" SelectorType="Path" Selector="GridPointInternal.IOTypeFK" IsVisible="False" IsReadOnly="True"/>
    <Field Name="GridPointInternalTypeFK" Caption="fake" FieldType="Integer" Occupation="Line" SelectorType="Path" Selector="GridPointInternal.GridPointTypeFK" IsVisible="False" IsReadOnly="True"/>
    <Field Name="GridPointInternalGroupFK" Caption="fake" FieldType="Integer" Occupation="Line" SelectorType="Path" Selector="GridPointInternal.GridPointGroupFK" IsVisible="False" IsReadOnly="True"/>
    <Field Name="GridPointInternalGridGridTTimeZoneFK" Caption="fake" FieldType="Integer" Occupation="Line" SelectorType="Path" Selector="GridPointInternal.Grid.Grid.TimeZoneFK" IsVisible="False" IsReadOnly="True"/>
    <Field Name="GridPointInternalGridGridTSampleFK" Caption="fake" FieldType="Integer" Occupation="Line" SelectorType="Path" Selector="GridPointInternal.Grid.Grid.SampleFK" IsVisible="False" IsReadOnly="True"/>
    <Field Name="GridPointExternalTypeFK" Caption="fake" FieldType="Integer" Occupation="Line" SelectorType="Path" Selector="GridPointExternal.GridPointTypeFK" IsVisible="False" IsReadOnly="True"/>
    <Field Name="SubcommodityFK" Caption="fake" FieldType="Integer" Occupation="Line" SelectorType="Path" Selector="DealType.CommodityFK" IsVisible="False" IsReadOnly="True"/>
    <Field Name="SubcommodityUnitFK" Caption="fake" FieldType="Integer" Occupation="Line" SelectorType="Path" Selector="DealType.Commodity.UnitFK" IsVisible="False" IsReadOnly="True"/>
    <Field Name="MUSubjectFK" Caption="fake" FieldType="Integer" Occupation="Line" SelectorType="Path" Selector="MarketUnit.SubjectFK" IsVisible="False" IsReadOnly="True"/>
    <Field Name="MUMainCurrencyFK" Caption="fake" FieldType="Integer" Occupation="Line" SelectorType="Path" Selector="MarketUnit.MainCurrencyFK" IsVisible="False" IsReadOnly="True"/>
    <Field Name="MUAccCurrencyFK" Caption="fake" FieldType="Integer" Occupation="Line" SelectorType="Path" Selector="MarketUnit.AccCurrencyFK" IsVisible="False" IsReadOnly="True"/>
    <Field Name="CopSubjectFK" Caption="fake" FieldType="Integer" Occupation="Line" SelectorType="Path" Selector="Coparty.SubjectFK" IsVisible="False" IsReadOnly="True"/>
    <Field Name="ProductMinPeriodFK" Caption="fake" FieldType="Integer" Occupation="Line" SelectorType="Path" Selector="Product.MinPeriodFK" IsVisible="False" IsReadOnly="True"/>
    <Field Name="GridTTimeZoneFK" Caption="fake" FieldType="Integer" Occupation="Line" SelectorType="Path" Selector="GridPointInternal.Grid.Grid.TimeZoneFK" IsVisible="False" IsReadOnly="True"/>

    <Field Name="MarketUnit" Caption="Obchodní jednotka" FieldType="EnumField" IsRequired="False" Occupation="Line" IsReadOnly="True"
           ToolTip="Obchodní jednotka"
           Column="0"
           Dependents="PriceMU,PaymentMU,NomPriceMU,NomPaymentMU,FacPriceMU,FacPaymentMU"
           SelectorType="Path" Selector="MarketUnit" >
      <Params>
        <Param Name="HQL">
          SELECT MU, MU.Subject.Company.Name
          from MarketUnit MU
        </Param>
      </Params>
    </Field>
    <!-- IsReadOnly="{IsReadOnly}&#9;Path;DealState.Key as stateKey&#9;Exp;bool IsReadOnly=(stateKey==&quot;ACCEPTED&quot;||stateKey==&quot;ACCEPTEDEXCEPTPRICE&quot;)"> -->
    <Field Name="Commodity" Caption="Komodita" FieldType="EnumField" IsRequired="False" Occupation="Line" IsReadOnly="True"
           ToolTip="Komodita"
           Column="0"
           SelectorType="Path" Selector="Commodity" >
      <Params>
        <Param Name="HQL">
          SELECT C, C.ShortCaption
          from CommodityETrade C
        </Param>
      </Params>
    </Field>
    <Field Name="BalanceZone" Caption="Bilanční zóna" FieldType="EnumField" Occupation="Line"
           ToolTip="Bilanční zóna"
           Column="0"
           SelectorType="Path" Selector="BalanceZone"
           IsRequired="{IsRequired}&#9;Path;DealType.BalanceZoneSrcVis as vis&#9;Exp;bool IsRequired=(vis != true)"
           IsEnabled="{IsEnabled}&#9;Path;DealType.BalanceZoneSrcVis as vis&#9;Exp;bool IsEnabled=(vis != true)"
           IsVisible="{IsVisible}&#9;Path;DealType.BalanceZoneSrcVis as vis&#9;Exp;bool IsVisible=(vis != true)" >
      <Params>
        <Param Name="HQL">
          SELECT T.Parent.BalanceZone, T.Parent.BalanceZone.BalanceZoneGroup.Caption || ' - ' || T.Parent.BalanceZone.Caption
          from MU_BZComm T
          where T.Parent.BalanceZone.Active = true
          and T.Parent.MarketUnit={MarketUnit}
          and T.Comm={Commodity}
          order by T.Parent.BalanceZone.BalanceZoneGroup.Caption || ' - ' || T.Parent.BalanceZone.Caption
        </Param>
        <Param Name="AutoSetWhenOneItem">True</Param>
      </Params>
    </Field>
    <Field Name="DealDirection" Caption="Směr" FieldType="EnumField" Occupation="Line"
           Column="0"
           SelectorType="Path" Selector="DealDirection"
           IsRequired="{IsRequired}&#9;Path;DealType.DealDirectionVis as vis, DealType.Key as key, DealType as dealType&#9;Exp;bool IsRequired=((vis == true &amp;&amp; key != &quot;UNI_ITERCOM_STRGTRANS&quot;) || dealType == null)"
           IsEnabled="{IsEnabled}&#9;Path;DealType.DealDirectionVis as vis, DealType.Key as key, DealType as dealType&#9;Exp;bool IsEnabled=((vis == true &amp;&amp; key != &quot;UNI_ITERCOM_STRGTRANS&quot;) || dealType == null)"
           IsVisible="{IsVisible}&#9;Path;DealType.DealDirectionVis as vis, DealType.Key as key, DealType as dealType&#9;Exp;bool IsVisible=((vis == true &amp;&amp; key != &quot;UNI_ITERCOM_STRGTRANS&quot;) || dealType == null)" >
      <Params>
        <Param Name="HQL">
          select D, D.Caption from DealDirectionType D
        </Param>
        <!--<Param Name="AutoSetWhenOneItem">True</Param>-->
      </Params>
    </Field>
    <Field Name="DealDirectionSSO" Caption="Směr" FieldType="EnumField" Occupation="Line"
           Column="0"
           SelectorType="Path" Selector="DealDirection"
           IsRequired="{IsRequired}&#9;Path;DealType.DealDirectionVis as vis, DealType.Key as key, DealType as dealType&#9;Exp;bool IsRequired=(vis == true &amp;&amp; key == &quot;UNI_ITERCOM_STRGTRANS&quot;)"
           IsEnabled="{IsEnabled}&#9;Path;DealType.DealDirectionVis as vis, DealType.Key as key, DealType as dealType&#9;Exp;bool IsEnabled=(vis == true &amp;&amp; key == &quot;UNI_ITERCOM_STRGTRANS&quot;)"
           IsVisible="{IsVisible}&#9;Path;DealType.DealDirectionVis as vis, DealType.Key as key, DealType as dealType&#9;Exp;bool IsVisible=(vis == true &amp;&amp; key == &quot;UNI_ITERCOM_STRGTRANS&quot;)" >
      <Params>
        <!-- Plnené z behavior protože bagr... -->
        <Param Name="HQL">
          select D, D.CaptionSSO from DealDirectionType D
        </Param>
        <!--<Param Name="AutoSetWhenOneItem">True</Param>-->
      </Params>
    </Field>
    <Field Name="DealType" Caption="Typ obchodu" FieldType="EnumField" IsRequired="False" Occupation="Line"
           ToolTip="Typ obchodu"
           Column="0"
           SelectorType="Path" Selector="DealType"
           Dependents="DealDirection,DealDirectionSSO,BalanceZone,BalanceZoneSource,GPGGrid,GridPointInternal,BalanceZoneTargetId,GridPointExternal,Market,MarketTarget,Coparty,CopartyTrader,AgreementStorage,AgreementCapacity,AgreementBTSCap,InternalShipperEntry,InternalShipperExit,ExternalShipperEntry,ExternalShipperExit,Portfolio,Book,PortfolioTarget,BookTarget,Sleeve,MarketChargeToSelect,MarketChargeValue" >
      <Params>
        <Param Name="HQL">
          SELECT DT, DT.Caption from DealType DT
        </Param>
        <Param Name="AutoSetWhenOneItem">True</Param>
      </Params>
    </Field>
    <Field Name="BalanceZoneSource" Caption="Bilanční zóna zdroj" FieldType="EnumField" Occupation="Line"
           ToolTip="Bilanční zóna zdroj"
           Column="0"
           SelectorType="Path" Selector="BalanceZone"
           IsRequired="{IsRequired}&#9;Path;DealType.BalanceZoneSrcVis as vis&#9;Exp;bool IsRequired=(vis == true)"
           IsEnabled="{IsEnabled}&#9;Path;DealType.BalanceZoneSrcVis as vis&#9;Exp;bool IsEnabled=(vis == true)"
           IsVisible="{IsVisible}&#9;Path;DealType.BalanceZoneSrcVis as vis&#9;Exp;bool IsVisible=(vis == true)" >
      <Params>
        <Param Name="HQL">
          SELECT distinct T.Parent.BalanceZone, T.Parent.BalanceZone.BalanceZoneGroup.Caption || ' - ' || T.Parent.BalanceZone.Caption
          from MU_BZComm T, Market_GP_DT_DDT D
          where T.Parent.BalanceZone.Active = true
          and T.Parent.MarketUnit={MarketUnit}
          and T.Comm={Commodity}
          and D.GridPoint.Grid.BalanceZone=T.Parent.BalanceZone
          and D.DealDirectionTypeFK={DealDirectionFK}
          and D.DealType={DealType}
          order by T.Parent.BalanceZone.BalanceZoneGroup.Caption || ' - ' || T.Parent.BalanceZone.Caption
        </Param>
        <Param Name="AutoSetWhenOneItem">True</Param>
      </Params>
    </Field>
    <Field Name="GPGGrid" Caption="Obchodní bod" FieldType="EnumField" Occupation="Line"
           ToolTip="Vstupní bod v síti platný pro vybraný typ obchodu"
           Column="0"
           SelectorType="Path" Selector="GPGGrid"
           IsRequired="{IsRequired}&#9;Path;DealType.GPGGridVis as vis&#9;Exp;bool IsRequired=(vis == true)"
           IsEnabled="{IsEnabled}&#9;Path;DealType.GPGGridVis as vis&#9;Exp;bool IsEnabled=(vis == true)"
           IsVisible="{IsVisible}&#9;Path;DealType.GPGGridVis as vis&#9;Exp;bool IsVisible=(vis == true)" >
      <Params>
        <Param Name="HQL">
          SELECT distinct MUGP.GridPoint.GPGGrid, MUGP.GridPoint.GPGGrid.Caption
          from MU_GridPoint MUGP, Market_GP_DT_DDT D
          where MUGP.GridPoint.Grid.BalanceZoneFK={BalanceZoneFK}
          and MUGP.MarketUnit={MarketUnit}
          and MUGP.GridPoint.Active = true
          and D.GridPoint=MUGP.GridPoint
          and D.DealType={DealType}
          and D.DealDirectionTypeFK={DealDirectionFK}
          order by MUGP.GridPoint.GPGGrid.Caption
        </Param>
        <Param Name="AutoSetWhenOneItem">True</Param>
      </Params>
    </Field>
    <Field Name="GridPointInternal" FieldType="EnumField" Occupation="Line"
           Caption="{Caption}&#9;Path;DealType.GridPointInternalSrcCapVis as capVis&#9;Exp;string Caption=IIf(capVis == true, &quot;Obchodní bod zdroj&quot;, &quot;Obchodní bod&quot;)"
           ToolTip="Vstupní bod platný pro vybraný typ obchodu"
           Column="0"
           Dependents="InternalShipperEntry,InternalShipperExit,ExternalShipperEntry,ExternalShipperExit"
           SelectorType="Path" Selector="GridPointInternal"
           IsRequired="{IsRequired}&#9;Path;DealType.GridPointInternalVis as vis&#9;Exp;bool IsRequired=(vis == true)"
           IsEnabled="{IsEnabled}&#9;Path;DealType.GridPointInternalVis as vis&#9;Exp;bool IsEnabled=(vis == true)"
           IsVisible="{IsVisible}&#9;Path;DealType.GridPointInternalVis as vis&#9;Exp;bool IsVisible=(vis == true)" >
      <Params>
        <Param Name="HQL">
          SELECT distinct MUGP.GridPoint, MUGP.GridPoint.GridPointType.ShortCaption || ' (' || MUGP.GridPoint.IOType.ShortCaption || ') ' || MUGP.GridPoint.Caption || ' ' || MUGP.GridPoint.Grid.ShortCaption
          from MU_GridPoint MUGP, Market_GP_DT_DDT D
          where MUGP.GridPoint.Grid.BalanceZoneFK={BalanceZoneFK}
          and MUGP.MarketUnit={MarketUnit}
          and MUGP.GridPoint.Active = true
          and D.GridPoint=MUGP.GridPoint
          and D.DealType={DealType}
          and D.DealDirectionTypeFK={DealDirectionFK}
          and ((D.DealType.Key!='UNI_ITERCOM' and D.DealType.Key!='UNI_ITERCOM_STRGTRANS') or MUGP.GridPoint.IOType.Key='Exit')
          order by MUGP.GridPoint.GridPointType.ShortCaption || ' (' || MUGP.GridPoint.IOType.ShortCaption || ') ' || MUGP.GridPoint.Caption || ' ' || MUGP.GridPoint.Grid.ShortCaption
        </Param>
        <Param Name="AutoSetWhenOneItem">True</Param>
      </Params>
    </Field>
    <Field Name="BalanceZoneTargetId" Caption="Bilanční zóna cíl" FieldType="EnumField" Occupation="Line" IsReactive="True" IsBinded="false"
           ToolTip="Bilanční zóna cíl"
           Column="0"
           SelectorType="Const" Selector="{Id??'-1'}&#x9;Path;GridPointExternal.Grid.BalanceZone.Id as Id"
           IsRequired="{IsRequired}&#9;Path;DealType.BalanceZoneTargetVis as vis&#9;Exp;bool IsRequired=(vis == true)"
           IsEnabled="{IsEnabled}&#9;Path;DealType.BalanceZoneTargetVis as vis&#9;Exp;bool IsEnabled=(vis == true)"
           IsVisible="{IsVisible}&#9;Path;DealType.BalanceZoneTargetVis as vis&#9;Exp;bool IsVisible=(vis == true)" >
      <Params>
        <Param Name="HQL">
          SELECT distinct GP.Grid.BalanceZone.Id, GP.Grid.BalanceZone.BalanceZoneGroup.Caption || ' - ' || GP.Grid.BalanceZone.Caption
          from GridPoint GP
          where GP.Grid.BalanceZone!={BalanceZoneSource}
          and GP.GridPointGroupFK={GridPointInternalGroupFK}
          order by GP.Grid.BalanceZone.BalanceZoneGroup.Caption || ' - ' || GP.Grid.BalanceZone.Caption
        </Param>
        <Param Name="AutoSetWhenOneItem">True</Param>
      </Params>
    </Field>
    <Field Name="GridPointExternal" FieldType="EnumField" Occupation="Line"
           Caption="{Caption}&#9;Path;DealType.GridPointExternalSrcCapVis as capVis&#9;Exp;string Caption=IIf(capVis == true, &quot;Obchodní bod cíl&quot;, &quot;Obchodní bod protistrany&quot;)"
           Column="0"
           SelectorType="Path" Selector="GridPointExternal"
           Dependents="ExternalShipperEntry,ExternalShipperExit"
           IsRequired="{IsRequired}&#9;Path;DealType.GridPointExternalVis as vis&#9;Exp;bool IsRequired=(vis == true)"
           IsEnabled="{IsEnabled}&#9;Path;DealType.GridPointExternalVis as vis&#9;Exp;bool IsEnabled=(vis == true)"
           IsVisible="{IsVisible}&#9;Path;DealType.GridPointExternalVis as vis&#9;Exp;bool IsVisible=(vis == true)" >
      <Params>
        <Param Name="HQL">
          SELECT GP, GP.GridPointType.ShortCaption || ' (' || GP.IOType.ShortCaption || ') ' || GP.Caption || ' ' || GP.Grid.ShortCaption
          from GridPoint GP, DealType DT
          where DT={DealType}
          and ((DT.Key='ITERCOM' or DT.Key='STRGTRANS' or DT.Key='UNI_ITERCOM_STRGTRANS') or GP.GridPointTypeFK={GridPointInternalTypeFK})
          and GP.IOTypeFK!={GridPointInternalIOTypeFK}
          and GP.Active=true and GP.GridPointGroupFK={GridPointInternalGroupFK}
          and ((GP.GridPointType.Key!='BTS' and GP.GridPointType.Key!='BGS') or GP.Grid.BalanceZoneFK!={BalanceZoneFK})
          and ((DT.Key!='UNI_ITERCOM' and DT.Key!='UNI_ITERCOM_STRGTRANS') or GP.Grid.BalanceZoneFK={BalanceZoneTargetId})
          order by GP.GridPointType.ShortCaption || ' (' || GP.IOType.ShortCaption || ') ' || GP.Caption || ' ' || GP.Grid.ShortCaption
        </Param>
        <Param Name="AutoSetWhenOneItem">True</Param>
      </Params>
    </Field>
    <Field Name="Market" FieldType="EnumField" IsRequired="False" Occupation="Line"
           Caption="{Caption}&#9;Path;DealType.MarketSrcCapVis as capVis&#9;Exp;string Caption=IIf(capVis == true, &quot;Trh zdroj&quot;, &quot;Trh&quot;)"
           ToolTip="Trh"
           Column="0"
           Dependents="Sleeve,MarketChargeToSelect"
           SelectorType="Path" Selector="Market">
      <Params>
        <Param Name="HQL">
          SELECT M.Market, M.Market.Caption
          from Market_GP_DT_DDT M
          order by M.Market.Caption
        </Param>
        <Param Name="AutoSetWhenOneItem">True</Param>
      </Params>
    </Field>
    <Field Name="MarketTarget" Caption="Trh cíl" FieldType="EnumField" Occupation="Line"
           ToolTip="Trh"
           Column="0"
           SelectorType="Path" Selector="Target_Market"
           IsRequired="{IsRequired}&#9;Path;DealType.MarketTargetVis as vis&#9;Exp;bool IsRequired=(vis == true)"
           IsEnabled="{IsEnabled}&#9;Path;DealType.MarketTargetVis as vis&#9;Exp;bool IsEnabled=(vis == true)"
           IsVisible="{IsVisible}&#9;Path;DealType.MarketTargetVis as vis&#9;Exp;bool IsVisible=(vis == true)" >
      <Params>
        <Param Name="HQL">
          SELECT M.Market, M.Market.Caption
          from Market_GP_DT_DDT M
          order by M.Market.Caption
        </Param>
        <Param Name="AutoSetWhenOneItem">True</Param>
      </Params>
    </Field>
    <Field Name="Coparty" Caption="Protistrana" FieldType="EnumField" Occupation="Line"
           Column="0"
           SelectorType="Path" Selector="Coparty"
           Dependents="Agreement"
           IsRequired="{IsRequired}&#9;Path;DealType.CopartyVis as vis&#9;Exp;bool IsRequired=(vis == true)"
           IsEnabled="{IsEnabled}&#9;Path;DealType.CopartyVis as vis&#9;Exp;bool IsEnabled=(vis == true)"
           IsVisible="{IsVisible}&#9;Path;DealType.CopartyVis as vis&#9;Exp;bool IsVisible=(vis == true)" >
      <Params>
        <Param Name="HQL">
          SELECT T.Coparty, T.Coparty.Subject.Company.Name
          from MU_Market_GP_Coparty T
          where T.Coparty.Active=true
          and T.MarketUnit={MarketUnit}
          and T.GridPoint={GridPointInternal}
          and T.Market={Market}
          order by T.Coparty.Subject.Company.Name
        </Param>
        <Param Name="AutoSetWhenOneItem">True</Param>
      </Params>
    </Field>
    <Field Name="CopartyTrader" Caption="Obchodník protistrany" FieldType="EnumField" Occupation="Line"
           Column="0"
           SelectorType="Path" Selector="CopartyTrader"
           IsRequired="False"
           IsEnabled="{IsEnabled}&#9;Path;DealType.CopartyTraderVis as vis&#9;Exp;bool IsEnabled=(vis == true)"
           IsVisible="{IsVisible}&#9;Path;DealType.CopartyTraderVis as vis&#9;Exp;bool IsVisible=(vis == true)" >
      <Params>
        <Param Name="HQL">
          SELECT CP, concat(CP.Person.LastName, concat(' ', CP.Person.FirstName))
          from ContactPerson CP
          where CP.Active=true
          and CP.TContactPersonType.Key='TRADER'
          and CP.SubjektFK={CopSubjectFK}
          order by CP.Person.LastName
        </Param>

      </Params>
    </Field>
    <Field Name="Agreement" Caption="Smlouva" FieldType="EnumField" IsRequired="False" Occupation="Line"
           Column="0"
           SelectorType="Path" Selector="Agreement">
      <Params>
        <Param Name="HQL">
          SELECT A, A.Caption
          from Agreement A
          where A.MarketUnit={MarketUnit}
          and A.AgreementParty={Coparty}
          order by A.Caption
        </Param>
      </Params>
    </Field>
    <!--            Default="SELECT A, A.Caption from Agreement A where A.MarketUnit={MarketUnit} and A.AgreementParty={Coparty} and A.DefaultForCommodity=true"
 -->

    <Field Name="Subcommodity" Caption="DEBUG: Subkomodita" FieldType="Text" Occupation="Line"
           Column="0" SelectorType="Path" Selector="DealType.Commodity.Caption" IsReadOnly="True"
           IsVisible="{IsVisible}&#x9;Exp;bool IsVisible=(RoleExp(&quot;Admin&quot;))" />

    <!-- *********************** COLUMN 3 **************************************************************************************** -->

    <Field Name="Product" Caption="Produkt" FieldType="EnumField" IsRequired="False" Occupation="Line" IsBinded="False" IsReactive="True"
           ToolTip="Produkt"
           Column="3"
           SelectorType="Const" Selector=""
           Dependents="VolumeCurveProductDiag,VolumeCurveDealDiag,VolumeCurveSingle,VolumeCurve4,PriceCurveProductDiag,PriceCurveDealDiag,PaymentCurveDealDiag,PriceCurveSingle,PriceCurve4">
      <Params>
        <Param Name="HQL">
          SELECT T.Product, T.Product.Name
          from MarketProduct T
          where T.Market={Market}
          and T.Product.Active=true
          and T.Product.Commodity={Commodity}
          and (T.Product.ParentProduct is null)
          order by T.Product.Name
        </Param>
        <Param Name="AutoSetWhenOneItem">True</Param>
      </Params>
    </Field>
    <Field Name="DeliveryFrom" Caption="Platnost OD" FieldType="DateTime" IsRequired="False" Occupation="Line"
           ToolTip="Platnost OD"
           Column="3"
           SelectorType="Path" Selector="DeliveryFrom"
           Dependents="VolumeCurveProductDiag,VolumeCurveDealDiag,VolumeCurveSingle,VolumeCurve4,PriceCurveProductDiag,PriceCurveDealDiag,PaymentCurveDealDiag,PriceCurveSingle,PriceCurve4">
      <Params>
        <Param Name="Mode">Date</Param>
      </Params>
    </Field>
    <Field Name="DeliveryToInc" Caption="Platnost DO" FieldType="DateTime" IsRequired="False" Occupation="Line"
           ToolTip="Platnost DO"
           Column="3"
           SelectorType="Path" Selector="DeliveryToInc"
           Dependents="VolumeCurveProductDiag,VolumeCurveDealDiag,VolumeCurveSingle,VolumeCurve4,PriceCurveProductDiag,PriceCurveDealDiag,PaymentCurveDealDiag,PriceCurveSingle,PriceCurve4">
      <Params>
        <Param Name="Mode">Date</Param>
      </Params>
    </Field>
    <Field Name="AgreementStorage" Caption="Zásobníková smlouva" FieldType="EnumField" Occupation="Line"
           ToolTip="Zásobníková smlouva"
           Column="3"
           SelectorType="Path" Selector="AgreementStorage"
           IsRequired="{IsRequired}&#9;Path;DealType.AgreementStorageVis as vis&#9;Exp;bool IsRequired=(vis == true)"
           IsEnabled="{IsEnabled}&#9;Path;DealType.AgreementStorageVis as vis&#9;Exp;bool IsEnabled=(vis == true)"
           IsVisible="{IsVisible}&#9;Path;DealType.AgreementStorageVis as vis&#9;Exp;bool IsVisible=(vis == true)" >
      <Params>
        <Param Name="HQL">
          select A, A.Caption
          from AgreementStorage A
          where A.SubjectFK={MUSubjectFK}
          and A.AgreementUnitFK={SubcommodityUnitFK}
          and (A.BalanceZoneFK={BalanceZoneFK} or A.BalanceZoneFK={BalanceZoneTargetId})
          and {DeliveryFrom} BETWEEN A.ValidFrom AND A.ValidToEx
          order by A.Caption
        </Param>
        <Param Name="AutoSetWhenOneItem">True</Param>
      </Params>
    </Field>
    <Field Name="AgreementCapacity" Caption="Kapacitní smlouva V/T" FieldType="EnumField" Occupation="Line"
           ToolTip="Kapacitní smlouva V/T"
           Column="3"
           SelectorType="Path" Selector="AgreementCapacity"
           IsRequired="{IsRequired}&#9;Path;DealType.AgreementCapacityVis as vis&#9;Exp;bool IsRequired=(vis == true)"
           IsEnabled="{IsEnabled}&#9;Path;DealType.AgreementCapacityVis as vis&#9;Exp;bool IsEnabled=(vis == true)"
           IsVisible="{IsVisible}&#9;Path;DealType.AgreementCapacityVis as vis&#9;Exp;bool IsVisible=(vis == true)" >
      <Params>
        <Param Name="HQL">
          select A, A.Caption
          from AgreementCapacity A
          where A.AgreementStorage={AgreementStorage}
          and A.CommodityETradeFK={SubcommodityFK}
          and (A.GridPoint={GridPointInternal})
          order by A.Caption
        </Param>
        <Param Name="AutoSetWhenOneItem">True</Param>
      </Params>
    </Field>
    <Field Name="AgreementBTSCap" Caption="Kapacitní smlouva BTS" FieldType="EnumField" Occupation="Line"
           ToolTip="Kapacitní smlouva BTS"
           Column="3"
           SelectorType="Path" Selector="AgreementBTSCap"
           IsRequired="{IsRequired}&#9;Path;DealType.AgreementCapBTSVis as vis&#9;Exp;bool IsRequired=(vis == true)"
           IsEnabled="{IsEnabled}&#9;Path;DealType.AgreementCapBTSVis as vis&#9;Exp;bool IsEnabled=(vis == true)"
           IsVisible="{IsVisible}&#9;Path;DealType.AgreementCapBTSVis as vis&#9;Exp;bool IsVisible=(vis == true)" >
      <Params>
        <Param Name="HQL">
          select A, A.Caption
          from AgreementBTSCap A
          where A.Active=true
          and A.MarketUnit={MarketUnit}
          and A.TargetGridPointType={GridPointExternalTypeFK}
          order by A.Caption
        </Param>
        <Param Name="AutoSetWhenOneItem">True</Param>
      </Params>
    </Field>
    <!-- Nefunguje v HQL case when ... then ... else ... end v subselecte, takže som musel rozdeliť na Entry a Exit -->
    <Field Name="InternalShipperEntry" FieldType="EnumField" Occupation="Line"
           Caption="{Caption}&#9;Path;DealType.InternalShipperSrcCapVis as capVis&#9;Exp;string Caption=IIf(capVis == true, &quot;Identifikátor zdroj&quot;, &quot;Identifikátor internal&quot;)"
           ToolTip="Identifikátor internal"
           Column="3"
           SelectorType="Path" Selector="InternalIdentifier"
           IsRequired="False"
           IsEnabled="{IsEnabled}&#9;Path;DealType.InternalShipperVis as vis, GridPointInternal.IOType.Key as dir&#9;Exp;bool IsEnabled=(vis == true &amp;&amp; dir == &quot;Entry&quot;)"
           IsVisible="{IsVisible}&#9;Path;DealType.InternalShipperVis as vis, GridPointInternal.IOType.Key as dir&#9;Exp;bool IsVisible=(vis == true &amp;&amp; dir == &quot;Entry&quot;)"
           IsReadOnly="{IsReadOnly}&#9;Path;DealType.Key as dtKey&#9;Exp;bool IsReadOnly=(dtKey == &quot;ITRACOM&quot; || dtKey == &quot;ITERCOM&quot;)">
      <Params>
        <Param Name="HQL">
          select distinct A.MuEntrySubjectIdentifier, A.MuEntrySubjectIdentifier.IdentifierValue
          from MU_GPGG_CO_GPGG_SPSP A
          where A.MU_GPGG_CO_GPGG.MarketUnit={MarketUnit}
          and A.MU_GPGG_CO_GPGG.Coparty={Coparty}
          and A.MU_GPGG_CO_GPGG.MuGpEntry={GridPointInternal}
          and A.MU_GPGG_CO_GPGG.CoGpExit={GridPointExternal}
          order by A.MuEntrySubjectIdentifier.IdentifierValue
        </Param>
        <!--<Param Name="AutoSetWhenOneItem">True</Param>-->
      </Params>
    </Field>
    <Field Name="InternalShipperExit" FieldType="EnumField" Occupation="Line"
           Caption="{Caption}&#9;Path;DealType.InternalShipperSrcCapVis as capVis&#9;Exp;string Caption=IIf(capVis == true, &quot;Identifikátor zdroj&quot;, &quot;Identifikátor internal&quot;)"
           ToolTip="Identifikátor internal"
           Column="3"
           SelectorType="Path" Selector="InternalIdentifier"
           IsRequired="False"
           IsEnabled="{IsEnabled}&#9;Path;DealType.InternalShipperVis as vis, GridPointInternal.IOType.Key as dir&#9;Exp;bool IsEnabled=(vis == true &amp;&amp; dir == &quot;Exit&quot;)"
           IsVisible="{IsVisible}&#9;Path;DealType.InternalShipperVis as vis, GridPointInternal.IOType.Key as dir&#9;Exp;bool IsVisible=(vis == true &amp;&amp; dir == &quot;Exit&quot;)"
           IsReadOnly="{IsReadOnly}&#9;Path;DealType.Key as dtKey&#9;Exp;bool IsReadOnly=(dtKey == &quot;ITRACOM&quot; || dtKey == &quot;ITERCOM&quot;)" >
      <Params>
        <Param Name="HQL">
          select distinct A.MuExitSubjectIdentifier, A.MuExitSubjectIdentifier.IdentifierValue
          from MU_GPGG_CO_GPGG_SPSP A
          where A.MU_GPGG_CO_GPGG.MarketUnit={MarketUnit}
          and A.MU_GPGG_CO_GPGG.Coparty={Coparty}
          and A.MU_GPGG_CO_GPGG.MuGpExit={GridPointInternal}
          and A.MU_GPGG_CO_GPGG.CoGpEntry={GridPointExternal}
          order by A.MuExitSubjectIdentifier.IdentifierValue
        </Param>
        <!--<Param Name="AutoSetWhenOneItem">True</Param>-->
      </Params>
    </Field>
    <Field Name="ExternalShipperEntry" FieldType="EnumField" Occupation="Line"
           Caption="{Caption}&#9;Path;DealType.ExternalShipperTargetCapVis as capVis&#9;Exp;string Caption=IIf(capVis == true, &quot;Identifikátor cíl&quot;, &quot;Identifikátor external&quot;)"
           ToolTip="Identifikátor external"
           Column="3"
           SelectorType="Path" Selector="ExternalIdentifier"
           IsRequired="False"
           IsEnabled="{IsEnabled}&#9;Path;DealType.ExternalShipperVis as vis, GridPointExternal.IOType.Key as dir&#9;Exp;bool IsEnabled=(vis == true &amp;&amp; dir == &quot;Entry&quot;)"
           IsVisible="{IsVisible}&#9;Path;DealType.ExternalShipperVis as vis, GridPointExternal.IOType.Key as dir&#9;Exp;bool IsVisible=(vis == true &amp;&amp; dir == &quot;Entry&quot;)"
           IsReadOnly="{IsReadOnly}&#9;Path;DealType.Key as dtKey, GridPointInternal.GridPointType.Key as gpIType, GridPointExternal.GridPointType.Key as gpEType&#9;Exp;bool IsReadOnly=(dtKey == &quot;ITRACOM&quot; || (dtKey == &quot;ITERCOM&quot; &amp;&amp; (gpIType != &quot;BGS&quot; &amp;&amp; gpEType != &quot;BGS&quot;)))" >
      <Params>
        <Param Name="HQL">
          select distinct A.CoEntrySubjectIdentifier, A.CoEntrySubjectIdentifier.IdentifierValue
          from MU_GPGG_CO_GPGG_SPSP A
          where A.MU_GPGG_CO_GPGG.MarketUnit={MarketUnit}
          and A.MU_GPGG_CO_GPGG.Coparty={Coparty}
          and A.MU_GPGG_CO_GPGG.MuGpExit={GridPointInternal}
          and A.MU_GPGG_CO_GPGG.CoGpEntry={GridPointExternal}
          order by A.CoEntrySubjectIdentifier.IdentifierValue
        </Param>
        <!--<Param Name="AutoSetWhenOneItem">True</Param>-->
      </Params>
    </Field>
    <Field Name="ExternalShipperExit" FieldType="EnumField" Occupation="Line"
           Caption="{Caption}&#9;Path;DealType.ExternalShipperTargetCapVis as capVis&#9;Exp;string Caption=IIf(capVis == true, &quot;Identifikátor cíl&quot;, &quot;Identifikátor external&quot;)"
           ToolTip="Identifikátor external"
           Column="3"
           SelectorType="Path" Selector="ExternalIdentifier"
           IsRequired="False"
           IsEnabled="{IsEnabled}&#9;Path;DealType.ExternalShipperVis as vis, GridPointExternal.IOType.Key as dir&#9;Exp;bool IsEnabled=(vis == true &amp;&amp; dir == &quot;Exit&quot;)"
           IsVisible="{IsVisible}&#9;Path;DealType.ExternalShipperVis as vis, GridPointExternal.IOType.Key as dir&#9;Exp;bool IsVisible=(vis == true &amp;&amp; dir == &quot;Exit&quot;)"
           IsReadOnly="{IsReadOnly}&#9;Path;DealType.Key as dtKey, GridPointInternal.GridPointType.Key as gpIType, GridPointExternal.GridPointType.Key as gpEType&#9;Exp;bool IsReadOnly=(dtKey == &quot;ITRACOM&quot; || (dtKey == &quot;ITERCOM&quot; &amp;&amp; (gpIType != &quot;BGS&quot; &amp;&amp; gpEType != &quot;BGS&quot;)))" >
      <Params>
        <Param Name="HQL">
          select distinct A.CoExitSubjectIdentifier, A.CoExitSubjectIdentifier.IdentifierValue
          from MU_GPGG_CO_GPGG_SPSP A
          where A.MU_GPGG_CO_GPGG.MarketUnit={MarketUnit}
          and A.MU_GPGG_CO_GPGG.Coparty={Coparty}
          and A.MU_GPGG_CO_GPGG.MuGpEntry={GridPointInternal}
          and A.MU_GPGG_CO_GPGG.CoGpExit={GridPointExternal}
          order by A.CoExitSubjectIdentifier.IdentifierValue
        </Param>
        <!--<Param Name="AutoSetWhenOneItem">True</Param>-->
      </Params>
    </Field>
    <Field Name="DealKind" Caption="Druh obchodu" FieldType="EnumField" IsRequired="False" Occupation="Line"
           ToolTip="Druh obchodu krátkodobý/dlouhodobý"
           Column="3"
           SelectorType="Path" Selector="DealKind" >
      <Params>
        <Param Name="HQL">
          SELECT K, K.Caption from DealKind K order by K.Caption
        </Param>
        <Param Name="AutoSetWhenOneItem">True</Param>
      </Params>
    </Field>
    <!-- Plnené a ovládané z behaviour -->
    <Field Name="CurrencyETrade" Caption="Měna" FieldType="EnumField" IsRequired="False" Occupation="Line"
           Column="3"
           SelectorType="Path" Selector="CurrencyETrade"
           Dependents="ExchangeRate,ExchangeRateAcc,Price,Payment,NomPrice,NomPayment,FacPrice,FacPayment" >
      <Params>
        <Param Name="HQL">
          SELECT C, C.ShortCaption from CurrencyETrade C
        </Param>
        <Param Name="AutoSetWhenOneItem">True</Param>
      </Params>
    </Field>
    <Field Name="ExchangeRate" Caption="Kurz agregace" FieldType="EnumField" IsRequired="False" Occupation="Line"
           ToolTip="Kurz agregace"
           Column="3"
           SelectorType="Path" Selector="ExchangeRate"
           IsReadOnly="{IsReadOnly}&#9;Path;CurrencyETrade.Id as dealCurr, MarketUnit.MainCurrency.Id as MUMainCurr&#9;Exp;bool IsReadOnly=(dealCurr == MUMainCurr)" >
      <Params>
        <Param Name="HQL">
          SELECT E, E.Caption
          from ExchangeRateSerie E
          where E.Active=true
          and E.ExchangeRateProvider.CounterCurrencyFK={MUMainCurrencyFK}
          and E.BaseCurrency={CurrencyETrade}
          and E.Sample.SampleFK={GridPointInternalGridGridTSampleFK}
          and E.TimeZone.TimeZoneFK={GridPointInternalGridGridTTimeZoneFK}
          order by E.Caption
        </Param>
      </Params>
    </Field>
    <Field Name="ExchangeRateAcc" Caption="Kurz účetní" FieldType="EnumField" IsRequired="False" Occupation="Line"
           ToolTip="Kurz účetní"
           Column="3"
           SelectorType="Path" Selector="ExchangeRateAcc"
           IsReadOnly="{IsReadOnly}&#9;Path;CurrencyETrade.Id as dealCurr, MarketUnit.AccCurrency.Id as MUAccCurr&#9;Exp;bool IsReadOnly=(dealCurr == MUAccCurr)" >
      <Params>
        <Param Name="HQL">
          SELECT E, E.Caption
          from ExchangeRateSerie E
          where E.Active=true
          and E.ExchangeRateProvider.CounterCurrencyFK={MUAccCurrencyFK}
          and E.BaseCurrency={CurrencyETrade}
          and E.Sample.SampleFK={GridPointInternalGridGridTSampleFK}
          and E.TimeZone.TimeZoneFK={GridPointInternalGridGridTTimeZoneFK}
          order by E.Caption
        </Param>
      </Params>
    </Field>
    <Field Name="Portfolio" FieldType="EnumField" IsRequired="False" IsReactive="True" Occupation="Line" IsBinded="false"
           Caption="{Caption}&#9;Path;DealType.PortfolioSrcCapVis as capVis&#9;Exp;string Caption=IIf(capVis == true, &quot;Portfolio zdroj&quot;, &quot;Portfolio&quot;)"
           ToolTip="Portfolio - výběr z portfolií obchodní jednotky"
           Column="3"
           SelectorType="Const" Selector="{Id??'-1'}&#x9;Path;Book.Portfolio.Id as Id" >
      <Params>
        <!-- ovládané z egbDeal -->
        <Param Name="HQL">
          SELECT PC.Portfolio.Id, PC.Portfolio.Caption
          from PortfolioCommodity PC
          where PC.Portfolio.Active=true
          and PC.Active=true
          and PC.Portfolio.MarketUnit={MarketUnit}
          and PC.CommodityFK={SubcommodityFK}
          order by PC.Portfolio.Caption
        </Param>
      </Params>
    </Field>
    <Field Name="Book" FieldType="EnumField" IsRequired="False" Occupation="Line"
           Caption="{Caption}&#9;Path;DealType.BookSrcCapVis as capVis&#9;Exp;string Caption=IIf(capVis == true, &quot;Kniha zdroj&quot;, &quot;Kniha&quot;)"
           ToolTip="Kniha - výběr z knih portfolia"
           Column="3"
           SelectorType="Path" Selector="Book">
      <Params>
        <!-- ovládané z egbDeal -->
        <Param Name="HQL">
          SELECT BC.Book, BC.Book.Caption
          from BookCommodity BC
          where BC.Book.Active=true
          and BC.Active=true
          and BC.Book.PortfolioFK={Portfolio}
          and BC.CommodityFK={SubcommodityFK}
          order by BC.Book.Caption
        </Param>
        <Param Name="AutoSetWhenOneItem">True</Param>
      </Params>
    </Field>
    <Field Name="PortfolioTarget" Caption="Portfolio cíl" FieldType="EnumField" IsReactive="True" Occupation="Line" IsBinded="false"
           ToolTip="Portfolio - výběr z portfolií obchodní jednotky"
           Column="3"
           SelectorType="Const" Selector="{Id??'-1'}&#x9;Path;Target_Book.Portfolio.Id as Id"
           IsRequired="{IsRequired}&#9;Path;DealType.PortfolioTargetVis as vis&#9;Exp;bool IsRequired=(vis == true)"
           IsEnabled="{IsEnabled}&#9;Path;DealType.PortfolioTargetVis as vis&#9;Exp;bool IsEnabled=(vis == true)"
           IsVisible="{IsVisible}&#9;Path;DealType.PortfolioTargetVis as vis&#9;Exp;bool IsVisible=(vis == true)" >
      <Params>
        <Param Name="HQL">
          SELECT PC.Portfolio.Id, PC.Portfolio.Caption
          from PortfolioCommodity PC
          where PC.Portfolio.Active=true
          and PC.Active=true
          and PC.Portfolio.MarketUnit={MarketUnit}
          and PC.CommodityFK={SubcommodityFK}
          order by PC.Portfolio.Caption
        </Param>
      </Params>
    </Field>
    <Field Name="BookTarget" Caption="Kniha cíl" FieldType="EnumField" Occupation="Line"
           ToolTip="Kniha - výběr z knih portfolia"
           Column="3"
           SelectorType="Path" Selector="Target_Book"
           IsRequired="{IsRequired}&#9;Path;DealType.BookTargetVis as vis&#9;Exp;bool IsRequired=(vis == true)"
           IsEnabled="{IsEnabled}&#9;Path;DealType.BookTargetVis as vis&#9;Exp;bool IsEnabled=(vis == true)"
           IsVisible="{IsVisible}&#9;Path;DealType.BookTargetVis as vis&#9;Exp;bool IsVisible=(vis == true)" >
      <Params>
        <Param Name="HQL">
          SELECT B, B.Caption
          from Book B
          where B.PortfolioFK={PortfolioTarget}
          and B != {Book}
          order by B.Caption
        </Param>
        <Param Name="AutoSetWhenOneItem">True</Param>
      </Params>
    </Field>
    <Field Name="DealReason" Caption="Důvod" FieldType="EnumField" Occupation="Line"
           ToolTip="Důvod"
           Column="3"
           SelectorType="Path" Selector="DealPurpose"
           IsRequired="False"
           IsEnabled="True"
           IsVisible="True" >
      <Params>
        <Param Name="HQL">
          SELECT P, P.Caption
          from DealPurpose P
          where P.Active=true
          order by P.Caption
        </Param>
        <Param Name="AutoSetWhenOneItem">False</Param>
      </Params>
    </Field>
    <Field Name="DealAccType" Caption="Způsob zaúčtování" FieldType="EnumField" Occupation="Line"
           ToolTip="Způsob zaúčtování"
           Column="3"
           SelectorType="Path" Selector="DealAccType"
           IsRequired="False"
           IsEnabled="True"
           IsVisible="True" >
      <Params>
        <Param Name="HQL">
          SELECT T, T.Caption
          from DealAccType T
          where T.Active=true
          order by T.Caption
        </Param>
        <Param Name="AutoSetWhenOneItem">True</Param>
      </Params>
    </Field>

    <!-- *********************** COLUMN 6 **************************************************************************************** -->

    <Field Name="SettledAt" Caption="Uzavřeno" FieldType="DateTime" IsRequired="False" Occupation="Line"
           Column="6"
           ToolTip="Datum uzavření obchodu"
           SelectorType="Path" Selector="SettledAt" >
      <Params>
        <Param Name="Mode">DateTime</Param>
      </Params>
    </Field>
    <Field Name="DealState" Caption="Stav" FieldType="Text" IsReactive="True" IsReadOnly="True" Occupation="Line" IsBinded="true"
           ToolTip="Stav obchodu"
           Column="6"
           SelectorType="Path" Selector="DealState.Caption" >
      <Params>
        <Param Name="Buttons">
          <Param Name="btnChangeState">Změnit stav</Param>
        </Param>
      </Params>
    </Field>
    <Field Name="DealStateWanted" Caption="Požadovaný stav" FieldType="Text" IsReactive="True" IsReadOnly="True" Occupation="Line" IsBinded="true"
           ToolTip="Požadovaný stav obchodu"
           Column="6"
           SelectorType="Path" Selector="DealStateWanted.Caption" />
    <Field Name="CreatedBy" Caption="Obchodník" FieldType="EnumField" IsRequired="False" Occupation="Line"
           ToolTip="Obchodník, který do systému obchod zadal"
           Column="6"
           SelectorType="Path" Selector="CreatedBy" >
      <DetailsButton IsVisible="False" Form="egeIdentity" UnionTransaction="True" />
      <Params>
        <Param Name="HQL">
          SELECT CP.IdentityView, CP.Person.LastName || ' ' || CP.Person.FirstName
          from ContactPerson CP
          where CP.Active=true
          and CP.TContactPersonType.Key='TRADER'
          and CP.SubjektFK={MUSubjectFK}
          order by CP.Person.LastName || ' ' || CP.Person.FirstName
        </Param>
        <Param Name="HQLtxt">SELECT CP.Person.LastName || ' ' || CP.Person.FirstName from ContactPerson CP where CP.IdentityView = {0}</Param>
      </Params>
    </Field>
    <Field Name="AcceptedBy" Caption="Schválil" FieldType="EnumField" IsReadOnly="True" Occupation="Line"
           ToolTip="Obchodník, který obchod schválil"
           Column="6"
           SelectorType="Path" Selector="AcceptedBy" >
      <DetailsButton IsVisible="False" Form="egeIdentity" UnionTransaction="True" />
      <Params>
        <Param Name="HQL">
          SELECT CP.IdentityView, CP.Person.LastName || ' ' || CP.Person.FirstName
          from ContactPerson CP
          where CP.Active=true
          and CP.TContactPersonType.Key='TRADER'
          and CP.SubjektFK={MUSubjectFK}
          order by CP.Person.LastName || ' ' || CP.Person.FirstName
        </Param>
        <Param Name="HQLtxt">SELECT CP.Person.LastName || ' ' || CP.Person.FirstName from ContactPerson CP where CP.IdentityView = {0}</Param>
      </Params>
    </Field>   
    <Field Name="AcceptedAt" Caption="Naposledy schváleno" FieldType="DateTime" IsReadOnly="True" Occupation="Line"
           ToolTip="Čas posledního schválení obchodu - kdy byl obchod naposled schválen v systému"
           Column="6"
           SelectorType="Path" Selector="AcceptedAt" >
      <Params>
        <Param Name="Mode">DateTime</Param>
      </Params>
    </Field>
    <Field Name="ResetTimeStamp" Caption="Naposledy přetočeno" FieldType="DateTime" IsReadOnly="True" Occupation="Line"
           ToolTip="Čas posledního přetočení obchodu - kdy byl obchod naposled přetočen ze stavu Schváleno do stavu Návrh"
           Column="6"
           SelectorType="Path" Selector="ResetTimeStamp" >
      <Params>
        <Param Name="Mode">DateTime</Param>
      </Params>
    </Field>
    <Field Name="Sleeve" Caption="Sleeve" FieldType="BoolField" Occupation="Line"
           ToolTip="Zda se jedná o obchod typu Sleeve"
           Column="6"
					 SelectorType="Path" Selector="Sleeve"
           Default="False"
           IsRequired="False"
           IsReadOnly="{IsReadOnly}&#9;Path;Market.HasSleeveDeals as Sleeves, DealType.SleeveVis as vis&#9;Exp;bool IsReadOnly=!(Sleeves == true &amp;&amp; vis == true)"
           IsEnabled="{IsEnabled}&#9;Path;DealType.SleeveVis as vis&#9;Exp;bool IsEnabled=(vis == true)"
           IsVisible="{IsVisible}&#9;Path;DealType.SleeveVis as vis&#9;Exp;bool IsVisible=(vis == true)" />
    <!-- Plní a nastavuje sa z behaviour -->
    <Field Name="MarketChargeAutomat" Column="6" Caption="Automatický poplatek" ToolTip="Povinný poplatek automatický" FieldType="BoolField" SelectorType="Path" Selector="IsMarketChargeAutomat" Occupation="Line" IsReadOnly="true"/>
    <Field Name="MarketChargeManual" Column="6" Caption="Ruční poplatek" ToolTip="Ruční poplatek" FieldType="BoolField" SelectorType="Path" Selector="IsMarketChargeManual" Occupation="Line" IsReadOnly="true"/>
    <Field Name="MarketChargeToSelect" Caption="Povinný poplatek" FieldType="EnumField" Occupation="Line"
           ToolTip="Povinný poplatek výběrem"
           Column="6"
           SelectorType="Path" Selector="DealMarketChargeSelect.MarketCharge"
           Dependents="MarketChargeValue"
           IsReadOnly="{IsReadOnly}&#9;Path;Market.HasReqChargeSelect as HasReqChargeSelect&#9;Exp;bool IsReadOnly=(HasReqChargeSelect != true)"
           IsRequired="False"
           IsEnabled="{IsEnabled}&#9;Path;Market.HasReqChargeSelect as HasReqChargeSelect&#9;Exp;bool IsEnabled=(HasReqChargeSelect == true)"
           IsVisible="{IsVisible}&#9;Path;DealType.IsUnited as isUnited, Parent as parent&#9;Exp;bool IsVisible=(isUnited != true &amp;&amp; parent == null)" >
      <Params>
        <Param Name="HQL">
          SELECT MCH, MCH.Caption
          from MarketCharge MCH
        </Param>
      </Params>
    </Field>
    <Field Name="MarketChargeValue" Caption="Hodnota poplatku" FieldType="Number" Occupation="Line"
			     Column="6"
           SelectorType="Path" Selector="DealMarketChargeSelect.ChargeValue"
           IsRequired="{IsRequired}&#9;Path;DealMarketChargeSelect.MarketCharge.Individual as individual&#9;Exp;bool IsRequired=(individual == true)"
           IsEnabled="{IsEnabled}&#9;Path;DealMarketChargeSelect.MarketCharge.Individual as individual&#9;Exp;bool IsEnabled=(individual == true)"
           IsReadOnly="{IsReadOnly}&#9;Path;DealMarketChargeSelect.MarketCharge.Individual as individual&#9;Exp;bool IsReadOnly=!(individual == true)"
           IsVisible="{IsVisible}&#9;Path;DealType.IsUnited as isUnited, Parent as parent&#9;Exp;bool IsVisible=(isUnited != true &amp;&amp; parent == null)" >
      <Params>
        <Param Name="Format">{0:#,##0.000}</Param>
      </Params>
    </Field>

    <Field Name="Grid" Caption="DEBUG: Síť" FieldType="Text" Occupation="Line"
           Column="6" SelectorType="Path" Selector="GridPointInternal.Grid.Caption" IsReadOnly="True"
           IsVisible="{IsVisible}&#x9;Exp;bool IsVisible=(RoleExp(&quot;Admin&quot;))" />
    <Field Name="MUMainCurrency" Caption="DEBUG: Měna agregace" FieldType="Text" Occupation="Line"
           Column="6" SelectorType="Path" Selector="MarketUnit.MainCurrency.ShortCaption" IsReadOnly="True"
           IsVisible="{IsVisible}&#x9;Exp;bool IsVisible=(RoleExp(&quot;Admin&quot;))" />
    <Field Name="MUAccCurrency" Caption="DEBUG: Měna účetní" FieldType="Text" Occupation="Line"
           Column="6" SelectorType="Path" Selector="MarketUnit.AccCurrency.ShortCaption" IsReadOnly="True"
           IsVisible="{IsVisible}&#x9;Exp;bool IsVisible=(RoleExp(&quot;Admin&quot;))" />

    <!-- *********************** COLUMN 0 **************************************************************************************** -->

    <!-- Na přání DP 
    
    PRODUCT_DIAGRAM (Křivka u produktu)
    USER_DIAGRAM (Uživatelský diagram u obchodu)
    DEAL_DIAGRAM (Křivka u obchodu - výběr z existujících křivek)
    CALCULATION (Kalkulace produktu)
    
v závislosti na vybraném produktu resp. jeho atributu EnergySourceFK se zobrazuje buď pole Výkonová křivka nebo Energie nebo nic. 
a) Výkonová křivka v módu readonly - Product.EnergySource.Key(ValueSourceType) = PRODUCT_DIAGRAM nebo CALCULATION - v těchto případech se zkopíruje výkonnová křivka z vybraného produktu
b) Výkonnová křivka s možností výběru výkonnové křivky - Product.EnergySource.Key(ValueSourceType) =DEAL_DIAGRAM
c) Energie - Product.EnergySource.Key(ValueSourceType) = USER_DIAGRAM a zároveň je právě jedna perioda (EnergyPeriod) v zadaném rozsahu od-do (rozhodování by měla řešit spec. třída k produktu)
d) Jen label - Product.EnergySource.Key(ValueSourceType) = USER_DIAGRAM a zároveň je více period - Label bude obsahovat text - "Energii zadejte na záložce Výkon"

Pro možnost c) je vhodné zobrazit jaká perioda hodnoty je zadávána např. hodina, den,  -->

    <!-- Možnost a) Výkonová křivka v módu readonly - ValueSourceType.Key = PRODUCT_DIAGRAM nebo CALCULATION - v těchto případech se zkopíruje výkonnová křivka z vybraného produktu-->
    <Field Name="VolumeCurveProductDiag" Caption="Energie" FieldType="Text" IsReadOnly="True" Occupation="Line"
           ToolTip="Výkonová křivka"
           Column="0" Row="15"
           SelectorType="Path" Selector="Product.VolumeCurve.Caption"
           IsVisible="{IsVisible}&#x9;Path;Product.EnergySource.Key as ValueSourceTypeKey&#x9;Exp;bool IsVisible=(ValueSourceTypeKey==&quot;PRODUCT_DIAGRAM&quot; || ValueSourceTypeKey==&quot;CALCULATION&quot;)" />
    <!-- Možnost b) Výkonnová křivka s možností výběru výkonnové křivky - ValueSourceType.Key = DEAL_DIAGRAM-->
    <Field Name="VolumeCurveDealDiag" Caption="Energie" FieldType="EnumField" Occupation="Line"
           ToolTip="Výkonová křivka"
           Column="0" Row="15"
           SelectorType="Path" Selector="Product.VolumeCurve"
           IsVisible="{IsVisible}&#x9;Path;Product.EnergySource.Key as ValueSourceTypeKey&#x9;Exp;bool IsVisible=(ValueSourceTypeKey==&quot;DEAL_DIAGRAM&quot;)"
           IsRequired="{IsRequired}&#x9;Path;Product.EnergySource.Key as ValueSourceTypeKey&#x9;Exp;bool IsRequired=(ValueSourceTypeKey==&quot;DEAL_DIAGRAM&quot;)" >
      <Params>
        <!-- Porovnáva sa SampleETrade a TTimeZone!! -->
        <Param Name="HQL">
          SELECT IC, IC.Caption
          from IndexCurve IC
          where IC.IndexCurveType.Key='PowerCurve'
        </Param>
      </Params>
    </Field>
    <!-- Možnost c) Energie - ValueSourceType.Key = USER_DIAGRAM a zároveň je právě jedna perioda (EnergyPeriod) v zadaném rozsahu od-do (rozhodování by měla řešit spec. třída k produktu)-->
    <Field Name="VolumeCurveSingle" FieldType="Number" IsEnabled="True" IsBinded="True" Occupation="Line"
           Caption="{Caption}&#x9;Path;Product.EnergyUnitPeriod.Caption as EnergyPeriodCaption&#x9;Exp;string Caption=&quot;Energie (&quot; + EnergyPeriodCaption + &quot;)&quot;"
           ToolTip="Energie"
           Column="0" Row="15"
           SelectorType="Path" Selector="VolumeTsSingleValue"
           IsVisible="{IsVisible}&#x9;Path;Product.EnergySource.Key as ValueSourceTypeKey&#x9;Path;VolumePeriods as DealVolumePeriods&#x9;Exp;bool IsVisible=(ValueSourceTypeKey==&quot;USER_DIAGRAM&quot; &amp;&amp; DealVolumePeriods==1)"
           IsRequired="False" >
      <Params>
        <Param Name="Format">{0:#,##0.000}</Param>
        <Param Name="StringEditFormat">{0:#,##0.000}</Param>
      </Params>
    </Field>
    <!-- Možnost d) Jen label - ValueSourceType.Key = USER_DIAGRAM a zároveň je více period - Label bude obsahovat text - Energii zadejte na záložce Výkon-->
    <Field Name="VolumeCurve4" Caption="Energie" FieldType="Text" Occupation="Line"
           ToolTip="Výkonová křivka"
           Column="0" Row="15"
           SelectorType="Const" Selector="zadejte na záložce Diagramy"
           IsVisible="{IsVisible}&#x9;Path;Product.EnergySource.Key as ValueSourceTypeKey&#x9;Path;VolumePeriods as DealVolumePeriods&#x9;Exp;bool IsVisible=(ValueSourceTypeKey==&quot;USER_DIAGRAM&quot; &amp;&amp; DealVolumePeriods!=1)" />


    <!-- Další přání DP

Stejné jako pro Výkonová křivka / Energie - jen na místo EnergySourceFK se bere PriceSourceFK a na místo EnergyPeriod se bere PricePeriod a label bude Cenu zadejte na záložce Cena -->

    <!-- Možnost a) Cenová křivka v módu readonly - ValueSourceType.Key = PRODUCT_DIAGRAM nebo CALCULATION - v těchto případech se zkopíruje výkonnová křivka z vybraného produktu-->
    <Field Name="PriceCurveProductDiag" FieldType="Text" Occupation="Line" IsReadOnly="True"
           Caption="{Caption}&#x9;Path;Product.IsPaymentType as isPayment&#x9;Exp;string Caption=IIf(isPayment == true, &quot;Platba&quot;, &quot;Cena&quot;)"
           ToolTip="Cena"
           Column="0" Row="16"
           SelectorType="Path" Selector="Product.PriceCurve.Caption"
           IsVisible="{IsVisible}&#x9;Path;Product.PriceSource.Key as ValueSourceTypeKey&#x9;Exp;bool IsVisible=(ValueSourceTypeKey==&quot;PRODUCT_DIAGRAM&quot; || ValueSourceTypeKey==&quot;CALCULATION&quot;)" />

    <!-- Možnost b) Cenová křivka s možností výběru výkonnové křivky - ValueSourceType.Key = DEAL_DIAGRAM-->
    <Field Name="PriceCurveDealDiag" Caption="Cena" FieldType="EnumField" Occupation="Line"
           ToolTip="Cena"
           Column="0" Row="16"
           SelectorType="Path" Selector="Product.PriceCurve"
           IsVisible="{IsVisible}&#x9;Path;Product.PriceSource.Key as ValueSourceTypeKey, Product.IsPaymentType as isPayment&#x9;Exp;bool IsVisible=(ValueSourceTypeKey==&quot;DEAL_DIAGRAM&quot; &amp;&amp; isPayment != true)"
           IsRequired="{IsRequired}&#x9;Path;Product.PriceSource.Key as ValueSourceTypeKey, Product.IsPaymentType as isPayment&#x9;Exp;bool IsRequired=(ValueSourceTypeKey==&quot;DEAL_DIAGRAM&quot; &amp;&amp; isPayment != true)" >
      <Params>
        <!-- Porovnáva sa SampleETrade a TTimeZone!! -->
        <Param Name="HQL">
          SELECT IC, IC.Caption
          from IndexCurve IC
          where IC.IndexCurveType.Key='PriceCurve'
          and IC.Currency={CurrencyETrade}
        </Param>
      </Params>
    </Field>
    <!-- Možnost b) Cenová křivka s možností výběru výkonnové křivky - ValueSourceType.Key = DEAL_DIAGRAM-->
    <Field Name="PaymentCurveDealDiag" Caption="Platba" FieldType="EnumField" Occupation="Line"
           ToolTip="Platba"
           Column="0" Row="16"
           SelectorType="Path" Selector="Product.PriceCurve"
           IsVisible="{IsVisible}&#x9;Path;Product.PriceSource.Key as ValueSourceTypeKey, Product.IsPaymentType as isPayment&#x9;Exp;bool IsVisible=(ValueSourceTypeKey==&quot;DEAL_DIAGRAM&quot; &amp;&amp; isPayment == true)"
           IsRequired="{IsRequired}&#x9;Path;Product.PriceSource.Key as ValueSourceTypeKey, Product.IsPaymentType as isPayment&#x9;Exp;bool IsRequired=(ValueSourceTypeKey==&quot;DEAL_DIAGRAM&quot; &amp;&amp; isPayment == true)" >
      <Params>
        <!-- Porovnáva sa SampleETrade a TTimeZone!! -->
        <Param Name="HQL">
          SELECT IC, IC.Caption
          from IndexCurve IC
          where IC.IndexCurveType.Key='PaymentCurve'
          and IC.Currency={CurrencyETrade}
        </Param>
      </Params>
    </Field>
    <!-- Možnost c) Cenová - ValueSourceType.Key = USER_DIAGRAM a zároveň je právě jedna perioda (EnergyPeriod) v zadaném rozsahu od-do (rozhodování by měla řešit spec. třída k produktu)-->
    <Field Name="PriceCurveSingle" FieldType="Number" IsEnabled="True" IsBinded="True" Occupation="Line"
           Caption="{Caption}&#x9;Path;Product.IsPaymentType as isPayment, Product.PriceUnitPeriod.Caption as PricePeriodCaption&#x9;Exp;string Caption=IIf(isPayment == true, &quot;Platba&quot;, &quot;Cena&quot;) + &quot; (&quot; + PricePeriodCaption + &quot;)&quot;"
           ToolTip="Cena"
           Column="0" Row="16"
           SelectorType="Path" Selector="PriceTsSingleValue"
           IsVisible="{IsVisible}&#x9;Path;Product.PriceSource.Key as ValueSourceTypeKey&#x9;Path;PricePeriods as DealPricePeriods&#x9;Exp;bool IsVisible=(ValueSourceTypeKey==&quot;USER_DIAGRAM&quot; &amp;&amp; DealPricePeriods==1)"
           IsRequired="False" >
      <Params>
        <Param Name="Format">{0:#,##0.000}</Param>
        <Param Name="StringEditFormat">{0:#,##0.000}</Param>
      </Params>
    </Field>

    <!-- Možnost d) Jen label - ValueSourceType.Key = USER_DIAGRAM a zároveň je více period - Label bude obsahovat text - Cenu zadejte na záložce Cena-->
    <Field Name="PriceCurve4" FieldType="Text" Occupation="Line"
           Caption="{Caption}&#x9;Path;Product.IsPaymentType as isPayment&#x9;Exp;string Caption=IIf(isPayment == true, &quot;Platba&quot;, &quot;Cena&quot;)"
           ToolTip="Cena"
           Column="0" Row="16"
           SelectorType="Const" Selector="zadejte na záložce Cena"
           IsVisible="{IsVisible}&#x9;Path;Product.PriceSource.Key as ValueSourceTypeKey&#x9;Path;PricePeriods as DealPricePeriods&#x9;Exp;bool IsVisible=(ValueSourceTypeKey==&quot;USER_DIAGRAM&quot; &amp;&amp; DealPricePeriods!=1)" />

    <!-- *********************** COLUMN 3 **************************************************************************************** -->

    <Field Name="AverageVolumeH" Caption="Ø Energie hod [MWh]" FieldType="Text" IsReadOnly="True" Occupation="Line"
           ToolTip="Průměrné hodinové množství"
           Column="3" Row="15"
           SelectorType="Path" Selector="VolumeHourlyAvg">
      <Params>
        <Param Name="Format">{0:#,##0.000}</Param>
        <Param Name="Justify">Right</Param>
      </Params>
    </Field>
    <Field Name="TotalVolume" Caption="Energie [MWh]" FieldType="Text" IsReadOnly="True" Occupation="Line"
           ToolTip="Agregované množství"
           Column="3" Row="16"
           SelectorType="Path" Selector="Volume">
      <Params>
        <Param Name="Format">{0:#,##0.000}</Param>
        <Param Name="Justify">Right</Param>
      </Params>
    </Field>

    <!-- *********************** COLUMN 6 **************************************************************************************** -->

    <Field Name="Price" FieldType="Text" IsReadOnly="True" Occupation="Line"
           Caption="{Caption}&#x9;Path;CurrencyETrade.ShortCaption as Currency&#x9;Exp;string Caption=&quot;Cena [&quot; + (Currency??&quot;&quot;) + &quot;/MWh]&quot;"
           ToolTip="Vážený průměr ceny v měně obchodu"
           Column="6" Row="15"
           SelectorType="Path" Selector="Price">
      <Params>
        <Param Name="Format">{0:#,##0.000}</Param>
        <Param Name="Justify">Right</Param>
      </Params>
    </Field>
    <Field Name="Payment" FieldType="Text" IsReadOnly="True" Occupation="Line"
           Caption="{Caption}&#x9;Path;CurrencyETrade.ShortCaption as Currency&#x9;Exp;string Caption=&quot;Platba [&quot; + (Currency??&quot;&quot;) + &quot;]&quot;"
           ToolTip="Celková platba obchodu v měně obchodu"
           Column="6" Row="16"
           SelectorType="Path" Selector="Payment">
      <Params>
        <Param Name="Format">{0:#,##0.00}</Param>
        <Param Name="Justify">Right</Param>
      </Params>
    </Field>
    <Field Name="PriceMU" FieldType="Text" IsReadOnly="True" Occupation="Line"
           Caption="{Caption}&#x9;Path;MarketUnit.MainCurrency.ShortCaption as Currency&#x9;Exp;string Caption=&quot;Cena [&quot; + (Currency??&quot;&quot;) + &quot;/MWh]&quot;"
           ToolTip="Vážený průměr ceny v měně obchodní jednotky"
           Column="6" Row="17"
           SelectorType="Path" Selector="PriceMU">
      <Params>
        <Param Name="Format">{0:#,##0.000}</Param>
        <Param Name="Justify">Right</Param>
      </Params>
    </Field>
    <Field Name="PaymentMU" FieldType="Text" IsReadOnly="True" Occupation="Line"
           Caption="{Caption}&#x9;Path;MarketUnit.MainCurrency.ShortCaption as Currency&#x9;Exp;string Caption=&quot;Platba [&quot; + (Currency??&quot;&quot;) + &quot;]&quot;"
           ToolTip="Celková platba obchodu v měně obchodní jednotky"
           Column="6" Row="18"
           SelectorType="Path" Selector="PaymentMU">
      <Params>
        <Param Name="Format">{0:#,##0.00}</Param>
        <Param Name="Justify">Right</Param>
      </Params>
    </Field>
    <Field Name="SampleGrid" Caption="DEBUG: Vzorek(síť)" FieldType="Text" Occupation="Line"
           Column="0" Row="19" SelectorType="Path" Selector="GridETrade.Grid.TSample.Key" IsReadOnly="True"
           IsVisible="{IsVisible}&#x9;Exp;bool IsVisible=(RoleExp(&quot;Admin&quot;))" />
    <Field Name="TimeZoneGrid" Caption="DEBUG: Zóna(síť)" FieldType="Text" Occupation="Line"
           Column="0" Row="20" SelectorType="Path" Selector="GridETrade.Grid.TTimeZone.Key" IsReadOnly="True"
           IsVisible="{IsVisible}&#x9;Exp;bool IsVisible=(RoleExp(&quot;Admin&quot;))" />
    <Field Name="SampleEnergyUnit" Caption="DEBUG: Vzorek(EnergyUnitPeriod)" FieldType="Text" Occupation="Line"
           Column="3" Row="19" SelectorType="Path" Selector="Product.EnergyUnitPeriod.Key" IsReadOnly="True"
           IsVisible="{IsVisible}&#x9;Exp;bool IsVisible=(RoleExp(&quot;Admin&quot;))" />
    <Field Name="SampleEnergy" Caption="DEBUG: Vzorek(EnergyPeriod)" FieldType="Text" Occupation="Line"
           Column="3" Row="20" SelectorType="Path" Selector="Product.EnergyPeriod.Key" IsReadOnly="True"
           IsVisible="{IsVisible}&#x9;Exp;bool IsVisible=(RoleExp(&quot;Admin&quot;))" />
    <Field Name="SamplePriceUnit" Caption="DEBUG: Vzorek(PriceUnitPeriod)" FieldType="Text" Occupation="Line"
           Column="6" Row="19" SelectorType="Path" Selector="Product.PriceUnitPeriod.Key" IsReadOnly="True"
           IsVisible="{IsVisible}&#x9;Exp;bool IsVisible=(RoleExp(&quot;Admin&quot;))" />
    <Field Name="SamplePrice" Caption="DEBUG: Vzorek(PricePeriod)" FieldType="Text" Occupation="Line"
           Column="6" Row="20" SelectorType="Path" Selector="Product.PricePeriod.Key" IsReadOnly="True"
           IsVisible="{IsVisible}&#x9;Exp;bool IsVisible=(RoleExp(&quot;Admin&quot;))" />
  </FieldSection>
  <FieldSection Name="Statistics" Caption="Nominační a fakturační výkon">
    <Columns>
      <Column Width="*" />
      <Column Width="*" />
      <Column Width="20" />
      <Column Width="*" />
      <Column Width="*" />
      <Column Width="20" />
      <Column Width="*" />
      <Column Width="*" />
    </Columns>
    <!-- iba popisky -->
    <Field Name="NomLabel" FieldType="Text" IsReadOnly="False" Occupation="Line" Caption="Nominační výkon"
           Column="0" CaptionColspan="2" Colspan="0" Row="0" SelectorType="Const" Selector="" />
    <Field Name="FacLabel" FieldType="Text" IsReadOnly="False" Occupation="Line" Caption="Fakturační výkon"
           Column="0" CaptionColspan="2" Colspan="0" Row="5" SelectorType="Const" Selector="" />

    <!-- *********************** Nominační výkon **************************************************************************************** -->
    <Field Name="NomAverageVolumeH" Caption="Ø Energie hod [MWh]" FieldType="Text" IsReadOnly="True" Occupation="Line"
           ToolTip="Průměrné hodinové množství"
           Column="3" Row="0"
           SelectorType="Path" Selector="NomVolumeHourlyAvg">
      <Params>
        <Param Name="Format">{0:#,##0.000}</Param>
        <Param Name="Justify">Right</Param>
      </Params>
    </Field>
    <Field Name="NomTotalVolume" Caption="Energie [MWh]" FieldType="Text" IsReadOnly="True" Occupation="Line"
           ToolTip="Agregované množství"
           Column="3" Row="1"
           SelectorType="Path" Selector="NomVolume">
      <Params>
        <Param Name="Format">{0:#,##0.000}</Param>
        <Param Name="Justify">Right</Param>
      </Params>
    </Field>
    <Field Name="NomPrice" FieldType="Text" IsReadOnly="True" Occupation="Line"
           Caption="{Caption}&#x9;Path;CurrencyETrade.ShortCaption as Currency&#x9;Exp;string Caption=&quot;Cena [&quot; + (Currency??&quot;&quot;) + &quot;/MWh]&quot;"
           ToolTip="Vážený průměr ceny v měně obchodu"
           Column="6" Row="0"
           SelectorType="Path" Selector="NomPrice">
      <Params>
        <Param Name="Format">{0:#,##0.000}</Param>
        <Param Name="Justify">Right</Param>
      </Params>
    </Field>
    <Field Name="NomPayment" FieldType="Text" IsReadOnly="True" Occupation="Line"
           Caption="{Caption}&#x9;Path;CurrencyETrade.ShortCaption as Currency&#x9;Exp;string Caption=&quot;Platba [&quot; + (Currency??&quot;&quot;) + &quot;]&quot;"
           ToolTip="Celková platba obchodu v měně obchodu"
           Column="6" Row="1"
           SelectorType="Path" Selector="NomPayment">
      <Params>
        <Param Name="Format">{0:#,##0.00}</Param>
        <Param Name="Justify">Right</Param>
      </Params>
    </Field>
    <Field Name="NomPriceMU" FieldType="Text" IsReadOnly="True" Occupation="Line"
           Caption="{Caption}&#x9;Path;MarketUnit.MainCurrency.ShortCaption as Currency&#x9;Exp;string Caption=&quot;Cena [&quot; + (Currency??&quot;&quot;) + &quot;/MWh]&quot;"
           ToolTip="Vážený průměr ceny v měně obchodní jednotky"
           Column="6" Row="2"
           SelectorType="Path" Selector="NomPriceMU">
      <Params>
        <Param Name="Format">{0:#,##0.000}</Param>
        <Param Name="Justify">Right</Param>
      </Params>
    </Field>
    <Field Name="NomPaymentMU" FieldType="Text" IsReadOnly="True" Occupation="Line"
           Caption="{Caption}&#x9;Path;MarketUnit.MainCurrency.ShortCaption as Currency&#x9;Exp;string Caption=&quot;Platba [&quot; + (Currency??&quot;&quot;) + &quot;]&quot;"
           ToolTip="Celková platba obchodu v měně obchodní jednotky"
           Column="6" Row="3"
           SelectorType="Path" Selector="NomPaymentMU">
      <Params>
        <Param Name="Format">{0:#,##0.00}</Param>
        <Param Name="Justify">Right</Param>
      </Params>
    </Field>

    <!-- *********************** Fakturační výkon **************************************************************************************** -->
    <Field Name="InvAverageVolumeH" Caption="Ø Energie hod [MWh]" FieldType="Text" IsReadOnly="True" Occupation="Line"
           ToolTip="Průměrné hodinové množství"
           Column="3" Row="5"
           SelectorType="Path" Selector="InvVolumeHourlyAvg">
      <Params>
        <Param Name="Format">{0:#,##0.000}</Param>
        <Param Name="Justify">Right</Param>
      </Params>
    </Field>
    <Field Name="InvTotalVolume" Caption="Energie [MWh]" FieldType="Text" IsReadOnly="True" Occupation="Line"
           ToolTip="Agregované množství"
           Column="3" Row="6"
           SelectorType="Path" Selector="InvVolume">
      <Params>
        <Param Name="Format">{0:#,##0.000}</Param>
        <Param Name="Justify">Right</Param>
      </Params>
    </Field>
    <Field Name="InvPrice" FieldType="Text" IsReadOnly="True" Occupation="Line"
           Caption="{Caption}&#x9;Path;CurrencyETrade.ShortCaption as Currency&#x9;Exp;string Caption=&quot;Cena [&quot; + (Currency??&quot;&quot;) + &quot;/MWh]&quot;"
           ToolTip="Vážený průměr ceny v měně obchodu"
           Column="6" Row="5"
           SelectorType="Path" Selector="InvPrice">
      <Params>
        <Param Name="Format">{0:#,##0.000}</Param>
        <Param Name="Justify">Right</Param>
      </Params>
    </Field>
    <Field Name="InvPayment" FieldType="Text" IsReadOnly="True" Occupation="Line"
           Caption="{Caption}&#x9;Path;CurrencyETrade.ShortCaption as Currency&#x9;Exp;string Caption=&quot;Platba [&quot; + (Currency??&quot;&quot;) + &quot;]&quot;"
           ToolTip="Celková platba obchodu v měně obchodu"
           Column="6" Row="6"
           SelectorType="Path" Selector="InvPayment">
      <Params>
        <Param Name="Format">{0:#,##0.00}</Param>
        <Param Name="Justify">Right</Param>
      </Params>
    </Field>
    <Field Name="InvPriceMU" FieldType="Text" IsReadOnly="True" Occupation="Line"
           Caption="{Caption}&#x9;Path;MarketUnit.MainCurrency.ShortCaption as Currency&#x9;Exp;string Caption=&quot;Cena [&quot; + (Currency??&quot;&quot;) + &quot;/MWh]&quot;"
           ToolTip="Vážený průměr ceny v měně obchodní jednotky"
           Column="6" Row="7"
           SelectorType="Path" Selector="InvPriceMU">
      <Params>
        <Param Name="Format">{0:#,##0.000}</Param>
        <Param Name="Justify">Right</Param>
      </Params>
    </Field>
    <Field Name="InvPaymentMU" FieldType="Text" IsReadOnly="True" Occupation="Line"
           Caption="{Caption}&#x9;Path;MarketUnit.MainCurrency.ShortCaption as Currency&#x9;Exp;string Caption=&quot;Platba [&quot; + (Currency??&quot;&quot;) + &quot;]&quot;"
           ToolTip="Celková platba obchodu v měně obchodní jednotky"
           Column="6" Row="8"
           SelectorType="Path" Selector="InvPaymentMU">
      <Params>
        <Param Name="Format">{0:#,##0.00}</Param>
        <Param Name="Justify">Right</Param>
      </Params>
    </Field>
  </FieldSection>
  <FieldSection Name="Popis" Caption="Popis" Tooltip="Popis" Collapsed="True">
    <Columns />
    <Field Name="Description" Caption="Popis obchodu" FieldType="Text" SelectorType="Path" Selector="Description" ToolTip="Popis obchodu" Occupation="CaptionBlock">
      <Params>
        <Param Name="Multiline">True</Param>
      </Params>
    </Field>
  </FieldSection>
</Form>

<!--    
      <Field Name="Grid" Caption="Síť" FieldType="EnumField" SelectorType="Path" Selector="GridETrade" ToolTip="Síť - reprezentuje síť na najvyšší úrovni" IsRequired="False" Occupation="Line" Column="0" Row="8" IsVisible="{IsVisible}&#x9;Path;DealType.Key as DealTypeKey&#x9;Exp;bool IsVisible=(DealTypeKey!=&quot;BookTrans&quot;)" IsReadOnly="{IsReadOnly}&#9;Path;DealState.Key as stateKey&#9;Exp;bool IsReadOnly=(stateKey==&quot;ACCEPTED&quot;||stateKey==&quot;ACCEPTEDEXCEPTPRICE&quot;)">
      <Params>
        <Param Name="HQL">SELECT T.Grid, T.Grid.Grid.Caption from GridPoint T where T={GridPoint} order by T.Grid.Grid.Caption</Param>
        <Param Name="AutoSetWhenOneItem">True</Param>
        <Param Name="EmptyValue">Nezadáno</Param>
      </Params>
    </Field>
-->
<!--
    <Field Name="ShipperPair" Caption="Shipper pár" FieldType="EnumField" SelectorType="Path" Selector="ShipperPair" Occupation="Line" Column="0" Row="10"  IsVisible="{IsVisible}&#x9;Path;DealType.Key as DealTypeKey&#x9;Exp;bool IsVisible=(DealTypeKey==&quot;ITERCOM&quot; || DealTypeKey==&quot;STRGTRANS&quot;)" IsReadOnly="{IsReadOnly}&#9;Path;DealState.Key as stateKey&#9;Exp;bool IsReadOnly=(stateKey==&quot;ACCEPTED&quot;||stateKey==&quot;ACCEPTEDEXCEPTPRICE&quot;)">
      <Params>
        <Param Name="HQL">SELECT T, T.InternalAgreement.Caption || ' - '  || T.ExternalAgreement.Caption from ShipperPair T, CopartyETrade C where (T.InternalAgreement.GridPoint={GridPoint} or T.ExternalAgreement.GridPoint={GridPoint}) and T.MarketUnit={MarketUnit} and C={Coparty} and T.ExternalAgreement.AgreementParty.Subject = C.Subject order by T.InternalAgreement.Caption || ' - '  || T.ExternalAgreement.Caption</Param>
        <Param Name="AutoSetWhenOneItem">True</Param>
        <Param Name="EmptyValue">Nezadáno</Param>
      </Params>
    </Field>-->

<!--Samostatný výběr smluv-->
<!--
    <Field Name="SmlouvaInternal" Caption="Smlouva Internal" FieldType="EnumField" SelectorType="Path" Selector="Agreement" Occupation="Line" Column="0" Row="11" IsVisible="{IsVisible}&#x9;Path;DealType.Key as DealTypeKey&#x9;Exp;bool IsVisible=(DealTypeKey==&quot;ITERCAP&quot; || DealTypeKey==&quot;STRGCAP&quot; || DealTypeKey==&quot;STRGCAPTRANS&quot;)"  IsReadOnly="{IsReadOnly}&#9;Path;DealState.Key as stateKey&#9;Exp;bool IsReadOnly=(stateKey==&quot;ACCEPTED&quot;||stateKey==&quot;ACCEPTEDEXCEPTPRICE&quot;)">
      <Params>
        <Param Name="HQL">SELECT A, A.Caption from Agreement A where A.MarketUnit={MarketUnit} and A.AgreementParty.Subject=A.MarketUnit.Subject And A.GridPoint={GridPoint} order by A.Caption</Param>
        <Param Name="AutoSetWhenOneItem">True</Param>
        <Param Name="EmptyValue">Nezadáno</Param>
      </Params>
    </Field>
    <Field Name="SmlouvaExternal" Caption="Smlouva External" FieldType="EnumField" SelectorType="Path" Selector="ExternalAgreement" Occupation="Line" Column="0" Row="12" IsVisible="{IsVisible}&#x9;Path;DealType.Key as DealTypeKey&#x9;Exp;bool IsVisible=(DealTypeKey==&quot;ITERCAP&quot; || DealTypeKey==&quot;STRGCAP&quot; || DealTypeKey==&quot;STRGCAPTRANS&quot;)" IsReadOnly="{IsReadOnly}&#9;Path;DealState.Key as stateKey&#9;Exp;bool IsReadOnly=(stateKey==&quot;ACCEPTED&quot;||stateKey==&quot;ACCEPTEDEXCEPTPRICE&quot;)">
      <Params>
        <Param Name="HQL">SELECT A, A.Caption from Agreement A where A.MarketUnit={MarketUnit} and A.AgreementParty={Coparty} And A.GridPoint={GridPoint} order by A.Caption</Param>
        <Param Name="AutoSetWhenOneItem">True</Param>
        <Param Name="EmptyValue">Nezadáno</Param>
      </Params>
    </Field>
  -->
<!--Readonly Smlouvy dle Shippperpairu-->
<!--
    <Field Name="SmlouvaInternalReadOnly" Caption="Smlouva Internal2" FieldType="Text" SelectorType="Path" Selector="ShipperPair.InternalAgreement.Caption" Occupation="Line" Column="0" Row="11" IsReadOnly="True" IsVisible="{IsVisible}&#x9;Path;DealType.Key as DealTypeKey&#x9;Exp;bool IsVisible=(DealTypeKey==&quot;ITERCOM&quot; || DealTypeKey==&quot;STRGTRANS&quot;)" />
    <Field Name="SmlouvaExternalReadOnly" Caption="Smlouva External2" FieldType="EnumField" SelectorType="Path" Selector="ShipperPair.ExternalAgreement.Caption" Occupation="Line" Column="0" Row="12" IsReadOnly="True" IsVisible="{IsVisible}&#x9;Path;DealType.Key as DealTypeKey&#x9;Exp;bool IsVisible=(DealTypeKey==&quot;ITERCOM&quot; || DealTypeKey==&quot;STRGTRANS&quot;)" />
  -->
<!-- TODO -->
<!--    

    <Field Name="Hedging" Caption="Hedging" FieldType="Text" SelectorType="Const" Selector="{IsHedging}&#x9;Path;bagDealHedging as Hedgings&#x9;Exp;int Count=IIf(Hedgings==null,0,Hedgings.Count())&#x9;Exp;string IsHedging=IIf(Count &gt; 0, &quot;Ano&quot;,&quot;Ne&quot;)" ToolTip="Celková platba obchodu v měně obchodu" IsReadOnly="True" Occupation="Line" Column="3" Row="5" IsBinded="false" IsEnabled="False" />

    <Field Name="Contract" Caption="Fakturační smlouva" FieldType="EnumField" SelectorType="Path" Selector="InvoiceContract" ToolTip="Smlouva, pod kterou byl obchod přiřazen" Occupation="Line" Column="3" Row="13">
      <Params>
        <Param Name="HQL">SELECT A, A.Caption from ContractETrade A, CopartyETrade C where A.MarketUnit={MarketUnit} and C = {Coparty} and A.Subject = C.Subject order by A.Caption</Param>
        <Param Name="AutoSetWhenOneItem">True</Param>
        <Param Name="EmptyValue">Nezadáno</Param>
      </Params>
    </Field>
    <Field Name="AccountNumber" Caption="Číslo účetního účtu" FieldType="EnumField" SelectorType="Path" Selector="SaleAccount" ToolTip="Účet, na který bude zaúčtováno" Occupation="Line" Column="3" Row="14">
      <Params>
        <Param Name="HQL">SELECT A.Id, A.Caption from AccountETrade A where A.Active = True order by A.Caption</Param>
        <Param Name="AutoSetWhenOneItem">True</Param>
        <Param Name="EmptyValue">Nezadáno</Param>
      </Params>
    </Field>

    <Field Name="TargetPortfolio" Caption="Cílové porfolio" FieldType="EnumField" SelectorType="Path" Selector="-1" Occupation="Line" Column="3" Row="15" IsVisible="{IsVisible}&#x9;Path;DealType.Key as DealTypeKey&#x9;Exp;bool IsVisible=(DealTypeKey==&quot;BookTrans&quot;)" IsReadOnly="{IsReadOnly}&#9;Path;DealState.Key as stateKey&#9;Exp;bool IsReadOnly=(stateKey==&quot;ACCEPTED&quot;||stateKey==&quot;ACCEPTEDEXCEPTPRICE&quot;)">
      <Params>
        <Param Name="HQL">SELECT PC.Portfolio.Id, PC.Portfolio.Caption from PortfolioCommodity PC where PC.Portfolio.MarketUnit={MarketUnit} and PC.Commodity={Subcommodity} order by PC.Portfolio.Caption</Param>
        <Param Name="AutoSetWhenOneItem">True</Param>
        <Param Name="EmptyValue">Nezadáno</Param>
      </Params>
    </Field>    

-->
<!--Cílová kniha se ukládá až do potomka obchodu protonejde použít automatický selektor-->
<!--    <Field Name="TargetBook" Caption="Cílová kniha" FieldType="EnumField" SelectorType="Path" Selector="-1" Occupation="Line" Column="3" Row="16" IsVisible="{IsVisible}&#x9;Path;DealType.Key as DealTypeKey&#x9;Exp;bool IsVisible=(DealTypeKey==&quot;BookTrans&quot;)" IsReadOnly="{IsReadOnly}&#9;Path;DealState.Key as stateKey&#9;Exp;bool IsReadOnly=(stateKey==&quot;ACCEPTED&quot;||stateKey==&quot;ACCEPTEDEXCEPTPRICE&quot;)">
      <Params>
        <Param Name="HQL">SELECT B, B.Caption from Book B where B.PortfolioFK={TargetPortfolio} order by B.Caption</Param>
        <Param Name="AutoSetWhenOneItem">True</Param>
        <Param Name="EmptyValue">Nezadáno</Param>
      </Params>
    </Field>
    
    <Field Name="DealId" Caption="ID obchodu" FieldType="Integer" SelectorType="Path" Selector="DealID" ToolTip="Pořadové ID obchodu pro obchodní jednotku" IsReadOnly="True" Occupation="Line" Column="6" Row="0" />
    <Field Name="DealReason" Caption="Důvod obchodu" FieldType="EnumField" SelectorType="Path" Selector="ReasonType" ToolTip="Důvod obchodu" Occupation="Line" Column="6" Row="3" IsReadOnly="{IsReadOnly}&#9;Path;DealState.Key as stateKey&#9;Exp;bool IsReadOnly=(stateKey==&quot;ACCEPTED&quot;||stateKey==&quot;ACCEPTEDEXCEPTPRICE&quot;)">
      <Params>
        <Param Name="HQL">SELECT S.Id, S.Caption from DealReasonType S order by S.Caption</Param>
        <Param Name="EmptyValue">Nezadáno</Param>
      </Params>
    </Field>
-->