﻿<?xml version="1.0" encoding="utf-8"?>
<Form Type="Entity" Caption="Nepodporovaný" WindowCaption="Nepodporovaný" ProgId="Enif.EDA.ETRM.Gui.Behaviors.egbDeal,EnifETRMGui" EntityType="Enif.EDA.ETRM.Entities.Deal,EnifETRMCommon" IsReadOnly="False" Scale="3">
  <FieldSection Name="Detail" Caption="Nepodporovaný typ obchodu">
    <Columns>
      <Column Width="*" />
      <Column Width="*" />
      <Column Width="20" />
      <Column Width="*" />
      <Column Width="*" />
      <Column Width="20" />
      <Column Width="*" />
      <Column Width="*" />
    </Columns>
    <Field Name="NotSupported" Caption="NotSupported" FieldType="Text" SelectorType="Const" Selector="Zvolený typ obchodu není v aktuální verzi GUI podporován" IsReadOnly="True" IsRequired="True" Occupation="FullLine" Column="0" Row="0"/>
      
    <Field Name="DealType" Caption="Typ obchodu" FieldType="EnumField" SelectorType="Path" Selector="DealType" ToolTip="Typ obchodu" IsReadOnly="False" IsRequired="True" Occupation="Line" Column="0" Row="1">
      <Params>
        <Param Name="HQL">SELECT T, T.Caption from DealType T where T.Active = true</Param>
      </Params>
    </Field>
  </FieldSection>
</Form>