﻿<?xml version="1.0" encoding="utf-8"?>
<Form Type="Entity" Caption="Hedging" WindowCaption="Hedging" ProgId="Enif.EDA.ETRM.Gui.Behaviors.egbDealHedging,EnifETRMGui" EntityType="Enif.EDA.ETRM.Entities.Deal,EnifETRMCommon" IsReadOnly="False" Scale="3">
  <FieldSection Name="Hedging" Caption="Hedging" Tooltip="Hedging">
    <Columns />
    <Field Name="Hedging" Caption="Hedging" FieldType="ButtonsField" SelectorType="Const" Selector="" Occupation="FullLine">
      <Params>
        <Param Name="Buttons">
          <Param Name="ImportHedgingButton" Value="Nastav hedging dle fakturačních období">
            <Param Name="ToolTip">Importuje období hedgingu</Param>
          </Param>
          <Param Name="DeleteHedgingButton" Value="Smazat hedging">
            <Param Name="ToolTip">Smaže všechny záznamy hedgingu pro tento obchod</Param>
          </Param>
        </Param>
        <Param Name="EntityDelegates"></Param>
      </Params>
    </Field>
    <Field Name="HedgingRate" Caption="Spot" FieldType="Number" SelectorType="Path" Selector="HedgingRate" ToolTip="Spot" IsEnabled="True" IsReadOnly="False" Occupation="Line" />
    <Field Name="HedgingGrid" Caption="Hedging" FieldType="Grid" SelectorType="Path" Selector="bagDealHedging" IsReadOnly="False" Occupation="Block">
      <DetailsButton IsVisible="True" Form="egeDeal_HedgingDetail" UnionTransaction="True" />
      <Params>
        <Param Name="Columns">
          <Param Name="ID">
            <Param Name="Field">Id</Param>
          </Param>
          <Param Name="Od">
            <Param Name="Field">DateFrom</Param>
            <Param Name="DataType">DateTime</Param>
            <Param Name="Alignment">Right</Param>
            <Param Name="Format">{0:d}</Param>
          </Param>
          <Param Name="Do">
            <Param Name="Field">DateToEx</Param>
            <Param Name="DataType">DateTime</Param>
            <Param Name="Alignment">Right</Param>
            <Param Name="Format">{0:d}</Param>
          </Param>
          <Param Name="Splatnost">
            <Param Name="Field">DueDate</Param>
            <Param Name="DataType">DateTime</Param>
            <Param Name="Alignment">Right</Param>
            <Param Name="Format">{0:d}</Param>
          </Param>
          <Param Name="Datum hedgingu">
            <Param Name="Field">HedgeDate</Param>
            <Param Name="DataType">DateTime</Param>
            <Param Name="Alignment">Right</Param>
            <Param Name="Format">{0:d}</Param>
          </Param>
          <Param Name="Platba v měně obchodu">
            <Param Name="Field">PaymentDealCurr</Param>
            <Param Name="Alignment">Right</Param>
          </Param>
          <Param Name="Swap point">
            <Param Name="Field">SwapPoint</Param>
            <Param Name="Alignment">Right</Param>
          </Param>
          <Param Name="Kurz">
            <Param Name="Field">ExchangeRate</Param>
            <Param Name="Alignment">Right</Param>
          </Param>
          <Param Name="Platba">
            <Param Name="Field">PaymentMUCurr</Param>
            <Param Name="Alignment">Right</Param>
          </Param>
        </Param>
        <Param Name="DeleteMode">None</Param>
        <Param Name="Buttons"></Param>
        <Param Name="EntityDelegates"></Param>
        <Param Name="DeleteButton"></Param>
      </Params>
    </Field>
  </FieldSection>
</Form>