﻿<?xml version="1.0" encoding="utf-8"?>
<Form Type="Entity" Caption="Konfirmace" WindowCaption="Konfirmace" ProgId="" EntityType="Enif.EDA.ETRM.Entities.Deal,EnifETRMCommon">
  <FieldSection Name="Konfirmace" Caption="">
    <Columns />
    <Field Name="bagDealConfirmation" Caption="bagDealConfirmation" FieldType="Grid" SelectorType="Path" Selector="bagDealConfirmation" Occupation="Block">
      <DetailsButton IsVisible="{IsVisible}&#9;Exp;bool IsVisible=RoleExp(&quot;PRE_ETRM_Viewer_MO&quot;)" Form="egeDealConfirmation" UnionTransaction="True" Target="@SectionAfter" />
      <NewButton IsVisible="{IsVisible}&#9;Exp;bool IsVisible=RoleExp(&quot;PRE_ETRM_Viewer_MO&quot;)" Form="egeDealConfirmation" UnionTransaction="True" Target="@SectionAfter">
        <Params>
          <Param Name="EntityDelegates">
            <Param Name="Init_Base"></Param>
          </Param>
        </Params>
      </NewButton>
      <Params>
        <Param Name="Columns">
          <Param Name="Šablona">
            <Param Name="Field">MU_ConfTemplate.ConfTemplate.Name</Param>
            <Param Name="DataType">String</Param>
          </Param>
          <Param Name="Procesní stav">
            <Param Name="Field">ConfProcessState.Caption</Param>
            <Param Name="DataType">String</Param>
          </Param>
          <Param Name="Stav přílohy">
            <Param Name="Field">ConfDocumentState.Caption</Param>
            <Param Name="DataType">String</Param>
          </Param>
          <Param Name="Typ">
            <Param Name="Field">TConfirmationType.Caption</Param>
          </Param>
    <!--  <Param Name="Platnost od">
            <Param Name="Field">DeliveryFrom</Param>
            <Param Name="DataType">DateTime</Param>
            <Param Name="Format">{0:d}</Param>
          </Param>
          <Param Name="Platnost do">
            <Param Name="Field">DeliveryTo</Param>
            <Param Name="DataType">DateTime</Param>
            <Param Name="Format">{0:d}</Param>
          </Param>-->
        </Param>
        <Param Name="DeleteMode">None</Param>
      </Params>
    </Field>
  </FieldSection>
</Form>