﻿<?xml version="1.0" encoding="utf-8"?>
<Form Type="Entity" Caption="Obchod" WindowCaption="Obchod" ProgId="Enif.EDA.ETRM.Gui.Behaviors.egbDealMain,EnifETRMGui" EntityType="Enif.EDA.ETRM.Entities.Deal,EnifETRMCommon" IsReadOnly="{IsReadOnly}&#x9;Exp;bool IsReadOnly=!RoleExp(&quot;ETRM_Trader_Settings&quot;)" Scale="100%">
  <Params>
    <Param Name="LocalParams">
      <Param Name="AllowedDealDirections" Value="" />
      <Param Name="AllowedDealTypes" Value=""/>
    </Param>
    <Param Name="VariablesBinding">
      <Param Name="AllowedDealDirections" Value="{AllowedDealDirections}" />
      <Param Name="AllowedDealTypes" Value="{AllowedDealTypes}" />
      <Param Name="DealKindKey" Value="{DealKindKey}" />
    </Param>
    <Param Name="EntityDelegates">
      <Param Name="Create_Base"/>
      <Param Name="Update_Base"/>
    </Param>
  </Params>
  <FieldSection Name="Header" Caption="" Tooltip="Základní informace" LabelVisible="False">
    <Columns>
      <Column Width="*"/>
      <Column Width="*"/>
      <Column Width="20"/>
      <Column Width="*"/>
      <Column Width="2*"/>
      <Column Width="20"/>
      <Column Width="*"/>
      <Column Width="*"/>
    </Columns>
    <Field Name="Header_ID" Caption="Systémové ID" FieldType="Integer" SelectorType="Path" Selector="Id" ToolTip="Systémové ID obchodu" IsReadOnly="True" Occupation="Line" Column="0"/>
    <Field Name="Header_DealName" Caption="Název" FieldType="Text" SelectorType="Path" Selector="Name" ToolTip="Systémem generovaný název obchodu" IsReadOnly="True" Occupation="Line" Column="3"/>
    <Field Name="Header_State" Caption="Stav" FieldType="Text" SelectorType="Path" Selector="DealState.Caption" ToolTip="Stav obchodu" IsReadOnly="True" Occupation="Line" Column="6"/>

    <Field Name="Header_TabButtons" Caption="" FieldType="TabButtons" SelectorType="Path" Selector="." Occupation="Block"
           Column="0" Colspan="6" Row="1" Height="1.5" >
      <Params>
        <Param Name="Buttons">
          <Param Name="btnDetailStandart" Value="Detail">            
            <Param Name="Form" Value="egeDeal_DetailStandard"/>
            <Param Name="Target" Value="@SectionAfter"/>
            <Param Name="InvokeOnInit" Value="True"/>
            <Param Name="IsVisible" Value="{IsVisible}&#9;Path;DealType.Key as DealTypeKey&#9;Exp;bool IsVisible=True"/>
            <Param Name="UnionTransaction" Value="True"/>
          </Param>
          <!--Param Name="btnDetailMeziknihovni" Value="Detail">
            <Param Name="Form" Value="egeDeal_DetailMeziknihovni"/>
            <Param Name="Target" Value="@SectionAfter"/>
            <Param Name="InvokeOnInit" Value="True"/>
            <Param Name="IsVisible" Value="{IsVisible}&#9;Path;DealType.Key as DealTypeKey&#9;Exp;bool IsVisible=(DealTypeKey==&quot;BookTrans&quot;)"/>            
          </Param-->

          <!--Param Name="btnDetailNotSupported" Value="Detail">
            <Param Name="Form" Value="egeDeal_DetailNotSupported"/>
            <Param Name="Target" Value="@SectionAfter"/>
            <Param Name="InvokeOnInit" Value="True"/>
            <Param Name="IsVisible" Value="{IsVisible}&#9;Path;DealType.Key as DealTypeKey&#9;Exp;bool IsVisible=(DealTypeKey==&quot;STRGITRATRANS&quot; || DealTypeKey==&quot;United&quot; || DealTypeKey==&quot;Hedge&quot; || DealTypeKey==&quot;ITERCAP&quot; || DealTypeKey==&quot;ITERCOM&quot; || DealTypeKey==&quot;STRGTRANS&quot; || DealTypeKey==&quot;STRGCAP&quot; || DealTypeKey==&quot;STRGCAPTRANS&quot;)"/>            
          </Param-->
                  
          <!--
          <Param Name="btnHedging" Value="Hedging">
            <Param Name="Form" Value="egeDeal_Hedging"/>
            <Param Name="IsVisible" Value="{IsVisible}&#9;Path;DealType.Key as DealTypeKey&#9;Exp;bool IsVisible=True"/>
          </Param>
          <Param Name="btnVolume" Value="Energie">
            <Param Name="Form" Value="egeDeal_Volume"/>
            <Param Name="IsVisible" Value="{IsVisible}&#9;Path;DealType.Key as DealTypeKey&#9;Exp;bool IsVisible=True"/>
          </Param>
          <Param Name="btnPrice" Value="Cena">
            <Param Name="Form" Value="egeDeal_Price"/>
            <Param Name="IsVisible" Value="{IsVisible}&#9;Path;DealType.Key as DealTypeKey&#9;Exp;bool IsVisible=True"/>
          </Param>
          <Param Name="btnDealContract" Value="Fakturační smlouvy">
            <Param Name="Form" Value="egeDeal_DealContract"/>
            <Param Name="IsVisible" Value="{IsVisible}&#9;Path;DealType.Key as DealTypeKey&#9;Exp;bool IsVisible=True"/>
          </Param>-->
          <Param Name="btnDiagrams" Value="Diagramy">
            <Param Name="Form" Value="egeDeal_Diagram"/>
            <Param Name="IsVisible" Value="True"/>
            <Param Name="UnionTransaction" Value="True"/>
          </Param>
          <Param Name="btnMarketCharge" Value="Poplatky trhu">
            <Param Name="Form" Value="egeDeal_MarketCharge"/>
            <Param Name="IsVisible" Value="{IsVisible}&#9;Path;IsUnitedDeal as isUnited, Parent as parent&#9;Exp;bool IsVisible=(isUnited != true &amp;&amp; parent == null)"/>
            <Param Name="UnionTransaction" Value="True"/>
          </Param>
          <Param Name="btnSubDeals" Value="Subobchody">
            <Param Name="Form" Value="egeDeal_SubDeals"/>
            <Param Name="IsVisible" Value="{IsVisible}&#9;Path;IsUnitedDeal as isUnited&#9;Exp;bool IsVisible=(isUnited == true)"/>
            <Param Name="UnionTransaction" Value="True"/>
          </Param>
          <Param Name="btnConfirm" Value="Konfirmace">
            <Param Name="Form" Value="egeDeal_Konfirmace"/>
            <Param Name="Target" Value="@SectionAfter"/>
            <Param Name="IsVisible" Value="{IsVisible}&#9;Path;Market.Key as MarketKey&#9;Path;DealState.Key as DealState&#9;Exp;bool IsVisible=(((DealState==&quot;ACCEPTED&quot; || DealState==&quot;WAITINGFORACCEPTANCE&quot;) &amp;&amp; MarketKey!=&quot;OTE_flexibility&quot;))"/>
          </Param>
        </Param>
      </Params>
    </Field>
    <Field Name="btnParentDeal" Caption="btnParentDeal" FieldType="ButtonsField" SelectorType="Const" Selector="" Occupation="Block" Height="1.5" IsBinded="False"
           Column="7" CaptionColspan="1" Colspan="0" Row="1"
           IsVisible="{IsVisible}&#9;Path;Parent as parent&#9;Exp;bool IsVisible=(parent != null)" >
      <Params>
        <Param Name="Buttons">
          <Param Name="btnParentDeal" Value="         Sdružený obchod         ">
            <Param Name="UnionTransaction" Value="True"/>
          </Param>
        </Param>
      </Params>
    </Field>
  </FieldSection>
</Form>