﻿<?xml version="1.0" encoding="utf-8"?>
<Form Type="Entity" Caption="Detail konfirmace" WindowCaption="Detail konfirmace" ProgId="Enif.EDA.ETRM.Gui.Behaviors.egeDealConfirmation,EnifETRMGui" EntityType="Enif.EDA.ETRM.Entities.DealConfirmation,EnifETRMCommon" FormEntityButtonStyle="CloseOnly" IsReadOnly="false">
  <FieldSection Name="Default" Caption="Detail">
    <Columns />
    <Field Name="Key" Caption="Identifikátor" FieldType="Text" SelectorType="Path" Selector="ConfKey" IsRequired="False" Occupation="Line" ToolTip="Jednoznačný identifikátor konfirmace - generovaný či uživatelem zadaný. Je-li pole prázdné, bude identifikátor vygenerován automaticky při vystavení konfirmace." IsReadOnly="{IsReadOnly}&#9;Path;ConfProcessState.Key as StateKey&#9;Exp;bool IsReadOnly=(StateKey!=&quot;WaitOnConf&quot;)"/>
    <Field Name="ConfirmationProcessState" Caption="Stav konfirmace" FieldType="Text" SelectorType="Path" Selector="ConfProcessState.Caption" IsReadOnly="True" IsReactive="True" Occupation="Line" Dependents="Key,DeliveryFrom,DeliveryTo,TConfirmationType,ConfirmationTemplate" ToolTip="Aktuální stav konfirmace">
      <Params>
        <Param Name="Buttons">
          <Param Name="btnChangeProcessState" Value="Změnit"/>
        </Param>
        <!--Param Name="HQL">SELECT T, T.Caption FROM ConfirmationState T WHERE T.Active=true</Param-->
      </Params>
    </Field>
    <Field Name="ConfirmationDocumentState" Caption="Stav přílohy" FieldType="Text" SelectorType="Path" Selector="ConfDocumentState.Caption" IsReadOnly="True" IsReactive="True" Occupation="Line" ToolTip="Aktuální stav přílohy konfirmace">
      <Params>
        <!--
        <Param Name="Buttons">
          <Param Name="btnChangeDocumentState" Value="Změnit"/>
        </Param>
        -->
        <!--Param Name="HQL">SELECT T, T.Caption FROM ConfProcessState T WHERE T.Active=true</Param-->
      </Params>
    </Field>
    <Field Name="TConfirmationType" Caption="Typ konfirmace" FieldType="EnumField" SelectorType="Path" Selector="TConfirmationType" Occupation="Line" Dependents="DeliveryFrom,DeliveryTo" ToolTip="Typ konfirmace - úplná či částečná" IsReadOnly="{IsReadOnly}&#9;Path;ConfProcessState.Key as StateKey&#9;Exp;bool IsReadOnly=(StateKey!=&quot;WaitOnConf&quot;)">
      <Params>
        <Param Name="HQL">SELECT T, T.Caption FROM ConfType T WHERE T.Active=true</Param>
      </Params>
    </Field>
    <!--<Field Name="DeliveryFrom" Caption="Platnost od" FieldType="DateTime" SelectorType="Path" Selector="DeliveryFrom"  Occupation="Line" ToolTip="Počátek dodávky" IsReadOnly="{IsReadOnly}&#9;Path;TConfirmationType.Key as ConfType, ConfProcessState.Key as StateKey&#9;Exp;bool IsReadOnly=(StateKey!=&quot;WaitOnConf&quot; || ConfType==&quot;Complete&quot;)">
      <Params>
        <Param Name="Mode">Date</Param>
      </Params>
    </Field>
    <Field Name="DeliveryTo" Caption="Platnost do" FieldType="DateTime" SelectorType="Path" Selector="DeliveryTo" IsEnabled="True" Occupation="Line" ToolTip="Konec dodávky" IsReadOnly="{IsReadOnly}&#9;Path;TConfirmationType.Key as ConfType, ConfProcessState.Key as StateKey&#9;Exp;bool IsReadOnly=(StateKey!=&quot;WaitOnConf&quot; || ConfType==&quot;Complete&quot;)">
      <Params>
        <Param Name="Mode">Date</Param>
      </Params>
    </Field>-->
    <!-- Field 'ConfirmationTemplate' is mainly generated by behaviour 'egeDealConfirmation' (see ProgID). -->
    <!-- From here you can only edit Caption, IsreadOnly. HQL is (as many others properties) generated by behaviour -->
    <Field Name="ConfirmationTemplate" Caption="Šablona" FieldType="EnumField" SelectorType="Const" Occupation="Line" IsBinded="False" ToolTip="Šablona, která bude použita při vystavení konfirmace." IsReadOnly="{IsReadOnly}&#9;Path;ConfProcessState.Key as StateKey&#9;Exp;bool IsReadOnly=(StateKey!=&quot;WaitOnConf&quot;)">
    </Field>
    <!--Field Name="ApprovedBy" Caption="Schválil" FieldType="Text" SelectorType="Const" Selector="" IsEnabled="False" IsReadOnly="True" Occupation="Line" /-->
  </FieldSection>
  <FieldSection Name="Description" Caption="Popis" Collapsed="true">
    <Field Name="Description" Caption="Popis" FieldType="Text" SelectorType="Path" Selector="Note" Occupation="CaptionBlock"
      IsReadOnly="{IsReadOnly}&#9;Path;ConfProcessState.Key as StateKey&#9;Exp;bool IsReadOnly=(StateKey!=&quot;WaitOnConf&quot;)" >
      <Params>
        <Param Name="Multiline">True</Param>
        <Param Name="TextWrapping">Wrap</Param>
      </Params>
    </Field>
  </FieldSection>
  <FieldSection Name="Deal" Caption="Obchod">
    <Field Name="DealId" Caption="ID obchodu" FieldType="Number" SelectorType="Path" Selector="Deal.Id"  Occupation="Line" ToolTip="Id obchodu" IsReadOnly="True">
      <Params>
        <Param Name="Mode">Id</Param>
        <Param Name="Buttons">
          <Param Name="btnDeal" Value="Detail"/>
        </Param>
      </Params>
    </Field>
    <Field Name="Coparty" Caption="Protistrana" FieldType="Text" SelectorType="Path" Selector="Deal.Coparty.Subject.Company.Name" IsRequired="False" Occupation="Line" ToolTip="Protistrana, se kterou byl obchod uzavřen." IsReadOnly="True"/>
    <Field Name="Product" Caption="Produkt" FieldType="Text" SelectorType="Path" Selector="Deal.Product.Name" IsRequired="False" Occupation="Line" ToolTip="Produkt obchodu" IsReadOnly="True"/>
    <Field Name="DealSettledAt" Caption="Datum uzavření obchodu." FieldType="DateTime" SelectorType="Path" Selector="Deal.SettledAt"  Occupation="Line" ToolTip="Datum uzavření obchodu" IsReadOnly="True">
      <Params>
        <Param Name="Mode">Date</Param>
      </Params>
    </Field>
    <Field Name="DealDeliveryFrom" Caption="Platnost obchodu od" FieldType="DateTime" SelectorType="Path" Selector="Deal.DeliveryFrom"  Occupation="Line" ToolTip="Počátek dodávky obchodu" IsReadOnly="True">
      <Params>
        <Param Name="Mode">Date</Param>
      </Params>
    </Field>
    <Field Name="DealDeliveryTo" Caption="Platnost obchodu do" FieldType="DateTime" SelectorType="Path" Selector="Deal.DeliveryTo" IsEnabled="True" Occupation="Line" ToolTip="Konec dodávky obchodu" IsReadOnly="True">
      <Params>
        <Param Name="Mode">Date</Param>
      </Params>
    </Field>
    <Field Name="DealType" Caption="Směr" FieldType="Text" SelectorType="Path" Selector="Deal.DealDirection.Caption" IsRequired="False" Occupation="Line" ToolTip="Typ" IsReadOnly="True"/>
    <Field Name="DealState" Caption="Stav" FieldType="Text" SelectorType="Path" Selector="Deal.DealState.Caption" IsRequired="False" Occupation="Line" ToolTip="Stav" IsReadOnly="True"/>
    <Field Name="Market" Caption="Trh" FieldType="Text" SelectorType="Path" Selector="Deal.Market.ShortCaption" IsRequired="False" Occupation="Line" ToolTip="Trh, kde byl obchod uzavřen." IsReadOnly="True"/>
    <Field Name="CreatedBy" Caption="Obchodník" FieldType="EnumField" IsReadOnly="True" Occupation="Line"
               ToolTip="Obchodník, který do systému obchod zadal"
               SelectorType="Path" Selector="Deal.CreatedBy" >
      <DetailsButton IsVisible="False" Form="egeIdentity" UnionTransaction="True" />
      <Params>
        <Param Name="HQL">
          SELECT CP.IdentityView, CP.Person.LastName || ' ' || CP.Person.FirstName
          from ContactPerson CP
          where CP.Active=true
          and CP.TContactPersonType.Key='TRADER'
          order by CP.Person.LastName || ' ' || CP.Person.FirstName
        </Param>
        <Param Name="HQLtxt">SELECT CP.Person.LastName || ' ' || CP.Person.FirstName from ContactPerson CP where CP.IdentityView = {0}</Param>
      </Params>
    </Field>    <Field Name="TotalVolume" Caption="Energie [MWh]" FieldType="Number" SelectorType="Path" Selector="Deal.Volume" ToolTip="Množství" IsReadOnly="True" Occupation="Line">
      <Params>
        <Param Name="Format">{0:#,##0.000}</Param>
        <Param Name="Justify">Right</Param>
      </Params>
    </Field>
    <Field Name="Price" Caption="Cena" FieldType="Number" SelectorType="Path" Selector="Deal.Price" ToolTip="Cena" IsReadOnly="True" Occupation="Line">
      <Params>
        <Param Name="Format">{0:#,##0.000}</Param>
        <Param Name="Justify">Right</Param>
      </Params>
    </Field>
    <Field Name="Payment" Caption="Platba" FieldType="Number" SelectorType="Path" Selector="Deal.Payment" ToolTip="Platba" IsReadOnly="True" Occupation="Line">
      <Params>
        <Param Name="Format">{0:#,##0.000}</Param>
        <Param Name="Justify">Right</Param>
      </Params>
    </Field>
    <Field Name="Sleeve" Caption="Sleeve" FieldType="BoolField" SelectorType="Path" Selector="Deal.Sleeve" IsRequired="False" Occupation="Line" ToolTip="Příznak, jedná-li se o sleeve obchod." IsReadOnly="True"/>
    <Field Name="UTI" Caption="UTI" FieldType="Text" SelectorType="Path" Selector="UTI" IsReactive="True" Occupation="Line" ToolTip="Generování UTI"
      IsReadOnly="{IsReadOnly}&#9;Path;ConfProcessState.Key as StateKey&#9;Exp;bool IsReadOnly=(StateKey!=&quot;WaitOnConf&quot;)">
      <Params>
        <Param Name="Buttons">
          <Param Name="btnGenerateUTI" Value="Generovat">
            <Param Name="IsVisible" Value="{IsVisible}&#9;Path;ConfProcessState.Key as StateKey&#9;Exp;bool IsVisible=(StateKey==&quot;WaitOnConf&quot;)"/>
          </Param>
        </Param>
      </Params>
    </Field>
  </FieldSection>
  <FieldSection Name="Files" Caption="Přílohy konfirmace">
    <Columns />
    <Field Name="Files" Caption="Přílohy konfirmace" FieldType="Grid" SelectorType="Path" Selector="bagDealConfirmationDoc" Occupation="Block" ToolTip="Přílohy připojené ke konfirmaci" IsReadOnly="{IsReadOnly}&#9;Path;ConfProcessState.Key as confStateKey&#9;Exp;bool IsReadOnly=(confStateKey==&quot;CONCL&quot;)">
      <DetailsButton IsVisible="True" Form="egeDealConfirmationDoc" UnionTransaction="True" />
      <SelectButton IsVisible="True" Form="egeDealConfirmationDoc" UnionTransaction="True" />
      <NewButton IsVisible="False" UnionTransaction="True" />
      <Params>
        <Param Name="Columns">
          <Param Name="Název dokumentu">
            <Param Name="Field">Document.Name</Param>
          </Param>
          <Param Name="Typ">
            <Param Name="Field">Document.TBusinessDocumentType.Caption</Param>
            <Param Name="Width">150</Param>
          </Param>
        </Param>
      </Params>
    </Field>
  </FieldSection>
  <Params>
    <Param Name="Buttons">
      <Param Name="CreateDocument" Value="Vystavit konfirmaci" >
        <Param Name="UnionTransaction">True</Param>
        <Param Name="IsEnabled" Value="{IsEnabled}&#9;Path;ConfProcessState.Key as confStateKey&#9;Exp;bool IsEnabled=(confStateKey==&quot;VYST&quot; || confStateKey==&quot;WaitOnConf&quot;)" />
      </Param>
    </Param>
  </Params>
</Form>