﻿<?xml version="1.0" encoding="utf-8"?>
<Form Type="Entity" Caption="Poplatky trhu" WindowCaption="Poplatky trhu" EntityType="Enif.EDA.ETRM.Entities.Deal,EnifETRMCommon" Scale="100%"
      IsReadOnly="{IsReadOnly}&#9;Path;DealState.AggType as stateType, Parent as parent&#9;Exp;bool IsReadOnly=!(stateType==false &amp;&amp; parent==null &amp;&amp; RoleExp(&quot;ETRM_Trader_Settings&quot;))" >
  <FieldSection Name="MarketCharge" >
    <Columns />
    <Field Name="bagDealMarketCharge" Caption="Poplatky obchodu" FieldType="Grid" SelectorType="Path" Selector="bagDealMarketCharge" Occupation="Block">
      <DetailsButton IsVisible="True" UnionTransaction="False" Form="egeDealMarketCharge" Target="@SectionAfter" />
      <NewButton IsVisible="True" UnionTransaction="False" Form="egeDealMarketCharge" Target="@SectionAfter">
        <Params>
          <Param Name="EntityDelegates">
            <Param Name="Init_Base"/>
          </Param>
        </Params>
      </NewButton>
      <Params>
        <Param Name="Columns">
          <Param Name="Název">
            <Param Name="Field">MarketCharge.Caption</Param>
            <Param Name="DataType">String</Param>
            <Param Name="Width">1*</Param>
            <Param Name="MinWidth">200</Param>
          </Param>
          <Param Name="Typ poplatku">
            <Param Name="Field">MarketCharge.ChargeType.Caption</Param>
            <Param Name="DataType">String</Param>
            <Param Name="Width">150</Param>
          </Param> 
          <Param Name="Typ platby poplatku">
            <Param Name="Field">MarketCharge.TPaymentType.Caption</Param>
            <Param Name="DataType">String</Param>
            <Param Name="Width">150</Param>
          </Param>
          <Param Name="Směr">
            <Param Name="Field">MarketCharge.IOType.Caption</Param>
            <Param Name="DataType">String</Param>
            <Param Name="Width">150</Param>
          </Param>
          <Param Name="Hodnota">
            <Param Name="Field">ChargeValue</Param>
            <Param Name="DataType">Decimal</Param>
            <Param Name="Alignment">Right</Param>
            <Param Name="Width">100</Param>
          </Param>
          <Param Name="Platba">
            <Param Name="Field">Charge</Param>
            <Param Name="DataType">Decimal</Param>
            <Param Name="Alignment">Right</Param>
            <Param Name="Width">100</Param>
          </Param>
          <Param Name="Měna">
            <Param Name="Field">MarketCharge.Currency.ShortCaption</Param>
            <Param Name="DataType">String</Param>
            <Param Name="Width">50</Param>
          </Param>
          <Param Name="Způsob vytvoření">
            <Param Name="Field">TCreationType.Caption</Param>
            <Param Name="DataType">String</Param>
            <Param Name="Width">200</Param>
          </Param>
          <Param Name="Lze změnit hodnotu">
            <Param Name="Field">MarketCharge.Individual</Param>
            <Param Name="DataType">Boolean</Param>
            <Param Name="Alignment">Left</Param>
					  <Param Name="Width">130</Param>
          </Param>
        </Param>
        <Param Name="DeleteOnRemove">True</Param>
        <Param Name="DeleteMode">Multi</Param>
        <Param Name="DeleteButton">
          <Param Name="RightsAdapters">
            <Param Name="Enif.EDA.ETRM.Validators.DealMarketChargeDeleteValidator,EnifETRMCommon"/>
          </Param>
        </Param>
        <Param Name="TopPanelStyle">FieldCaption</Param>
      </Params>
    </Field>
  </FieldSection>
</Form>