﻿<?xml version="1.0" encoding="utf-8"?>
<Form Type="Entity" Caption="Fakturační smlouvy" WindowCaption="Fakturační smlouvy" ProgId="" EntityType="Enif.EDA.ETRM.Entities.Deal,EnifETRMCommon">
  <FieldSection Name="Contracts">
    <Columns />
    <Field Name="bagDealContract" Caption="Fakturační smlouvy" FieldType="Grid" SelectorType="Path" Selector="bagDealContract" Occupation="Block">
      <DetailsButton IsVisible="False" UnionTransaction="False" />
      <NewButton IsVisible="False" UnionTransaction="False" />
      <Params>
        <Param Name="Columns">
          <Param Name="Fakturační smlouva">
            <Param Name="Field">Contract.Caption</Param>
            <Param Name="DataType">String</Param>
            <Param Name="Width">*</Param>
          </Param>
          <Param Name="Platnost od">
            <Param Name="Field">DateFrom</Param>
            <Param Name="DataType">Date</Param>
            <Param Name="Width">100</Param>
          </Param>
          <Param Name="Platnost do">
            <Param Name="Field">DateToEx</Param><!--TODO-->
            <Param Name="DataType">Date</Param>
            <Param Name="Width">100</Param>
          </Param>
        </Param>
        <Param Name="DeleteMode">None</Param>
        <Param Name="TopPanelStyle">FieldCaption</Param>
      </Params>
    </Field>
  </FieldSection>
</Form>