﻿<?xml version="1.0" encoding="utf-8"?>
<Form Type="Entity" Caption="Výchozí Kniha" WindowCaption="Výchozí Kniha" ProgId="EGCore.EGBaseBehavior,EGCore" EntityType="Enif.EDA.ETRM.Entities.DealDefaultBook,EnifETRMCommon" IsReadOnly="False" Scale="1" ValidationLevel="0">
  <FieldSection Name="Detail" Caption="Detail" Columns="1">
    <Columns />
    <!--Params-->
    <Field Name="BookId" Caption="BookId" FieldType="Integer" SelectorType="Path" Selector="Book.Id" IsReadOnly="true" IsRequired="false" Occupation="Line" IsVisible="false" />

    <Field Name="Id" Caption="ID" FieldType="Integer" SelectorType="Path" Selector="Id" IsReadOnly="true" IsRequired="false" Occupation="Line" />
    <Field Name="Book" Caption="Výchozí kniha" FieldType="EnumField" SelectorType="Path" Selector="Book" IsRequired="True" Occupation="Line" ToolTip="Výběr výchozí knihy"
            IsReadOnly="{IsReadOnly}&#x9;Exp;bool IsReadOnly=!(RoleExp(&quot;Admin or ETRM_MDM_PortfolioBook_Settings &quot;))">
      <Params>
        <Param Name="HQL">select BO, BO.Caption || ' | ' || BO.Portfolio.MarketUnit.Subject.Company.Name from Book BO where BO.Active=true order by BO.Caption</Param>
      </Params>
    </Field>
    <Field Name="BookFullPath" Caption="Cesta knihy" FieldType="Text" SelectorType="Path" Selector="Book.FullPath" IsReadOnly="true" IsRequired="false" Occupation="Line" />
    <Field Name="MarketUnit" Caption="Obchodní jednotka" FieldType="Entity" SelectorType="Path" Selector="Book.Portfolio.MarketUnit.Subject.Company" IsReadOnly="true" IsRequired="false" Occupation="Line" />
    <Field Name="DealType" Caption="Typ obchodu" FieldType="EnumField" SelectorType="Path" Selector="DealType" IsRequired="True" Occupation="Line" ToolTip="Výběr typu ochodu"
            IsReadOnly="{IsReadOnly}&#x9;Exp;bool IsReadOnly=!(RoleExp(&quot;Admin or ETRM_MDM_PortfolioBook_Settings &quot;))">
      <Params>
        <Param Name="HQL">select DT, DT.Caption from DealType DT where (DT.Active=true) and (DT.CommodityFK in (select bc.CommodityFK from BookCommodity as bc where (bc.Book.Id={BookId}))) order by DT.Caption</Param>
      </Params>
    </Field>
    <Field Name="DealKind" Caption="Druh obchodu" FieldType="EnumField" SelectorType="Path" Selector="DealKind" IsRequired="True" Occupation="Line" ToolTip="Výběr druhu ochodu"
            IsReadOnly="{IsReadOnly}&#x9;Exp;bool IsReadOnly=!(RoleExp(&quot;Admin or ETRM_MDM_PortfolioBook_Settings &quot;))">
      <Params>
        <Param Name="HQL">select DK, DK.Caption from DealKind DK where DK.Active=true order by DK.Caption</Param>
      </Params>
    </Field>
  </FieldSection>
</Form>