﻿<?xml version="1.0" encoding="utf-8"?>
<Form Type="Entity" Caption="Energie" WindowCaption="Energie" ProgId="Enif.EDA.ETRM.Gui.Behaviors.egbDealTS,EnifETRMGui" EntityType="Enif.EDA.ETRM.Entities.Deal,EnifETRMCommon" IsReadOnly="False" Scale="3">
  <FieldSection Name="Volume" Caption="Energie" >
    <Field Name="Volume" Caption="Energie" FieldType="GridTS" SelectorType="Path" Selector="." IsVisible="true" IsEnabled="True" Occupation="Block" Height="30" IsReadOnly="{IsReadOnly}&#9;Path;DealState.Key as stateKey&#9;Exp;bool IsReadOnly=(stateKey==&quot;ACCEPTED&quot;)">
      <Params>
        <Param Name="DataFrom">{dtResult}&#x9;Path;DeliveryFrom as DeliveryFrom&#x9;Exp;DateTime dtResult=IIf(DeliveryFrom!=null,DeliveryFrom,Sysdate)</Param>
        <Param Name="DataToEx">{dtResult}&#x9;Path;DeliveryTo as DeliveryTo&#x9;Exp;DateTime dtResult=IIf(DeliveryTo!=null,DeliveryTo,Sysdate)</Param>
        <Param Name="HeaderColType">CategoryOnly</Param>
        <Param Name="AutoSaveChanges">OnlySave</Param>
        <Param Name="DateUtilsSettingRow">DateFormat=1;TimeFormat=7</Param>
        <Param Name="Timezone">CESTm6</Param>
        <Param Name="DataList">
          <Param Name="Price">
            <Param Name="Caption" Value="Price"/>
            <Param Name="SelectorType" Value="Const"/>
            <Param Name="Selector" Value="{Id}|{Template}|{Config}|2&#x9;Path;Id as Id&#x9;Const;ETRMActionsAndData as Config&#x9;Const;Deal.DiagramSourceVolume as Template"/>
          </Param>
        </Param>
        <Param Name="ListCategory">
          <Param Name="DefVal" Value="ETRMDeal"></Param>
          <Param Name="List">
            <Param Name="0" Value="ETRMDeal">
              <Param Name="TSDataId" Value="{Id}|{Template}|{Config}&#x9;Path;Id as Id&#x9;Const;ETRMActionsAndData as Config&#x9;Const;Deal.DiagramSourceVolume as Template"></Param>
              <Param Name="Caption" Value="ETRMDeal"></Param>
              <Param Name="ShortCaption" Value="ETRMDeal"></Param>
              <ParamClass Name="ProgID" ClassProgId="Enif.CClassInfo">
                <ProgId>EnifGridEditor.CCategoryETRMDeal,EnifGridEditor</ProgId>
              </ParamClass>
            </Param>
          </Param>
        </Param>
        <Param Name="ListGranularity">
          <Param Name="List">
            <Param Name="5" Value="ETRMDeal">
              <Param Name="TSDataId" Value="{Id}|{Template}|{Config}&#x9;Path;Id as Id&#x9;Const;ETRMActionsAndData as Config&#x9;Const;Deal.DiagramSourceVolume as Template"></Param>
              <Param Name="Caption" Value="ETRMDeal"></Param>
              <Param Name="ShortCaption" Value="ETRMDeal"></Param>
              <ParamClass Name="ProgID" ClassProgId="Enif.CClassInfo">
                <ProgId>EnifGridEditor.CGranularityETRMDeal,EnifGridEditor</ProgId>
              </ParamClass>
            </Param>
          </Param>
        </Param>
        <Param Name="ListAggVal">
          <Param Name="DefVal" Value="AvgWONull"></Param>
          <Param Name="List">
            <Param Name="0" Value="AvgWONull">
              <Param Name="Caption" Value="Suma"></Param>
              <Param Name="ShortCaption" Value="Suma"></Param>
              <ParamClass Name="ProgID" ClassProgId="Enif.CClassInfo">
                <ProgId>EnifGridEditor.CAggValSimple,EnifGridEditor</ProgId>
              </ParamClass>
            </Param>
          </Param>
        </Param>
        <Param Name="ListTimezone">
          <Param Name="DefVal" Value="CESTm6"></Param>
          <Param Name="List">
            <Param Name="0" Value="CESTm6">
              <Param Name="Caption" Value="SELČ+6"></Param>
            </Param>
          </Param>
        </Param>
      </Params>
    </Field>
  </FieldSection>
</Form>