﻿<?xml version="1.0" encoding="utf-8"?>
<Form Type="Entity" Caption="Detail přílohy" WindowCaption="Detail přílohy" ProgId="" EntityType="Enif.EDA.ETRM.Entities.DealConfirmationDoc,EnifETRMCommon">
  <FieldSection Name="Default" Caption="Detail">
    <Columns />
    <Field Name="Document" Caption="Soubor konfirmace" FieldType="DocumentDMS" SelectorType="Path" Selector="Document" IsEnabled="True" IsReadOnly="False" Occupation="Block">
      <Params>
        <Param Name="UpdateEnabled">True</Param>
      </Params>
    </Field>
  </FieldSection>
</Form>