﻿<?xml version="1.0" encoding="utf-8"?>
<Form Type="Entity" EntityType="Enif.EDA.ETRM.Entities.DealMarketCharge,EnifETRMCommon" ProgId="Enif.EDA.ETRM.Gui.Behaviors.egeDealMarketCharge,EnifETRMGui" Scale="100%"
      IsReadOnly="{IsReadOnly}&#9;Path;Deal.DealState.AggType as stateType, Deal.Parent as parent&#9;Exp;bool IsReadOnly=!(stateType==false &amp;&amp; parent==null &amp;&amp; RoleExp(&quot;ETRM_Trader_Settings&quot;))">
  <FieldSection Name="mcharge" Caption="Poplatek obchodu">
    <Field Name="DealId" Caption="Id obchodu" Selector="Deal.Id" SelectorType="Path" FieldType="Number" IsReadOnly="True"/>
    <Field Name="DealName" Caption="Název obchodu" Selector="Deal.Name" SelectorType="Path" FieldType="Text" IsReadOnly="True"/>
    <Field Name="Id" Caption="Id poplatku" Selector="Id" SelectorType="Path" FieldType="Number" IsReadOnly="True"/>
    <Field Name="MarketCharge" Caption="Předpis poplatku" FieldType="EnumField" SelectorType="Path" Selector="MarketCharge" Occupation="Line" IsRequired="True"
           ToolTip="Předpis pro poplatek obchodu"
           Dependents="ChargeValue"
           IsReadOnly="{IsReadOnly}&#9;Path;TCreationType.Key as creationTypeKey&#9;Exp;bool IsReadOnly=(creationTypeKey!=&quot;MANUAL&quot;)" />
    <Field Name="CreationType" Caption="Způsob vytvoření poplatku" Selector="TCreationType.Caption" SelectorType="Path" FieldType="Text" IsReadOnly="True"/>
    <Field Name="Individual" Caption="Lze změnit hodnotu" Selector="MarketCharge.Individual" SelectorType="Path" FieldType="BoolField" IsReadOnly="True"/>
    <Field Name="ChargeType" Caption="Typ poplatku" Selector="MarketCharge.ChargeType.Caption" SelectorType="Path" FieldType="Text" IsReadOnly="True"/>
    <Field Name="ChargePaymentType" Caption="Typ platby poplatku" Selector="MarketCharge.TPaymentType.Caption" SelectorType="Path" FieldType="Text" IsReadOnly="True"/>
    <Field Name="ChargeIOType" Caption="Směr" Selector="MarketCharge.IOType.Caption" SelectorType="Path" FieldType="Text" IsReadOnly="True"/>
    <Field Name="ChargeValue" Caption="Hodnota" Selector="ChargeValue" SelectorType="Path" FieldType="Number" 
           IsEnabled="{IsEnabled}&#9;Path;MarketCharge.Individual as individual&#9;Exp;bool IsEnabled=(individual == true)"
           IsRequired="{IsRequired}&#9;Path;MarketCharge.Individual as individual&#9;Exp;bool IsRequired=(individual == true)"
           IsReadOnly="{IsReadOnly}&#9;Path;MarketCharge.Individual as individual&#9;Exp;bool IsReadOnly=!(individual == true)" />
    <Field Name="ChargePayment" Caption="Platba" Selector="Charge" SelectorType="Path" FieldType="Number" IsReadOnly="True" />
    <Field Name="Currency" Caption="Měna" Selector="MarketCharge.Currency.ShortCaption" SelectorType="Path" FieldType="Text" IsReadOnly="True" />
  </FieldSection>
</Form>