﻿<?xml version="1.0" encoding="utf-8"?>
<Form Type="Entity" Caption="Diagramy" WindowCaption="Diagramy" ProgId="Enif.EDA.ETRM.Gui.Behaviors.egbDealTS,EnifETRMGui" EntityType="Enif.EDA.ETRM.Entities.Deal,EnifETRMCommon" IsReadOnly="False" Scale="100%">
	<FieldSection Name="Diagramy" Caption="Diagramy" >
		<Columns>
			<Column Width="180" />
			<Column Width="180" />
			<Column Width="180" />
			<Column Width="180" />
			<Column Width="180" />
			<Column Width="180" />
		</Columns>
		<Field Row="0" Column="4" Name="P" Caption="" FieldType="Text" SelectorType="Const" Selector="Platba" Occupation="Line" Default="False" IsReadOnly="true" IsVisible="true"/>
		<Field Row="0" Column="3" Name="FaktE" Caption="Test" FieldType="Text" SelectorType="Const" Selector="Fakturační Energie" Occupation="Line" Default="False" IsReadOnly="true" IsVisible="true"/>
		<Field Row="0" Column="2" Name="NomE" Caption="Test" FieldType="Text" SelectorType="Const" Selector="Nominační Energie" Occupation="Line" Default="False" IsReadOnly="true" IsVisible="true"/>
		<Field Row="0" Column="1" Name="E" Caption="Test" FieldType="Text" SelectorType="Const" Selector="Energie" Occupation="Line" Default="False" IsReadOnly="true" IsVisible="true"/>
		<Field Row="0" Column="0" Name="C" Caption="" FieldType="Text" SelectorType="Const" Selector="Cena" Occupation="Line" Default="False" IsReadOnly="true" IsVisible="true"/>

		<Field Row="1" Column="4" Name="PeriodaPlatby" Caption="Vzorky (P/PJ)" FieldType="Entity" SelectorType="Path" Selector="." Occupation="Line" Default="False" IsReadOnly="true" IsVisible="true">
			<Params>
				<Param Name="Format">{pp}</Param>
				<Param Name="Arguments">
					<Param Name="Path;Product.MinPeriod.Caption as pp"/>
				</Param>
			</Params>
		</Field>
		<Field Row="1" Column="3" Name="PeriodaFaktEnergie" Caption="Vzorky" FieldType="Entity" SelectorType="Path" Selector="." Occupation="Line" Default="False" IsReadOnly="true" IsVisible="true">
			<Params>
				<Param Name="Format">{pp}/{pup}</Param>
				<Param Name="Arguments">
					<Param Name="Path;GridETrade.Grid.TSample.Caption as pp"/>
					<Param Name="Path;GridETrade.Grid.TSample.Caption as pup"/>
				</Param>
			</Params>
		</Field>
		<Field Row="1" Column="2" Name="PeriodaNomEnergie" Caption="Vzorky" FieldType="Entity" SelectorType="Path" Selector="." Occupation="Line" Default="False" IsReadOnly="true"  IsVisible="true">
			<Params>
				<Param Name="Format">{pp}/{pup}</Param>
				<Param Name="Arguments">
					<Param Name="Path;GridETrade.Grid.TSample.Caption as pp"/>
					<Param Name="Path;GridETrade.Grid.TSample.Caption as pup"/>
				</Param>
			</Params>
		</Field>
		<Field Row="1" Column="1" Name="PeriodaEnergie" Caption="Vzorky" FieldType="Entity" SelectorType="Path" Selector="." Occupation="Line" Default="False" IsReadOnly="true" IsVisible="{IsVisible}&#9;Path;Product.EnergySource.Key as EneSrcType&#9;Exp;bool IsVisible=(EneSrcType==&quot;USER_DIAGRAM&quot;)">
			<Params>
				<Param Name="Format">{pp}/{pup}</Param>
				<Param Name="Arguments">
					<Param Name="Path;Product.EnergyPeriod.Caption as pp"/>
					<Param Name="Path;Product.EnergyUnitPeriod.Caption as pup"/>
				</Param> 
			</Params>
		</Field>
		<Field Row="1" Column="1" Name="PeriodaEnergieKrivka" Caption="Vzorky" FieldType="Entity" SelectorType="Path" Selector="." Occupation="Line" Default="False" IsReadOnly="true" IsVisible="{IsVisible}&#9;Path;Product.EnergySource.Key as EneSrcType&#9;Exp;bool IsVisible=(EneSrcType==&quot;PRODUCT_DIAGRAM&quot;||EneSrcType==&quot;DEAL_DIAGRAM&quot;)">
			<Params>
				<Param Name="Format">{pp}</Param>
				<Param Name="Arguments">
					<Param Name="Path;Product.MinPeriod.Caption as pp"/>
				</Param> 
			</Params>
		</Field>
		<Field Row="1" Column="0" Name="PeriodyCeny" Caption="Vzorky (P/PJ)" FieldType="Entity" SelectorType="Path" Selector="." Occupation="Line" Default="False" IsReadOnly="true" IsVisible="{IsVisible}&#9;Path;Product.PriceSource.Key as PrcSrcType&#9;Exp;bool IsVisible=(PrcSrcType==&quot;USER_DIAGRAM&quot;)">
			<Params>
				<Param Name="Format">{pp}/{pup}</Param>
				<Param Name="Arguments">
					<Param Name="Path;Product.PricePeriod.Caption as pp"/>
					<Param Name="Path;Product.PriceUnitPeriod.Caption as pup"/>
				</Param> 
			</Params>
		</Field>
		<Field Row="1" Column="0" Name="PeriodyCenyKrivak" Caption="Vzorky (P/PJ)" FieldType="Entity" SelectorType="Path" Selector="." Occupation="Line" Default="False" IsReadOnly="true" IsVisible="{IsVisible}&#9;Path;Product.PriceSource.Key as PrcSrcType&#9;Exp;bool IsVisible=(PrcSrcType==&quot;PRODUCT_DIAGRAM&quot;||PrcSrcType==&quot;DEAL_DIAGRAM&quot;)">
			<Params>
				<Param Name="Format">{pp}</Param>
				<Param Name="Arguments">
					<Param Name="Path;Product.MinPeriod.Caption as pp"/>
				</Param> 
			</Params>
		</Field>

		<Field Row="2" Column="0" Colspan="5" Name="Price" Caption="Price" FieldType="GridTS" SelectorType="Path" Selector="." IsVisible="true" IsEnabled="True" Occupation="Block" Height="50" IsReadOnly="{IsReadOnly}&#9;Path;DealState.Key as stateKey&#9;Exp;bool IsReadOnly=(stateKey==&quot;ACCEPTED&quot;||stateKey==&quot;WAITINGFORACCEPTANCE&quot;)">
			<Params>
				<Param Name="DataFrom">{dtResult}&#x9;Path;DeliveryFrom as DeliveryFrom&#x9;Exp;DateTime dtResult=IIf(DeliveryFrom!=null,DeliveryFrom,Sysdate)</Param>
				<Param Name="DataToEx">{dtResult}&#x9;Path;DeliveryTo as DeliveryTo&#x9;Exp;DateTime dtResult=IIf(DeliveryTo!=null,DeliveryTo,Sysdate)</Param>
				<!--<Param Name="HeaderColType">CategoryOnly</Param>-->
				<!--<Param Name="AutoSaveChanges">OnlySave</Param>
        <Param Name="DateUtilsSettingRow">DateFormat=1;TimeFormat=7</Param>-->
				<Param Name="Timezone">CESTm6</Param>
				<Param Name="ColsHeaderAggWidth">180</Param>
				<Param Name="RowsHeaderWidth">170</Param>
				<Param Name="RowHeight">20</Param>

				<Param Name="DataList">

					<Param Name="Energy">
						<Param Name="Caption" Value="Energie"/>
						<Param Name="SelectorType" Value="Const"/>
						<Param Name="Selector" Value="{Id}|{Template}|{Config}|2&#x9;Path;Id as Id&#x9;Const;ETRMActionsAndData as Config&#x9;Path;GetDiagramVolumeTemplate as Template"/>
						<Param Name="FormatValueBase" Value="0:#,##0.000"/>
						<Param Name="AggVal" Value="SumWONull"/>
						<Param Name="IsReadOnly" Value="{IsReadOnly}&#9;Path;Product.EnergySource.Key as energySourceKey&#9;Exp;bool IsReadOnly=!(energySourceKey==&quot;USER_DIAGRAM&quot;)"/>
					</Param>
					<Param Name="Price">

						<Param Name="Caption" Value="Cena"/>
						<Param Name="SelectorType" Value="Const"/>
						<Param Name="Selector" Value="{Id}|{Template}|{Config}|2&#x9;Path;Id as Id&#x9;Const;ETRMActionsAndData as Config&#x9;Path;GetDiagramPriceTemplate as Template"/>
						<Param Name="FormatValueBase" Value="0:#,##0.00"/>
						<Param Name="AggVal" Value="AvgWONull"/>
						<Param Name="IsReadOnly" Value="{IsReadOnly}&#9;Path;Product.IsPaymentType as isPayment, Product.PriceSource.Key as priceSourceKey&#9;Exp;bool IsReadOnly=!(isPayment != true &amp;&amp; priceSourceKey==&quot;USER_DIAGRAM&quot;)"/>
					</Param>
					<Param Name="EnergyNom">
						<Param Name="Caption" Value="Nominační Energie"/>
						<Param Name="SelectorType" Value="Const"/>
						<Param Name="Selector" Value="{Id}|{Template}|{Config}|2&#x9;Path;Id as Id&#x9;Const;ETRMActionsAndData as Config&#x9;Const;Deal.DiagramNomVolumeInput as Template"/>
						<Param Name="FormatValueBase" Value="0:#,##0.000"/>
						<Param Name="AggVal" Value="SumWONull"/>
						<Param Name="IsReadOnly" Value="False"/>
					</Param>
					<Param Name="EnergyBilling">
						<Param Name="Caption" Value="Fakturační Energie"/>
						<Param Name="SelectorType" Value="Const"/>
						<Param Name="Selector" Value="{Id}|{Template}|{Config}|2&#x9;Path;Id as Id&#x9;Const;ETRMActionsAndData as Config&#x9;Const;Deal.DiagramInvVolumeInput as Template"/>
						<Param Name="FormatValueBase" Value="0:#,##0.000"/>
						<Param Name="AggVal" Value="SumWONull"/>
						<Param Name="IsReadOnly" Value="False"/>
					</Param>
					<Param Name="EnergyPayment">
						<Param Name="Caption" Value="Platba"/>
						<Param Name="SelectorType" Value="Const"/>
						<Param Name="Selector" Value="{Id}|{Template}|{Config}|2&#x9;Path;Id as Id&#x9;Const;ETRMActionsAndData as Config&#x9;Path;GetDiagramPaymentTemplate as Template"/>
						<Param Name="FormatValueBase" Value="0:#,##0.00"/>
						<Param Name="AggVal" Value="SumWONull"/>
						<!--<Param Name="AggVal" Value="{AggVal}&#9;Path;Product.VolumeAggFunctionFK as aggfc&#9;Exp;string AggVal=IIf(aggfc==2,&quot;AvgWONull&quot;,&quot;SumWONull&quot;)"/>-->
						<Param Name="IsReadOnly" Value="{IsReadOnly}&#9;Path;Product.IsPaymentType as isPayment, Product.PriceSource.Key as priceSourceKey&#9;Exp;bool IsReadOnly=!(isPayment == true &amp;&amp; priceSourceKey==&quot;USER_DIAGRAM&quot;)"/>
					</Param>
				</Param>
        <Param Name="ToolViewVisibility">0</Param>
				<Param Name="CopyToClipboardWithHeaders">True</Param>
				<Param Name="ToolPanelVisibility">0</Param>
				<Param Name="FromToVisibility">2</Param>
				<Param Name="GranularityVisibility">0</Param>
				<Param Name="AggDiagVisibility">2</Param>
				<Param Name="AggValVisibility">2</Param>
				<Param Name="TimezoneVisibility">2</Param>
				<Param Name="EnCalVisibility">2</Param>
				<Param Name="ViewFromVisibility">2</Param>
				<Param Name="Granularity">day</Param>
				<Param Name="ListTimezone">
					<Param Name="DefVal" Value="CESTm6"/>
					<Param Name="List">
						<Param Name="0" Value="CESTm6">
							<Param Name="Caption" Value="CESTm6"/>
						</Param>
					</Param>
				</Param>
				<Param Name="ListGranularity">
					<Param Name="DefVal" Value="day"/>
					<Param Name="List">
						<Param Name="1" Value="hour">
							<Param Name="Caption" Value="hodiny"/>
							<Param Name="ShortCaption" Value="hodiny"/>
							<ParamClass Name="ProgID" ClassProgId="Enif.CClassInfo">
								<ProgId>Enif.EDA.ETRM.Gui.EnifGridEditorETRM.GranularityDT_ETRM,EnifETRMGui</ProgId>
							</ParamClass>
						</Param>
						<Param Name="2" Value="day">
							<Param Name="Caption" Value="dny"/>
							<Param Name="ShortCaption" Value="dny"/>
							<ParamClass Name="ProgID" ClassProgId="Enif.CClassInfo">
								<ProgId>Enif.EDA.ETRM.Gui.EnifGridEditorETRM.GranularityDT_ETRM,EnifETRMGui</ProgId>
							</ParamClass>
						</Param>
						<Param Name="3" Value="week">
							<Param Name="Caption" Value="týdny"/>
							<Param Name="ShortCaption" Value="týdny"/>
							<ParamClass Name="ProgID" ClassProgId="Enif.CClassInfo">
								<ProgId>Enif.EDA.ETRM.Gui.EnifGridEditorETRM.GranularityDT_ETRM,EnifETRMGui</ProgId>
							</ParamClass>
						</Param>
						<Param Name="4" Value="month">
							<Param Name="Caption" Value="měsíce"/>
							<Param Name="ShortCaption" Value="měsíce"/>
							<ParamClass Name="ProgID" ClassProgId="Enif.CClassInfo">
								<ProgId>Enif.EDA.ETRM.Gui.EnifGridEditorETRM.GranularityDT_ETRM,EnifETRMGui</ProgId>
							</ParamClass>
						</Param>
						<Param Name="5" Value="qyear">
							<Param Name="Caption" Value="čtvrtletí"/>
							<Param Name="ShortCaption" Value="čtvrtletí"/>
							<ParamClass Name="ProgID" ClassProgId="Enif.CClassInfo">
								<ProgId>Enif.EDA.ETRM.Gui.EnifGridEditorETRM.GranularityDT_ETRM,EnifETRMGui</ProgId>
							</ParamClass>
						</Param>
						<Param Name="6" Value="hyear">
							<Param Name="Caption" Value="půlroční"/>
							<Param Name="ShortCaption" Value="půlroční"/>
							<ParamClass Name="ProgID" ClassProgId="Enif.CClassInfo">
								<ProgId>Enif.EDA.ETRM.Gui.EnifGridEditorETRM.GranularityDT_ETRM,EnifETRMGui</ProgId>
							</ParamClass>
						</Param>
						<Param Name="7" Value="year">
							<Param Name="Caption" Value="roční"/>
							<Param Name="ShortCaption" Value="roční"/>
							<ParamClass Name="ProgID" ClassProgId="Enif.CClassInfo">
								<ProgId>Enif.EDA.ETRM.Gui.EnifGridEditorETRM.GranularityDT_ETRM,EnifETRMGui</ProgId>
							</ParamClass>
						</Param>
						<Param Name="8" Value="all">
							<Param Name="Caption" Value="konstanta"/>
							<Param Name="ShortCaption" Value="konstanta"/>
							<ParamClass Name="ProgID" ClassProgId="Enif.CClassInfo">
								<ProgId>Enif.EDA.ETRM.Gui.EnifGridEditorETRM.GranularityDT_ETRM,EnifETRMGui</ProgId>
							</ParamClass>
						</Param>
						<Param Name="9" Value="gashyear">
							<Param Name="Caption" Value="plynařský půlrok"/>
							<Param Name="ShortCaption" Value="plynařský půlrok"/>
							<ParamClass Name="ProgID" ClassProgId="Enif.CClassInfo">
								<ProgId>Enif.EDA.ETRM.Gui.EnifGridEditorETRM.GranularityDT_ETRM,EnifETRMGui</ProgId>
							</ParamClass>
						</Param>
						<Param Name="10" Value="gasyear">
							<Param Name="Caption" Value="plynařský rok"/>
							<Param Name="ShortCaption" Value="plynařský rok"/>
							<ParamClass Name="ProgID" ClassProgId="Enif.CClassInfo">
								<ProgId>Enif.EDA.ETRM.Gui.EnifGridEditorETRM.GranularityDT_ETRM,EnifETRMGui</ProgId>
							</ParamClass>
						</Param>
						<Param Name="11" Value="gasfally">
							<Param Name="Caption" Value="plynařský rok od podzimu"/>
							<Param Name="ShortCaption" Value="plynařský rok od podzimu"/>
							<ParamClass Name="ProgID" ClassProgId="Enif.CClassInfo">
								<ProgId>Enif.EDA.ETRM.Gui.EnifGridEditorETRM.GranularityDT_ETRM,EnifETRMGui</ProgId>
							</ParamClass>
						</Param>
						<!--<Param Name="5" Value="ETRMDeal">
              <Param Name="TSDataId" Value="{Id}|{Template}|{Config}&#x9;Path;Id as Id&#x9;Const;ETRMActionsAndData as Config&#x9;Const;Deal.DiagramSourcePrice as Template"></Param>
              <Param Name="Caption" Value="ETRMDeal"></Param>
              <Param Name="ShortCaption" Value="ETRMDeal"></Param>
              <ParamClass Name="ProgID" ClassProgId="Enif.CClassInfo">
                <ProgId>EnifGridEditor.CGranularityETRMDeal,EnifGridEditor</ProgId>
              </ParamClass>
            </Param>-->
					</Param>
				</Param>
				<Param Name="ListAggVal">
					<Param Name="DefVal" Value="SumWONull"/>
					<Param Name="List">
						<Param Name="1" Value="SumWONull">
							<Param Name="Caption" Value="Suma"/>
							<Param Name="ShortCaption" Value="Suma"/>
							<ParamClass Name="ProgID" ClassProgId="Enif.CClassInfo">
								<ProgId>EnifGridEditor.CAggValSimple,EnifGridEditor</ProgId>
							</ParamClass>
						</Param>
						<Param Name="2" Value="AvgWONull">
							<Param Name="Caption" Value="Průměr"/>
							<Param Name="ShortCaption" Value="Průměr"/>
							<ParamClass Name="ProgID" ClassProgId="Enif.CClassInfo">
								<ProgId>EnifGridEditor.CAggValSimple,EnifGridEditor</ProgId>
							</ParamClass>
						</Param>
					</Param>
				</Param>
				<Param Name="ListCategory">
					<Param Name="DefVal" Value="All"/>
					<Param Name="List">
						<Param Name="1" Value="All">
							<Param Name="Caption" Value="Vše"/>
							<Param Name="ShortCaption" Value="Vše"/>
							<ParamClass Name="ProgID" ClassProgId="Enif.CClassInfo">
								<ProgId>EnifGridEditor.CCategoryPNDN,EnifGridEditor</ProgId>
							</ParamClass>
						</Param>
						<!--
            <Param Name="2" Value="P-N-D-N">
              <Param Name="Caption" Value="P-N-D-N"></Param>
              <Param Name="ShortCaption" Value="P-N-D-N"></Param>
              <ParamClass Name="ProgID" ClassProgId="Enif.CClassInfo">
                <ProgId>EnifGridEditor.CCategoryPNDN,EnifGridEditor</ProgId>
              </ParamClass>
            </Param>
            -->
					</Param>
				</Param>
			</Params>
		</Field>
	</FieldSection>
</Form>