﻿<?xml version="1.0" encoding="utf-8"?>
<Form Type="Entity" Caption="Meziknihovní" WindowCaption="Meziknihovní" ProgId="Enif.EDA.ETRM.Gui.Behaviors.egbDeal,EnifETRMGui" EntityType="Enif.EDA.ETRM.Entities.Deal,EnifETRMCommon" IsReadOnly="False" Scale="3">
  <FieldSection Name="Detail" Caption="Detail meziknihovní">
    <Columns>
      <Column Width="*" />
      <Column Width="*" />
      <Column Width="20" />
      <Column Width="*" />
      <Column Width="*" />
      <Column Width="20" />
      <Column Width="*" />
      <Column Width="*" />
    </Columns>
    <Field Name="DealId" Caption="ID obchodu" FieldType="Integer" SelectorType="Path" Selector="DealID" ToolTip="Pořadové ID obchodu pro obchodní jednotku" IsReadOnly="True" Occupation="Line" Column="0" Row="0" />
    <Field Name="DeliveryFrom" Caption="Platnost OD" FieldType="DateTime" SelectorType="Path" Selector="DeliveryFrom" ToolTip="Platnost OD" IsRequired="True" Occupation="Line" Column="3" Row="0" IsReadOnly="{IsReadOnly}&#9;Path;DealState.Key as stateKey&#9;Exp;bool IsReadOnly=(stateKey==&quot;ACCEPTED&quot;||stateKey==&quot;ACCEPTEDEXCEPTPRICE&quot;)">
      <Params>
        <Param Name="Mode">Date</Param>
      </Params>
    </Field>
    <Field Name="DeliveryTo" Caption="Platnost DO" FieldType="DateTime" SelectorType="Path" Selector="DeliveryToInclusive" ToolTip="Platnost DO" IsRequired="True" Occupation="Line" Column="3" Row="1" IsReadOnly="{IsReadOnly}&#9;Path;DealState.Key as stateKey&#9;Exp;bool IsReadOnly=(stateKey==&quot;ACCEPTED&quot;||stateKey==&quot;ACCEPTEDEXCEPTPRICE&quot;)">
      <Params>
        <Param Name="Mode">Date</Param>
      </Params>
    </Field>
    <Field Name="MarketUnit" Caption="Obchodní jednotka" FieldType="EnumField" SelectorType="Path" Selector="MarketUnit" ToolTip="Obchodní jednotka" IsRequired="True" Occupation="Line" Column="0" Row="1" IsReadOnly="{IsReadOnly}&#9;Path;DealState.Key as stateKey&#9;Exp;bool IsReadOnly=(stateKey==&quot;ACCEPTED&quot;||stateKey==&quot;ACCEPTEDEXCEPTPRICE&quot;)">
      <Params>
        <Param Name="HQL">SELECT M, M.Subject.Company.Name from MarketUnit M where M.Active = true</Param>
        <Param Name="AutoSetWhenOneItem">True</Param>
      </Params>
    </Field>
    <Field Name="Commodity" Caption="Komodita" FieldType="EnumField" SelectorType="Const" Selector="{Id??'-1'}&#x9;Path;Commodity.BaseCommodity.Id as Id" ToolTip="Komodita" IsRequired="True" IsReactive="True" Occupation="Line" Column="0" Row="2" IsBinded="false" IsReadOnly="{IsReadOnly}&#9;Path;DealState.Key as stateKey&#9;Exp;bool IsReadOnly=(stateKey==&quot;ACCEPTED&quot;||stateKey==&quot;ACCEPTEDEXCEPTPRICE&quot;)">
      <Params>
        <Param Name="HQL">SELECT C.Id, C.Caption from MU_Commodity M inner join M.Commodity C where C.BaseCommodityFK is null and C.Active = true and M.MarketUnit={MarketUnit}</Param>
        <Param Name="AutoSetWhenOneItem">True</Param>
      </Params>
    </Field>
    <Field Name="Subcommodity" Caption="Subkomodita" FieldType="EnumField" SelectorType="Path" Selector="Commodity" ToolTip="Výběr z Komodita/Kapacita" IsRequired="True" Occupation="Line" Column="0" Row="3" IsReadOnly="{IsReadOnly}&#9;Path;DealState.Key as stateKey&#9;Exp;bool IsReadOnly=(stateKey==&quot;ACCEPTED&quot;||stateKey==&quot;ACCEPTEDEXCEPTPRICE&quot;)">
      <Params>
        <Param Name="HQL">SELECT M, M.Caption from CommodityETrade M where M.Active = true and M.BaseCommodityFK={Commodity}</Param>
        <Param Name="AutoSetWhenOneItem">True</Param>
      </Params>
    </Field>
    <Field Name="DealType" Caption="Typ obchodu" FieldType="EnumField" SelectorType="Path" Selector="DealType" ToolTip="Typ obchodu" IsRequired="True" Occupation="Line" Column="0" Row="4" IsReadOnly="{IsReadOnly}&#9;Path;DealState.Key as stateKey&#9;Exp;bool IsReadOnly=(stateKey==&quot;ACCEPTED&quot;||stateKey==&quot;ACCEPTEDEXCEPTPRICE&quot;)">
      <Params>
        <Param Name="HQL">SELECT T, T.Caption from DealType T where T.Active = true</Param>
        <Param Name="AutoSetWhenOneItem">True</Param>
      </Params>
    </Field>
    <Field Name="Product" Caption="Produkt" FieldType="Entity" SelectorType="Const" Selector="" ToolTip="Produkt" IsReactive="True" Occupation="Line" Column="0" Row="5" IsBinded="false" IsReadOnly="{IsReadOnly}&#9;Path;DealState.Key as stateKey&#9;Exp;bool IsReadOnly=(stateKey==&quot;ACCEPTED&quot;||stateKey==&quot;ACCEPTEDEXCEPTPRICE&quot;)">
      <DetailsButton IsVisible="False" UnionTransaction="True" />
      <SelectButton IsVisible="True" Selector="Market" SelectorType="Path" Form="eggDealProductSelect" UnionTransaction="True" />
      <NewButton IsVisible="False" UnionTransaction="True" />
      <Params>
        <Param Name="DeleteButton">False</Param>
        <Param Name="Format">{Name}</Param>
        <Param Name="Arguments">
          <Param Name="Path;Name as Name" />
        </Param>
      </Params>
    </Field>
    <Field Name="Currency" Caption="Měna" FieldType="EnumField" SelectorType="Path" Selector="TCurrency" ToolTip="Měna - výběr z povolených měn pro vybraný trh" Occupation="Line" Column="0" Row="6" IsReadOnly="{IsReadOnly}&#9;Path;DealState.Key as stateKey&#9;Exp;bool IsReadOnly=(stateKey==&quot;ACCEPTED&quot;||stateKey==&quot;ACCEPTEDEXCEPTPRICE&quot;)">
      <Params>
        <Param Name="HQL">SELECT C, C.Caption from TCurrency C</Param>
        <Param Name="AutoSetWhenOneItem">True</Param>
      </Params>
    </Field>
    <Field Name="VolumeCurve" Caption="Výkonová křivka" FieldType="EnumField" SelectorType="Path" Selector="Product.VolumeCurve" ToolTip="Výkonová křivka" Occupation="Line" Column="3" Row="2" IsReadOnly="{IsReadOnly}&#9;Path;DealState.Key as stateKey&#9;Exp;bool IsReadOnly=(stateKey==&quot;ACCEPTED&quot;||stateKey==&quot;ACCEPTEDEXCEPTPRICE&quot;)">
      <Params>
        <Param Name="HQL">SELECT T.Id, concat(T.IndexCurveType.Caption,T.Id) from IndexCurve T where T.IndexCurveType.Key='PowerCurve'</Param>
      </Params>
    </Field>
    <Field Name="PriceCurve" Caption="Cenová křivka" FieldType="EnumField" SelectorType="Path" Selector="Product.PriceCurve" ToolTip="Cenová křivka" Occupation="Line" Column="3" Row="3" IsReadOnly="{IsReadOnly}&#9;Path;DealState.Key as stateKey&#9;Exp;bool IsReadOnly=(stateKey==&quot;ACCEPTED&quot;||stateKey==&quot;ACCEPTEDEXCEPTPRICE&quot;)">
      <Params>
        <Param Name="HQL">SELECT T.Id, concat(T.IndexCurveType.Caption,T.Id) from IndexCurve T where T.IndexCurveType.Key='PriceCurve'</Param>
      </Params>
    </Field>
    <Field Name="Portfolio" Caption="Portfolio" FieldType="EnumField" SelectorType="Const" Selector="{Id??'-1'}&#x9;Path;Book.Portfolio.Id as Id" ToolTip="Portfolio - výběr z portfolií obchodní jednotky" IsReactive="True" Occupation="Line" Column="3" Row="5" IsBinded="false" IsReadOnly="{IsReadOnly}&#9;Path;DealState.Key as stateKey&#9;Exp;bool IsReadOnly=(stateKey==&quot;ACCEPTED&quot;||stateKey==&quot;ACCEPTEDEXCEPTPRICE&quot;)">
      <Params>
        <Param Name="HQL">SELECT P.Id,P.Caption from Portfolio P where P.MarketUnit={MarketUnit}</Param>
        <Param Name="AutoSetWhenOneItem">True</Param>
      </Params>
    </Field>
    <Field Name="Book" Caption="Kniha" FieldType="EnumField" SelectorType="Path" Selector="Book" ToolTip="Kniha - výběr z knih portfolia" Occupation="Line" Column="3" Row="6" IsReadOnly="{IsReadOnly}&#9;Path;DealState.Key as stateKey&#9;Exp;bool IsReadOnly=(stateKey==&quot;ACCEPTED&quot;||stateKey==&quot;ACCEPTEDEXCEPTPRICE&quot;)">
      <Params>
        <Param Name="HQL">SELECT B, B.Caption from Book B where B.PortfolioFK={Portfolio}</Param>
        <Param Name="AutoSetWhenOneItem">True</Param>
      </Params>
    </Field>

    <Field Name="PortfolioTarget" Caption="Cílové portfolio" FieldType="EnumField" SelectorType="Const" Selector="{Id??'-1'}&#x9;Path;bagDealBookTransfer[0].TargetBook.Portfolio.Id as Id" ToolTip="Portfolio - výběr z portfolií obchodní jednotky" IsReactive="True" Occupation="Line" Column="3" Row="7" IsBinded="false" IsReadOnly="{IsReadOnly}&#9;Path;DealState.Key as stateKey&#9;Exp;bool IsReadOnly=(stateKey==&quot;ACCEPTED&quot;||stateKey==&quot;ACCEPTEDEXCEPTPRICE&quot;)">
      <Params>
        <Param Name="HQL">SELECT P.Id,P.Caption from Portfolio P where P.MarketUnit={MarketUnit}</Param>
        <Param Name="AutoSetWhenOneItem">True</Param>
      </Params>
    </Field>
    <Field Name="BookTarget" Caption="Cílová kniha" FieldType="EnumField" SelectorType="Path" Selector="bagDealBookTransfer[0].TargetBook" ToolTip="Kniha - výběr z knih portfolia" Occupation="Line" Column="3" Row="8" IsReadOnly="{IsReadOnly}&#9;Path;DealState.Key as stateKey&#9;Exp;bool IsReadOnly=(stateKey==&quot;ACCEPTED&quot;||stateKey==&quot;ACCEPTEDEXCEPTPRICE&quot;)">
      <Params>
        <Param Name="HQL">SELECT B, B.Caption from Book B where B.PortfolioFK={PortfolioTarget}</Param>
        <Param Name="AutoSetWhenOneItem">True</Param>
      </Params>
    </Field>
    
    <Field Name="SettledAt" Caption="Datum uzavření obchodu" FieldType="DateTime" SelectorType="Path" Selector="SettledAt" ToolTip="Datum uzavření obchodu" Occupation="Line" Column="3" Row="9">
      <Params>
        <Param Name="Mode">Date</Param>
      </Params>
    </Field>

    <Field Name="DealState" Caption="Stav obchodu" FieldType="Text" SelectorType="Path" Selector="DealState.Caption" ToolTip="Stav obchodu" IsReadOnly="True" IsReactive="True" Occupation="Line" Column="6" Row="0" IsBinded="true">
      <Params>
        <Param Name="Buttons">
          <Param Name="btnChangeState" Value="Změnit stav"/>
        </Param>
        <!--<Param Name="HQL">SELECT S.Id, S.Caption from DealState S</Param>-->
      </Params>
    </Field>
    <Field Name="CreatedBy" Caption="Obchodník uzavírající obchod" FieldType="Entity" SelectorType="Path" Selector="CreatedBy" ToolTip="Obchodník, který do systému obchod zadal" IsReadOnly="True" Occupation="Line" Column="6" Row="2">
      <DetailsButton IsVisible="False" Form="egeIdentity" UnionTransaction="True" />
      <Params>
        <Param Name="Format">{CName}</Param>
        <Param Name="Arguments">
          <Param Name="Path;Name as CName,ShortName as CSName" />
        </Param>
      </Params>
    </Field>
    <Field Name="AcceptedBy" Caption="Obchodník schvalující obchod" FieldType="Entity" SelectorType="Path" Selector="AcceptedBy" ToolTip="Obchodník, který obchod schválil" IsReadOnly="True" Occupation="Line" Column="6" Row="3">
      <DetailsButton IsVisible="False" Form="egeIdentity" UnionTransaction="True" />
      <Params>
        <Param Name="Format">{FirstName} {LastName}</Param>
        <Param Name="Arguments">
          <Param Name="Path;Name as CName,FirstName as FirstName,LastName as LastName" />
        </Param>
      </Params>
    </Field>
    
    <Field Name="TotalVolume" Caption="Celkové množství" FieldType="Number" SelectorType="Path" Selector="Volume" ToolTip="Agregované množství" IsReadOnly="True" Occupation="Line" Column="6" Row="4">
      <Params>
        <Param Name="Format">{0:#,##0.000}</Param>
      </Params>
    </Field>
    <Field Name="AverageVolume" Caption="Průměrné množství" FieldType="Number" SelectorType="Path" Selector="VolumeAvg" ToolTip="Průměrné množství" IsReadOnly="True" Occupation="Line" Column="6" Row="5">
      <Params>
        <Param Name="Format">{0:#,##0.000}</Param>
      </Params>
    </Field>
    <Field Name="Price" Caption="Průměrná cena" FieldType="Number" SelectorType="Path" Selector="Price" ToolTip="Vážený průměr ceny v měně obchodu" IsReadOnly="True" Occupation="Line" Column="6" Row="6">
      <Params>
        <Param Name="Format">{0:#,##0.000}</Param>
      </Params>
    </Field>
    <Field Name="Payment" Caption="Platba" FieldType="Number" SelectorType="Path" Selector="Payment" ToolTip="Celková platba obchodu v měně obchodu" IsReadOnly="True" Occupation="Line" Column="6" Row="7">
      <Params>
        <Param Name="Format">{0:#,##0.000}</Param>
      </Params>
    </Field>
    <Field Name="Contract" Caption="Smlouva" FieldType="Entity" SelectorType="Path" Selector="Agreement" ToolTip="Smlouva, pod kterou byl obchod přiřazen" Occupation="Line" Column="6" Row="9" >
      <DetailsButton IsVisible="True" Form="egeDealAggrement" UnionTransaction="True" />
      <SelectButton IsVisible="True" Form="eggDealAggrement" UnionTransaction="True" />
      <Params>
        <Param Name="Format">{CName}</Param>
        <Param Name="Arguments">
          <Param Name="Path;Caption as CName" />
        </Param>
      </Params>
    </Field>
    <Field Name="LastAcceptedAt" Caption="Čas posledního schválení" FieldType="DateTime" SelectorType="Path" Selector="AcceptedAt" ToolTip="Čas posledního schválení obchodu - kdy byl obchod naposled schválen v systému" IsReadOnly="True" Occupation="Line" Column="6" Row="10">
      <Params>
        <Param Name="Mode">DateTime</Param>
      </Params>
    </Field>
    <Field Name="LastStateReverseAt" Caption="Čas posledního přetočení" FieldType="DateTime" SelectorType="Path" Selector="ResetTimeStamp" ToolTip="Čas posledního přetočení obchodu - kdy byl obchod naposled přetočen ze stavu Schváleno do stavu Návrh" IsReadOnly="True" Occupation="Line" Column="6" Row="11">
      <Params>
        <Param Name="Mode">DateTime</Param>
      </Params>
    </Field>
  </FieldSection>
  <FieldSection Name="Popis" Caption="Popis" Tooltip="Popis" Collapsed="True">
    <Field Name="Description" Caption="Popis obchodu" FieldType="Text" SelectorType="Path" Selector="Description" ToolTip="Popis obchodu" Occupation="CaptionBlock" >
      <Params>
        <Param Name="Multiline">True</Param>
      </Params>
    </Field>
  </FieldSection>
  <Params>
    <Param Name="EntityDelegates">
      <Param Name="Init_BookTransfer"/>
    </Param>
  </Params>
</Form>