﻿<?xml version="1.0" encoding="utf-8"?>
<Form Type="Entity" Caption="Kurzová křivka" WindowCaption="Kurzová křivka" ProgId="EGCore.EGBaseBehavior,EGCore" EntityType="Enif.EDA.ETRM.Entities.ExchangeRateSerie,EnifETRMCommon" Scale="1.1" CanDelete="None"
      IsReadOnly="{IsReadOnly}&#x9;Exp;bool IsReadOnly=!(RoleExp(&quot;ETRM_MDM_ExchangeRate_Settings&quot;))">
  <Params>
    <Param Name="EntityDelegates">
      <Param Name="Create_Base" />
    </Param>
    <Param Name="PropagatedParams">
      <!-- kontext otvorenia egeExchangeRateSerieV -->
      <!-- NotSpecified - možnosť vybrať zo všetkých dostupných ExchangeRateSerie, alebo Id predvybraného -->
      <Param Name="ExchangeRateSerieId" Value="" />
    </Param>
    <Param Name="VariablesBinding">
      <Param Name="ExchangeRateProviderId" Value="{ExchangeRateProviderId}" />
    </Param>
  </Params>
  <FieldSection Name="Detail" Caption="Detail" Columns="1">
    <!-- fake field pre PropagatedParams -->
    <Field Name="ExchangeRateSerieId" Caption="fake" FieldType="Integer" SelectorType="Path" Selector="Id" IsVisible="false" IsEnabled="True" IsReadOnly="True" Occupation="Line" />
    
    <Field Name="Id" Caption="Id" FieldType="Integer" SelectorType="Path" Selector="Id" IsReadOnly="true" IsRequired="false" Occupation="Line" />
    <Field Name="Active" Caption="Aktivní" FieldType="BoolField" SelectorType="Path" Selector="Active" IsRequired="true" Occupation="Line" Default="true" />
    <Field Name="Key" Caption="Klíč" FieldType="Text" SelectorType="Path" Selector="Key" IsRequired="true" Occupation="Line" />
    <Field Name="Caption" Caption="Název" FieldType="Text" SelectorType="Path" Selector="Caption" IsRequired="true" Occupation="Line" />
    <Field Name="BaseCurrency" Caption="Base měna" FieldType="EnumField" SelectorType="Path" Selector="BaseCurrency" IsRequired="true" Occupation="Line"
           IsReadOnly="{IsReadOnly}&#x9;Path;AlreadyUsed as AlreadyUsed&#x9;Exp;bool IsReadOnly=(AlreadyUsed)">
      <Params>
        <Param Name="Format">{ShortCaption}</Param>
        <Param Name="HQL">select c, c.ShortCaption from CurrencyETrade c where c.Active=1</Param>
      </Params>
    </Field>
    <Field Name="ExchangeRateProvider" Caption="Poskytovatel kurzu" FieldType="EnumField" SelectorType="Path" Selector="ExchangeRateProvider" IsRequired="True" Occupation="Line"
						IsReadOnly="{IsReadOnly}&#x9;Path;Id as Id&#x9;Exp;bool IsReadOnly=(Id &gt; 0)"
            IsVisible="{IsVisible}&#x9;Exp;bool IsVisible=(ExchangeRateProviderId == &quot;NotSpecified&quot;)">
          <Params>
        <Param Name="HQL">select m, m.Caption from ExchangeRateProvider as m where m.Active=1 order by m.Caption</Param>
      </Params>
    </Field>
    <!-- Do HQL sa nedá pridať PropagatedParams, Default nezobrazuje hodnoty, ktore nie su v HQL, preto je 2x -->
    <Field Name="ExchangeRateProviderReadOnly" Caption="Poskytovatel kurzu" FieldType="EnumField" SelectorType="Path" Selector="ExchangeRateProvider" IsRequired="True" Occupation="Line" IsReadOnly="True"
            IsVisible="{IsVisible}&#x9;Path;Id as Id&#x9;Exp;bool IsVisible=(ExchangeRateProviderId != &quot;NotSpecified&quot;)"
            Default="select m, m.Caption from ExchangeRateProvider as m where m.Id={ExchangeRateProviderId}">
      <Params>
        <Param Name="HQL">select m, m.Caption from ExchangeRateProvider as m</Param>
      </Params>
    </Field>
    <Field Name="CounterCurrency" Caption="Counter měna" FieldType="Text" SelectorType="Path" Selector="ExchangeRateProvider.CounterCurrency.ShortCaption" IsReadOnly="true" IsRequired="false" Occupation="Line" />
    <Field Name="Sample" Caption="Vzorek" FieldType="EnumField" SelectorType="Path" Selector="Sample" IsRequired="true" Occupation="Line"
           IsReadOnly="{IsReadOnly}&#x9;Path;IsNewEntity as IsNewEntity&#x9;Exp;bool IsReadOnly=(IsNewEntity == false)">
      <Params>
        <Param Name="Format">{ShortCaption}</Param>
        <Param Name="HQL">select c, c.ShortCaption from SampleETrade c where c.Active=1</Param>
      </Params>
    </Field>
    <Field Name="TimeZone" Caption="Časová zóna" FieldType="EnumField" SelectorType="Path" Selector="TimeZone" IsRequired="true" Occupation="Line"
           IsReadOnly="{IsReadOnly}&#x9;Path;IsNewEntity as IsNewEntity&#x9;Exp;bool IsReadOnly=(IsNewEntity == false)">
      <Params>
        <Param Name="Format">{ShortCaption}</Param>
        <Param Name="HQL">select c, c.ShortCaption from TimeZoneETrade c where c.Active=1</Param>
      </Params>
    </Field>
    <Field Name="ExchangeRateFixType" Caption="Typ fixace kurzu" FieldType="EnumField" SelectorType="Path" Selector="ExchangeRateFixType" IsRequired="true" Occupation="Line">
      <Params>
        <Param Name="Format">{ShortCaption}</Param>
        <Param Name="HQL">select c, c.ShortCaption from ExchangeRateFixType c where c.Active=1</Param>
      </Params>
    </Field>
  </FieldSection>
  <FieldSection Name="Description" Caption="Popis" Collapsed="true">
    <Field Name="Description" Caption="Popis" FieldType="Text" SelectorType="Path" Selector="Description" ToolTip="Popis produktu" Occupation="CaptionBlock"
            IsReadOnly="false" >
      <Params>
        <Param Name="Multiline">True</Param>
        <Param Name="TextWrapping">Wrap</Param>
      </Params>
    </Field>
  </FieldSection>
  <FieldSection Name="ExchangeRateSerieRule" Caption="Pravidla auto. vytváření verzí">
    <Field Name="bagExchangeRateSerieRule" Caption="Pravidla automatického vytváření verzí" FieldType="Grid" SelectorType="Path" Selector="bagExchangeRateSerieRule" Occupation="Block">
      <DetailsButton IsVisible="True" Form="egeExchangeRateSerieRule" UnionTransaction="True" Target="@Window" />
      <SelectButton IsVisible="True" Form="egeExchangeRateSerieRule" UnionTransaction="True" />
      <NewButton IsVisible="False" UnionTransaction="True" />
      <Params>
        <Param Name="DeleteMode">Multi</Param>
        <Param Name="DeleteButton">
          <Param Name="EntityDelegates">
            <Param Name="Destroy_Gui"></Param>
          </Param>
        </Param>
        <Param Name="Order">Name</Param>
        <Param Name="Columns">
          <Param Name="Id">
            <Param Name="Field">Id</Param>
            <Param Name="DataType">Int64</Param>
            <Param Name="Alignment">Right</Param>
            <Param Name="Width">60</Param>
          </Param>
          <Param Name="Akt.">
            <Param Name="Field">Active</Param>
            <Param Name="DataType">Boolean</Param>
            <Param Name="Alignment">Center</Param>
            <Param Name="Width">40</Param>
          </Param>
          <Param Name="Název">
            <Param Name="Field">Name</Param>
            <Param Name="DataType">String</Param>
            <Param Name="Alignment">Left</Param>
            <Param Name="Width">1*</Param>
            <Param Name="MinWidth">100</Param>
          </Param>
          <Param Name="Datum akce">
            <Param Name="Field">ActionDateExpression</Param>
            <Param Name="DataType">String</Param>
            <Param Name="Alignment">Right</Param>
            <Param Name="Width">80</Param>
          </Param>
          <Param Name="Uložit k datu">
            <Param Name="Field">ValidFromExpression</Param>
            <Param Name="DataType">String</Param>
            <Param Name="Alignment">Right</Param>
            <Param Name="Width">90</Param>
          </Param>
          <Param Name="Přep. auto.">
            <Param Name="Field">AutoOverride</Param>
            <Param Name="DataType">Boolean</Param>
            <Param Name="Alignment">Center</Param>
            <Param Name="Width">80</Param>
          </Param>
          <Param Name="Přep. ruč.">
            <Param Name="Field">ManualOverride</Param>
            <Param Name="DataType">Boolean</Param>
            <Param Name="Alignment">Center</Param>
            <Param Name="Width">80</Param>
          </Param>
        </Param>
      </Params>
    </Field>
  </FieldSection>
  <FieldSection Name="ExchangeRateSerieV" Caption="Verze křivky">
    <Field Name="bagExchangeRateSerieV" Caption="Verze křivky" FieldType="Grid" SelectorType="Path" Selector="bagExchangeRateSerieV" Occupation="Block" Height="10" MaxHeight="99">
      <DetailsButton IsVisible="True" Form="egeExchangeRateSerieV" UnionTransaction="True" Target="@Window" />
      <SelectButton IsVisible="True" Form="egeExchangeRateSerieV" UnionTransaction="True" />
      <NewButton IsVisible="False" UnionTransaction="True" />
      <Params>
        <Param Name="DeleteMode">Multi</Param>
        <Param Name="DeleteOnRemove">True</Param>
        <Param Name="DeleteButton">
          <Param Name="RightsAdapters">
            <Param Name="Enif.EDA.ETRM.Validators.ExchangeRateSerieVDeleteValidator,EnifETRMCommon"/>
          </Param>
        </Param>
        <Param Name="Order">ValidFrom</Param>
        <Param Name="Columns">
          <Param Name="Id">
            <Param Name="Field">Id</Param>
            <Param Name="DataType">Int64</Param>
            <Param Name="Alignment">Right</Param>
            <Param Name="Width">60</Param>
          </Param>
          <Param Name="Akt.">
            <Param Name="Field">Active</Param>
            <Param Name="DataType">Boolean</Param>
            <Param Name="Alignment">Center</Param>
            <Param Name="Width">40</Param>
          </Param>
          <Param Name="Datum">
            <Param Name="Field">ValidFrom</Param>
            <Param Name="DataType">DateTime</Param>
            <Param Name="Format">{0:yyyyMMdd HH}</Param>
            <Param Name="Alignment">Left</Param>
            <Param Name="Width">80</Param>
          </Param>
          <Param Name="Popis">
            <Param Name="Field">Description</Param>
            <Param Name="DataType">String</Param>
            <Param Name="Alignment">Left</Param>
            <Param Name="Width">1*</Param>
            <Param Name="MinWidth">80</Param>
          </Param>
          <Param Name="Pravidlo">
            <Param Name="Field">ExchangeRateSerieRule.Name</Param>
            <Param Name="DataType">String</Param>
            <Param Name="Alignment">Left</Param>
            <Param Name="Width">100</Param>
          </Param>
          <Param Name="Přepis.">
            <Param Name="Field">Overridable</Param>
            <Param Name="DataType">Boolean</Param>
            <Param Name="Alignment">Center</Param>
            <Param Name="Width">60</Param>
          </Param>
        </Param>
      </Params>
    </Field>
  </FieldSection>
</Form>