﻿<?xml version="1.0" encoding="utf-8"?>
<Form Type="Entity" Caption="Bid" WindowCaption="Bid" ProgId="Enif.EDA.ETRM.OTE.Behaviors.EEDM.egeEEDM_Bid, EnifETRMCOMOTEGui" EntityType="Enif.EDA.ETRM.OTE.EEDM.Entities.EEDM_Bid,EnifETRMCOMOTE" IsReadOnly="true">
  <FieldSection Name="Default" Caption="Základní" Columns="1">
    <Field Name="IDOTE" Caption="ID OTE" FieldType="Text" SelectorType="Path" Selector="IDOTE" IsVisible="true" IsEnabled="true" IsRequired="false" Occupation="Line" />
    <Field Name="BidDate" Caption="Datum" FieldType="Date" SelectorType="Path" Selector="BidDate" IsVisible="true" IsEnabled="true" IsRequired="false" Occupation="Line" />
    <Field Name="Direction" Caption="Směr" FieldType="EnumField" SelectorType="Path" Selector="EEDM_BidDirection" IsVisible="true" IsRequired="false" IsEnabled="true" Occupation="Line">
      <Params>
        <Param Name="HQL">select T, T.Caption from EEDM_BidDirection T order by Caption</Param>
      </Params>
    </Field>
    <Field Name="State" Caption="Stav" FieldType="EnumField" SelectorType="Path" Selector="EEDM_BidState" IsVisible="true" IsRequired="false" IsEnabled="true" Occupation="Line" >
      <Params>
        <Param Name="HQL">select T, T.Caption from EEDM_BidState T order by Caption</Param>
      </Params>
    </Field>
  </FieldSection>
  <FieldSection Name="Segments" Caption="Segmenty">
    <Field Name="bagSegments" Caption="Segmenty" FieldType="Grid" SelectorType="Path" Selector="bagEEDM_Segment" IsVisible="True" IsEnabled="True" Occupation="Block" Height="4" MaxHeight="8" IsReactive="True" IsReadOnly="False">
      <DetailsButton IsVisible="True" Form="egeEEDM_Segment" UnionTransaction="True" />
      <SelectButton IsVisible="False" />
      <NewButton IsVisible="False" />
      <Params>
        <Param Name="Order">Seq</Param>
        <Param Name="DeleteMode">None</Param>
        <Param Name="TopPanelStyle" Value="FieldCaptionBold"/>
        <Param Name="Columns">
          <Param Name="Seq">
            <Param Name="Field">Seq</Param>
            <Param Name="Width">40</Param>
          </Param>
          <Param Name="Celková energie">
            <Param Name="Field">TotalVolume</Param>
            <Param Name="Width">160</Param>
          </Param>
          <Param Name="Průměrná cena">
            <Param Name="Field">AvgPrice</Param>
            <Param Name="Width">160</Param>
          </Param>          
        </Param>
      </Params>
    </Field>
  </FieldSection>
</Form>