﻿<?xml version="1.0" encoding="utf-8"?>
<Form Type="Entity" Caption="Pravidlo vytvoření verze Kurzové křivky" WindowCaption="Pravidlo vytvoření verze Kurzové křivky" ProgId="EGCore.EGBaseBehavior,EGCore" EntityType="Enif.EDA.ETRM.Entities.ExchangeRateSerieRule,EnifETRMCommon" Scale="1.1" CanDelete="None"
      IsReadOnly="{IsReadOnly}&#x9;Exp;bool IsReadOnly=!(RoleExp(&quot;ETRM_MDM_ExchangeRate_Settings&quot;))">
  <FieldSection Name="Detail" Caption="Detail" Columns="1">
    <Field Name="Id" Caption="Id" FieldType="Integer" SelectorType="Path" Selector="Id" IsReadOnly="true" IsRequired="false" Occupation="Line" />
    <Field Name="Active" Caption="Aktivní" FieldType="BoolField" SelectorType="Path" Selector="Active" IsRequired="true" Occupation="Line" Default="true" />
    <Field Name="Name" Caption="Název" FieldType="Text" SelectorType="Path" Selector="Name" IsRequired="true" Occupation="Line" />
    <Field Name="ActionDateExpression" Caption="Datum akce" FieldType="Text" SelectorType="Path" Selector="ActionDateExpression" IsRequired="true" Occupation="Line" />
    <Field Name="ValidFromExpression" Caption="K datu" FieldType="Text" SelectorType="Path" Selector="ValidFromExpression" IsRequired="true" Occupation="Line" />
    <Field Name="AutoOverride" Caption="Přepisovat automatické verze" FieldType="BoolField" SelectorType="Path" Selector="AutoOverride" IsRequired="true" Occupation="Line" Default="false" />
    <Field Name="ManualOverride" Caption="Přepisovat ruční verze" FieldType="BoolField" SelectorType="Path" Selector="ManualOverride" IsRequired="true" Occupation="Line" Default="false" />
  </FieldSection>
  <FieldSection Name="Description" Caption="Popis" Collapsed="true">
    <Field Name="Description" Caption="Popis" FieldType="Text" SelectorType="Path" Selector="Description" ToolTip="Popis produktu" Occupation="CaptionBlock"
            IsReadOnly="false" >
      <Params>
        <Param Name="Multiline">True</Param>
        <Param Name="TextWrapping">Wrap</Param>
      </Params>
    </Field>
  </FieldSection>
</Form>