﻿<?xml version="1.0" encoding="utf-8"?>
<Form Type="Entity" Caption="Segment" WindowCaption="Segment" ProgId="" EntityType="Enif.EDA.ETRM.OTE.EEDM.Entities.EEDM_Segment,EnifETRMCOMOTE" IsReadOnly="true">
  <FieldSection Name="Default" Caption="Základní" Columns="1">
    <Field Name="IdSegment" Caption="Číslo segmentu" FieldType="Number" SelectorType="Path" Selector="Seq" IsVisible="true" IsEnabled="true" IsReadOnly="true" IsRequired="false" Occupation="Line" />
    <Field Name="TotalVolume" Caption="Celková energie" FieldType="Number" SelectorType="Path" Selector="TotalVolume" IsVisible="true" IsEnabled="true" IsReadOnly="true" IsRequired="false" Occupation="Line" />
    <Field Name="AvgPrice" Caption="Průměrná cena" FieldType="Number" SelectorType="Path" Selector="AvgPrice" IsVisible="true" IsEnabled="true" IsReadOnly="true" IsRequired="false" Occupation="Line" />

    <Field Name="GridTS_PriceRepository" Caption="Diagram" FieldType="GridTS" SelectorType="Path" Selector="." IsVisible="true" IsReadOnly="false" Occupation="CaptionBlock" Height="30">
      <Params>
        <!--<Param Name="DataFrom">{dtResult}&#x9;Path;EEDM_Bid.BidDate as BidDate&#x9;Exp;DateTime dtResult=IIf(BidDate!=null,BidDate,Sysdate)</Param>
        <Param Name="DataToEx">{dtResult}&#x9;Path;EEDM_Bid.BidDate as BidDateEx&#x9;Exp;DateTime dtResult=IIf(BidDateEx!=null,BidDateEx,Sysdate)</Param>-->
        
        
        <!--<Param Name="DataFrom">{dtResult}&#x9;Path;ValidityDate as ValidityDate&#x9;Exp;DateTime dtResult=IIf(ValidityDate!=null,DateExp(ValidityDate,&quot;@y&quot;),DateExp(Sysdate,&quot;@y&quot;))</Param>
        <Param Name="DataToEx">{dtResult}&#x9;Path;ValidityDate as ValidityDate&#x9;Exp;DateTime dtResult=IIf(ValidityDate!=null,DateExp(ValidityDate,&quot;@y.+4y&quot;),DateExp(Sysdate,&quot;@y.+4y&quot;))</Param>-->

        <Param Name="ListGranularity">
          <Param Name="DefVal" Value="def"></Param>
          <Param Name="List">
            <Param Name="5" Value="def">
              <Param Name="Caption" Value="def"></Param>
              <Param Name="ShortCaption" Value="def"></Param>
              <ParamClass Name="ProgID" ClassProgId="Enif.CClassInfo">
                <ProgId>EnifGridEditor.CGranularityBySample,EnifGridEditor</ProgId>
              </ParamClass>
            </Param>
          </Param>
        </Param>
        
        <Param Name="Granularity">def</Param>
        
        
        
        <Param Name="DataFrom">{dtResult}&#x9;Path;EEDM_Bid.BidDate as BidDate&#x9;Exp;DateTime dtResult=IIf(BidDate!=null,DateExp(BidDate,&quot;@d&quot;),DateExp(Sysdate,&quot;@d&quot;))</Param>
        <Param Name="DataToEx">{dtResult}&#x9;Path;EEDM_Bid.BidDate as BidDate&#x9;Exp;DateTime dtResult=IIf(BidDate!=null,DateExp(BidDate,&quot;@d.+1d&quot;),DateExp(Sysdate,&quot;@d.+1d&quot;))</Param>
        <Param Name="DataList">
          <Param Name="BaseM">
            <Param Name="Caption" Value="Volume"/>
            <Param Name="SelectorType" Value="Const"/>
            <!--<Param Name="Selector" Value="Volume"/>-->
            <Param Name="Selector" Value="{Id}|{Template}|{Config}|2&#x9;Path;Id as Id&#x9;Const;ETRMGAS:ETRMActionsAndData as Config&#x9;Const;EEDM_Segment.Volume as Template"/>
          </Param>
          <Param Name="BaseQ">
            <Param Name="Caption" Value="Price"/>
            <Param Name="SelectorType" Value="Const"/>
            <!--<Param Name="Selector" Value="Price"/>-->
            <Param Name="Selector" Value="{Id}|{Template}|{Config}|2&#x9;Path;Id as Id&#x9;Const;ETRMGAS:ETRMActionsAndData as Config&#x9;Const;EEDM_Segment.Price as Template"/>
          </Param>
        </Param>
      </Params>
    </Field>
  </FieldSection>
</Form>