﻿<?xml version="1.0" encoding="utf-8"?>
<Form Type="Entity" Caption="Verze kurzové křivky" WindowCaption="Kurzová křivka" ProgId="Enif.EDA.ETRM.Gui.Behaviors.egeExchangeRateSerieV,EnifETRMGui" EntityType="Enif.EDA.ETRM.Entities.ExchangeRateSerieV,EnifETRMCommon" Scale="1.1" CanDelete="None"
      IsReadOnly="{IsReadOnly}&#x9;Exp;bool IsReadOnly=!(RoleExp(&quot;ETRM_MDM_ExchangeRate_Settings&quot;))">
  <Params>
    <Param Name="VariablesBinding">
      <Param Name="ExchangeRateSerieId" Value="{ExchangeRateSerieId}" />
    </Param>
  </Params>
  <FieldSection Name="Detail" Caption="Detail" Columns="1">
    <Field Name="Id" Caption="Id" FieldType="Integer" SelectorType="Path" Selector="Id" IsReadOnly="true" IsRequired="false" Occupation="Line" />
    <Field Name="Active" Caption="Aktivní" FieldType="BoolField" SelectorType="Path" Selector="Active" IsRequired="true" Occupation="Line" Default="true" /> 
    <Field Name="ExchangeRateSerie" Caption="Kurzová křivka" FieldType="EnumField" SelectorType="Path" Selector="ExchangeRateSerie" IsRequired="True" Occupation="Line"
						IsReadOnly="{IsReadOnly}&#x9;Path;Id as Id&#x9;Exp;bool IsReadOnly=(Id &gt; 0)"
            IsVisible="{IsVisible}&#x9;Exp;bool IsVisible=(ExchangeRateSerieId == &quot;NotSpecified&quot;)">
          <Params>
        <Param Name="HQL">select m, m.Caption from ExchangeRateSerie as m where m.Active=1 order by m.Caption</Param>
      </Params>
    </Field>
    <!-- Do HQL sa nedá pridať PropagatedParams, Default nezobrazuje hodnoty, ktore nie su v HQL, preto je 2x -->
    <Field Name="ExchangeRateSerieReadOnly" Caption="Kurzová křivka" FieldType="EnumField" SelectorType="Path" Selector="ExchangeRateSerie" IsRequired="True" Occupation="Line" IsReadOnly="True"
            IsVisible="{IsVisible}&#x9;Path;Id as Id&#x9;Exp;bool IsVisible=(ExchangeRateSerieId != &quot;NotSpecified&quot;)"
            Default="select m, m.Caption from ExchangeRateSerie as m where m.Id={ExchangeRateSerieId}">
      <Params>
        <Param Name="HQL">select m, m.Caption from ExchangeRateSerie as m</Param>
      </Params>
    </Field>
    <Field Name="Overridable" Caption="Přepisovat automaticky" FieldType="BoolField" SelectorType="Path" Selector="Overridable" IsRequired="true" Occupation="Line" Default="true" />
    <Field Name="ValidFrom" Caption="Datum od" FieldType="DateTime" SelectorType="Path" Selector="ValidFrom" Occupation="Line" IsRequired="True" IsReadOnly="False">
      <Params>
        <Param Name="Mode">DateTime</Param>
        <Param Name="CalendarButtons">
          <Param Name="Neomezené">[ -inf]</Param>
        </Param>
      </Params>
    </Field>
    <Field Name="BaseCurrency" Caption="Base měna" FieldType="Text" SelectorType="Path" Selector="ExchangeRateSerie.BaseCurrency.ShortCaption" IsRequired="false" Occupation="Line" IsReadOnly="True" />
    <Field Name="CounterCurrency" Caption="Counter měna" FieldType="Text" SelectorType="Path" Selector="ExchangeRateSerie.ExchangeRateProvider.CounterCurrency.ShortCaption" IsRequired="false" Occupation="Line" IsReadOnly="True" />
    <Field Name="ExchangeRateProvider" Caption="Poskytovatel kurzu" FieldType="Text" SelectorType="Path" Selector="ExchangeRateSerie.ExchangeRateProvider.Caption" IsRequired="false" Occupation="Line" IsReadOnly="True" />
  </FieldSection>
  <FieldSection Name="Description" Caption="Popis" Collapsed="true">
    <Field Name="Description" Caption="Popis" FieldType="Text" SelectorType="Path" Selector="Description" ToolTip="Popis produktu" Occupation="CaptionBlock"
            IsReadOnly="false" >
      <Params>
        <Param Name="Multiline">True</Param>
        <Param Name="TextWrapping">Wrap</Param>
      </Params>
    </Field>
  </FieldSection>
</Form>