﻿<?xml version="1.0" encoding="utf-8"?>
<Form Type="Entity" Caption="Poskytovatel kurzů" WindowCaption="Poskytovatel kurzů" ProgId="EGCore.EGBaseBehavior,EGCore" EntityType="Enif.EDA.ETRM.Entities.ExchangeRateProvider,EnifETRMCommon" Scale="1.1" CanDelete="None"
      IsReadOnly="{IsReadOnly}&#x9;Exp;bool IsReadOnly=!(RoleExp(&quot;ETRM_MDM_ExchangeRate_Settings&quot;))">
  <Params>
    <Param Name="PropagatedParams">
      <!-- kontext otvorenia egeExchangeRateSerie -->
      <!-- NotSpecified - možnosť vybrať zo všetkých dostupných ExchangeRateProvider, alebo Id predvybraného -->
      <Param Name="ExchangeRateProviderId" Value="" />
    </Param>
  </Params>
  <FieldSection Name="Detail" Caption="Detail" Columns="1">
    <!-- fake field pre PropagatedParams -->
    <Field Name="ExchangeRateProviderId" Caption="fake" FieldType="Integer" SelectorType="Path" Selector="Id" IsVisible="false" IsEnabled="True" IsReadOnly="True" Occupation="Line" />
    
    <Field Name="Id" Caption="Id" FieldType="Integer" SelectorType="Path" Selector="Id" IsReadOnly="true" IsRequired="false" Occupation="Line" />
    <Field Name="Active" Caption="Aktivní" FieldType="BoolField" SelectorType="Path" Selector="Active" IsRequired="true" Occupation="Line" Default="true" />
    <Field Name="Key" Caption="Klíč" FieldType="ShortText" SelectorType="Path" Selector="Key" IsRequired="true" Occupation="Line" />
    <Field Name="Caption" Caption="Název" FieldType="Text" SelectorType="Path" Selector="Caption" IsRequired="true" Occupation="Line" />
    <Field Name="CounterCurrency" Caption="Counter měna" FieldType="EnumField" SelectorType="Path" Selector="CounterCurrency" Occupation="Line" IsRequired="True"
           IsReadOnly="{IsReadOnly}&#x9;Path;Id as Id&#x9;Exp;bool IsReadOnly=(Id &gt; 0)">
      <Params>
        <Param Name="Format">{Caption}</Param>
        <Param Name="HQL">select c, c.Caption from CurrencyETrade c where c.Active=1</Param>
      </Params>
    </Field>
  </FieldSection>
  <FieldSection Name="Description" Caption="Popis" Collapsed="true">
    <Field Name="Description" Caption="Popis" FieldType="Text" SelectorType="Path" Selector="Description" ToolTip="Popis produktu" Occupation="CaptionBlock"
            IsReadOnly="false" >
      <Params>
        <Param Name="Multiline">True</Param>
        <Param Name="TextWrapping">Wrap</Param>
      </Params>
    </Field>
  </FieldSection>
  <FieldSection Name="bagExchangeRateSerie" Caption="Kurzové křivky">
    <Field Name="bagExchangeRateSerie" Caption="Kurzové křivky" FieldType="Grid" SelectorType="Path" Selector="bagExchangeRateSerie" Occupation="Block" Height="10" MaxHeight="99">
      <DetailsButton IsVisible="True" Form="egeExchangeRateSerie" UnionTransaction="True" Target="@Window" />
      <SelectButton IsVisible="True" Form="egeExchangeRateSerie" UnionTransaction="True" />
      <NewButton IsVisible="False" UnionTransaction="True" />
      <Params>
        <Param Name="DeleteMode">Multi</Param>
        <Param Name="DeleteButton">
          <Param Name="RightsAdapters">
            <Param Name="Enif.EDA.ETRM.Validators.ExchangeRateSerieDeleteValidator,EnifETRMCommon"/>
          </Param>
          <Param Name="EntityDelegates">
            <Param Name="Destroy_Gui"></Param>
          </Param>
        </Param>
        <Param Name="Order">Caption</Param>
        <Param Name="Columns">
          <Param Name="Název">
            <Param Name="Field">Caption</Param>
            <Param Name="DataType">String</Param>
            <Param Name="Alignment">Left</Param>
            <Param Name="Width">1*</Param>
            <Param Name="MinWidth">100</Param>
          </Param>
          <Param Name="Base měna">
            <Param Name="Field">BaseCurrency.ShortCaption</Param>
            <Param Name="DataType">String</Param>
            <Param Name="Alignment">Right</Param>
            <Param Name="Width">80</Param>
          </Param>
          <Param Name="Vzorek">
            <Param Name="Field">Sample.ShortCaption</Param>
            <Param Name="DataType">String</Param>
            <Param Name="Alignment">Right</Param>
            <Param Name="Width">80</Param>
          </Param>
          <Param Name="Čas. zóna">
            <Param Name="Field">TimeZone.ShortCaption</Param>
            <Param Name="DataType">String</Param>
            <Param Name="Alignment">Right</Param>
            <Param Name="Width">80</Param>
          </Param>
        </Param>
      </Params>
    </Field>
  </FieldSection>
</Form>