﻿<?xml version="1.0" encoding="utf-8"?>
<Form Type="Entity" Caption="Orientovaný bod" WindowCaption="Orientovaný bod" ProgId="EGCore.EGBaseBehavior,EGCore" EntityType="Enif.EDA.ETRM.Entities.GridPoint,EnifETRMCommon" IsReadOnly="False" Scale="1" ValidationLevel="0" CanDelete="None">
  <FieldSection Name="Detail" Caption="Detail" Columns="1">
    <Field Name="Active" Caption="Aktivní" FieldType="BoolField" SelectorType="Path" Selector="Active" IsRequired="true" Occupation="Line" Default="true" />
    <Field Name="Id" Caption="ID bodu" FieldType="Integer" SelectorType="Path" Selector="Id" IsVisible="true" IsEnabled="true" IsReadOnly="true" IsRequired="false" IsReactive="True" Occupation="Line" ValidationLevel="0" Column="0" Colspan="1" Rowspan="1" Ratio="22:26" IsBinded="true" />
    <Field Name="Caption" Caption="Název" FieldType="Text" SelectorType="Path" Selector="Caption" IsVisible="true" IsEnabled="true" IsReadOnly="false" IsRequired="True" IsReactive="True" Occupation="Line" ValidationLevel="0" Column="0" Colspan="1" Rowspan="1" Ratio="22:26" IsBinded="true" />
    <Field Name="IOType" Caption="Vstup/výstup" FieldType="EnumField" SelectorType="Path" Selector="IOType" IsVisible="true" IsEnabled="true" IsReadOnly="False" IsRequired="true" IsReactive="True" Occupation="Line" ValidationLevel="0" Column="0" Colspan="1" Rowspan="1" Ratio="22:26" IsBinded="true">
      <Params>
        <Param Name="HQL">Select T, T.Caption from GridPointIOType T</Param>
      </Params>
    </Field>
    <Field Name="Grid" Caption="Síť bodu" FieldType="Entity" SelectorType="Path" Selector="Grid" IsVisible="true" IsEnabled="true" IsReadOnly="false" IsRequired="True" IsReactive="True" Occupation="Line" ValidationLevel="0" Column="0" Colspan="1" Rowspan="1" Ratio="22:26" IsBinded="true">
      <DetailsButton IsVisible="True" Form="egeGridETrade" UnionTransaction="True" />
      <SelectButton IsVisible="True" Form="eggGridETrade" UnionTransaction="True" />
      <NewButton IsVisible="False" UnionTransaction="True" />
      <Params>
        <Param Name="HQL">SELECT G, Grid.Id as Caption from GridETrade G</Param>
        <Param Name="DeleteButton">False</Param>
        <Param Name="Format">{Caption}</Param>
        <Param Name="FK">GridFK</Param>
        <Param Name="Arguments">
          <Param Name="Path;Grid.Caption as Caption"></Param>
        </Param>
      </Params>
    </Field>
    <Field Name="GridPointType" Caption="Typ bodu" FieldType="EnumField" SelectorType="Path" Selector="GridPointType" IsVisible="true" IsEnabled="true" IsReadOnly="false" IsRequired="True" IsReactive="True" Occupation="Line" ValidationLevel="0" Column="0" Colspan="1" Rowspan="1" Ratio="22:26" IsBinded="true">
      <Params>
        <Param Name="HQL">SELECT T, T.Caption from GridPointType T</Param>
      </Params>
    </Field>
    <Field Name="GridPointGroup" Caption="Skupina bodů" FieldType="Entity" SelectorType="Path" Selector="GridPointGroup" IsVisible="true" IsEnabled="true" IsReadOnly="false" IsRequired="true" Occupation="Line">
      <DetailsButton IsVisible="True" Form="egeGridPointGroup" UnionTransaction="True" />
      <SelectButton IsVisible="True" Form="eggGridPointGroup" UnionTransaction="True" Mode="Single" />
      <Params>
        <Param Name="DeleteButton">False</Param>
        <Param Name="Format">{Caption}</Param>
        <Param Name="Arguments">
          <Param Name="Path;Caption as Caption"></Param>
        </Param>
      </Params>
    </Field>
    <Field Name="ExternalId" Caption="EIC kód" FieldType="Text" SelectorType="Path" Selector="ExternalId" IsVisible="true" IsEnabled="true" IsReadOnly="false" IsRequired="false" IsReactive="True" Occupation="Line" ValidationLevel="0" Column="0" Colspan="1" Rowspan="1" Ratio="22:26" IsBinded="true" />
  </FieldSection>
  <FieldSection Name="Description" Caption="Popis">
    <Field Name="Description" Caption="Popis" FieldType="Text" SelectorType="Path" Selector="Description" ToolTip="Popis bodu v síti" Occupation="CaptionBlock">
      <Params>
        <Param Name="Multiline">True</Param>
        <Param Name="TextWrapping">Wrap</Param>
      </Params>
    </Field>
  </FieldSection>
  <FieldSection Name="bagMarketGridPoint" Caption="Trhy bodu" Tooltip="Trhy, na kterých se na daném bodě uzavírají obchody" Collapsed="true">
    <Field Name="bagMarketGridPoint" Caption="Trhy bodu" FieldType="Grid" SelectorType="Path" Selector="bagMarketGridPoint" IsVisible="true" IsEnabled="true" IsReadOnly="false" IsRequired="false" IsReactive="True" Occupation="Block" ValidationLevel="0" Column="0" Colspan="1" Rowspan="1" Ratio="22:26" IsBinded="true">
      <DetailsButton IsVisible="True" Selector="Market" SelectorType="Path" Form="egeMarket" UnionTransaction="True" />
      <SelectButton IsVisible="True" Form="eggMarket" UnionTransaction="True" Mode="Multi" />
      <NewButton IsVisible="False" UnionTransaction="True" />
      <Params>
        <Param Name="Columns">
          <Param Name="Trh">
            <Param Name="Field">Market.Caption</Param>
            <Param Name="DataType">String</Param>
            <Param Name="Alignment">Left</Param>
          </Param>
          <Param Name="Komodita">
            <Param Name="Field">Market.Commodity.Caption</Param>
            <Param Name="DataType">String</Param>
            <Param Name="Alignment">Left</Param>
            <Param Name="Width">80</Param>
          </Param>
        </Param>
        <Param Name="BagItemProgId">Enif.EDA.ETRM.Entities.Market_GridPoint,EnifETRMCommon</Param>
        <Param Name="BagItemRefValue">Market</Param>
        <Param Name="DeleteMode">Multi</Param>
      </Params>
    </Field>
  </FieldSection>
  <FieldSection Name="EntryForGridLines" Caption="Přenosové profily - Entry" Tooltip="Přenosové profily, u kterých je bod na straně Entry" Collapsed="true">
    <Field Name="EntryForGridLines" Caption="Přenosové profily - Entry strana" FieldType="Grid" SelectorType="Path" Selector="EntryForGridLines" IsReadOnly="true" IsRequired="false" Occupation="Block">
      <DetailsButton IsVisible="True" Form="egeGridLine" UnionTransaction="True" />
      <SelectButton IsVisible="True" Form="eggGridLine" UnionTransaction="True" Mode="Multi" />
      <NewButton IsVisible="False" UnionTransaction="True" />
      <Params>
        <Param Name="DeleteButton">False</Param>
        <Param Name="Columns">
          <Param Name="Profil">
            <Param Name="Field">Caption</Param>
            <Param Name="DataType">String</Param>
            <Param Name="Alignment">Left</Param>
          </Param>
          <Param Name="Entry">
            <Param Name="Field">EntryGridPoint.Caption</Param>
            <Param Name="DataType">String</Param>
            <Param Name="Alignment">Left</Param>
          </Param>
          <Param Name="Exit">
            <Param Name="Field">ExitGridPoint.Caption</Param>
            <Param Name="DataType">String</Param>
            <Param Name="Alignment">Left</Param>
          </Param>
        </Param>
        <Param Name="DeleteMode">Multi</Param>
      </Params>
    </Field>
  </FieldSection>
  <FieldSection Name="ExitForGridLines" Caption="Přenosové profily - Exit" Tooltip="Přenosové profily, u kterých je bod na straně Exit" Collapsed="true">
    <Field Name="ExitForGridLines" Caption="Přenosové profily - Exit strana" FieldType="Grid" SelectorType="Path" Selector="ExitForGridLines" IsReadOnly="true" IsRequired="false" Occupation="Block">
      <DetailsButton IsVisible="True" Form="egeGridLine" UnionTransaction="True" />
      <SelectButton IsVisible="True" Form="eggGridLine" UnionTransaction="True" Mode="Multi" />
      <NewButton IsVisible="False" UnionTransaction="True" />
      <Params>
        <Param Name="DeleteButton">False</Param>
        <Param Name="Columns">
          <Param Name="Profil">
            <Param Name="Field">Caption</Param>
            <Param Name="DataType">String</Param>
            <Param Name="Alignment">Left</Param>
          </Param>
          <Param Name="Entry">
            <Param Name="Field">EntryGridPoint.Caption</Param>
            <Param Name="DataType">String</Param>
            <Param Name="Alignment">Left</Param>
          </Param>
          <Param Name="Exit">
            <Param Name="Field">ExitGridPoint.Caption</Param>
            <Param Name="DataType">String</Param>
            <Param Name="Alignment">Left</Param>
          </Param>
        </Param>
        <Param Name="BagItemRefValue"></Param>
        <Param Name="DeleteMode">Multi</Param>
      </Params>
    </Field>
  </FieldSection>
</Form>