﻿<?xml version="1.0" encoding="utf-8"?>
<Form Type="Entity" Caption="Skupina bodů" WindowCaption="Skupina bodů" ProgId="EGCore.EGBaseBehavior,EGCore" EntityType="Enif.EDA.ETRM.Entities.GridPointGroup,EnifETRMCommon" IsReadOnly="False" Scale="1.2" ValidationLevel="0" CanDelete="None">
  <FieldSection Name="Detail" Caption="Detail" Columns="1">
    <Columns />
    <Field Name="Active" Caption="Aktivní" FieldType="BoolField" SelectorType="Path" Selector="Active" IsRequired="true" Occupation="Line" Default="true" />
    <Field Name="Id" Caption="ID bodu" FieldType="Integer" SelectorType="Path" Selector="Id" IsVisible="true" IsEnabled="true" IsReadOnly="true" IsRequired="false" IsReactive="True" Occupation="Line" ValidationLevel="0" Column="0" Colspan="1" Rowspan="1" Ratio="22:26" IsBinded="true" />
    <Field Name="Caption" Caption="Název" FieldType="Text" SelectorType="Path" Selector="Caption" IsVisible="true" IsEnabled="true" IsReadOnly="false" IsRequired="True" IsReactive="True" Occupation="Line" ValidationLevel="0" Column="0" Colspan="1" Rowspan="1" Ratio="22:26" IsBinded="true" />
  </FieldSection>
  <FieldSection Name="Description" Caption="Popis">
    <Field Name="Description" Caption="Popis" FieldType="Text" SelectorType="Path" Selector="Description" ToolTip="Popis skupiny bodů v síti" Occupation="CaptionBlock">
      <Params>
        <Param Name="Multiline">True</Param>
        <Param Name="TextWrapping">Wrap</Param>
      </Params>
    </Field>
  </FieldSection>
  <FieldSection Name="bagGridPoint" Caption="Orientované půlbody skupiny" Collapsed="true">
    <Columns />
    <Field Name="bagGridPoint" Caption="Orientované půlbody skupiny" FieldType="Grid" SelectorType="Path" Selector="bagGridPoint" IsReadOnly="false" IsRequired="false" Occupation="Block">
      <DetailsButton IsVisible="True" Form="egeGridPoint" UnionTransaction="True" />
      <SelectButton IsVisible="True" Form="eggGridPoint" UnionTransaction="True" Mode="Multi" />
      <NewButton IsVisible="True" Form="egeGridPoint" UnionTransaction="True" />
      <Params>
        <Param Name="DeleteButton">False</Param>
        <Param Name="Columns">
          <Param Name="Orient. půlbod sítě">
            <Param Name="Field">Caption</Param>
            <Param Name="DataType">String</Param>
            <Param Name="Alignment">Left</Param>
          </Param>
          <Param Name="IO">
            <Param Name="Field">IOType.ShortCaption</Param>
            <Param Name="DataType">String</Param>
            <Param Name="Alignment">Left</Param>
            <Param Name="Width">60</Param>
          </Param>
          <Param Name="Síť">
            <Param Name="Field">Grid.Grid.Caption</Param>
            <Param Name="DataType">String</Param>
            <Param Name="Alignment">Left</Param>
            <Param Name="Width">80</Param>
          </Param>
          <Param Name="Typ">
            <Param Name="Field">GridPointType.Key</Param>
            <Param Name="DataType">String</Param>
            <Param Name="Alignment">Left</Param>
            <Param Name="Width">60</Param>
          </Param>
          <Param Name="Kom.">
            <Param Name="Field">Grid.Grid.TCommodity.Caption</Param>
            <Param Name="DataType">String</Param>
            <Param Name="Alignment">Left</Param>
            <Param Name="Width">80</Param>
          </Param>
        </Param>
        <Param Name="DeleteMode">Multi</Param>
      </Params>
    </Field>
  </FieldSection>
</Form>