﻿<?xml version="1.0" encoding="utf-8"?>
<Form Type="Entity" Caption="Síť - mapování" WindowCaption="Síť - mapování" ProgId="EGCore.EGBaseBehavior,EGCore" EntityType="Enif.EDA.ETRM.Entities.GridETrade,EnifETRMCommon" IsReadOnly="False" Scale="1" ValidationLevel="0" CanDelete="None">
    <FieldSection Name="GridETrade" Caption="Detail" Columns="1">
        <Columns />
        <Field Name="Active" Caption="Aktivní" FieldType="BoolField" SelectorType="Path" Selector="Grid.Active" IsRequired="True" Occupation="Line" />
        <Field Name="Key" Caption="Klíč" FieldType="Text" SelectorType="Path" Selector="Grid.Key" IsRequired="True" Occupation="Line" />
        <Field Name="Grid" Caption="Síť" FieldType="Entity" SelectorType="Path" Selector="Grid" IsVisible="True" IsEnabled="True" IsReadOnly="false" IsRequired="False" Occupation="Line">
            <SelectButton IsVisible="True" Form="eggGridNonSelected" UnionTransaction="True" Mode="Single" />
            <Params>
                <Param Name="Format">{Caption}</Param>
                <Param Name="Arguments">
                    <Param Name="Path;Caption as Caption" />
                </Param>
                <Param Name="DeleteButton">False</Param>
            </Params>
        </Field>
        <Field Name="BalanceZone" Caption="Bilanční zóna" FieldType="Entity" SelectorType="Path" Selector="BalanceZone" IsRequired="True" Occupation="Line">
            <DetailsButton IsVisible="False" Form="egeBalanceZone" UnionTransaction="True" Target="@Window" />
            <SelectButton IsVisible="True" Form="eggBalanceZone" UnionTransaction="True" Target="@Window" Mode="Single" />
            <Params>
                <Param Name="Format">{Name}</Param>
                <Param Name="Arguments">
                    <Param Name="Path;Caption as Name" />
                </Param>
                <Param Name="FK">BalanceZoneFK</Param>
            </Params>
        </Field>
    </FieldSection>
    <FieldSection Name="MarketUnits" Caption="Obchodní jednotky">
        <Columns />
        <Field Name="bagMUGrid" Caption="Obchodní jednotky působící v síti" FieldType="Grid" SelectorType="Path" Selector="bagMUGrid" IsReadOnly="false" Occupation="Block">
            <DetailsButton IsVisible="True" Selector="MarketUnit" SelectorType="Path" Form="egeMarketUnit" UnionTransaction="True" Target="@Window" />
            <SelectButton IsVisible="True" Form="eggMarketUnit" UnionTransaction="True" Mode="Multi" />
            <NewButton IsVisible="False" UnionTransaction="True" />
            <Params>
                <Param Name="Columns">
                    <Param Name="Obchodní jednotka">
                        <Param Name="Field">MarketUnit.Subject.Company.Name</Param>
                        <Param Name="DataType">String</Param>
                        <Param Name="Alignment">Left</Param>
                    </Param>
                </Param>
                <Param Name="BagItemProgId">Enif.EDA.ETRM.Entities.MU_Grid,EnifETRMCommon</Param>
                <Param Name="BagItemRefValue">MarketUnit</Param>
                <Param Name="DeleteMode">Multi</Param>
            </Params>
        </Field>
    </FieldSection>
    <FieldSection Caption="Body sítě" Collapsed="true">
        <Columns />
        <Field Name="GridPoints" Caption="Body sítě" FieldType="Grid" SelectorType="Path" Selector="bagGridPoint" IsVisible="True" IsEnabled="True" IsReadOnly="false" IsRequired="False" Occupation="Block">
            <DetailsButton IsVisible="True" Form="egeGridPoint" UnionTransaction="True" />
            <SelectButton IsVisible="True" Form="eggGridPoint" UnionTransaction="True" Mode="Multi" />
            <NewButton IsVisible="True" Form="egeGridPoint" UnionTransaction="True" />
            <Params>
                <Param Name="ShowFilterRow">True</Param>
                <Param Name="Columns">
                    <Param Name="Název">
                        <Param Name="Field">Caption</Param>
                    </Param>
                    <Param Name="Typ uzlu">
                        <Param Name="Field">GridPointType.Caption</Param>
                    </Param>
                </Param>
                <Param Name="DeleteMode">Multi</Param>
                <Param Name="SelectionMode ">Multi</Param>
            </Params>
        </Field>
    </FieldSection>
</Form>