﻿<?xml version="1.0" encoding="utf-8"?>
<Form Type="Entity" Caption="Přenosový profil" WindowCaption="Přenosový profil" ProgId="EGCore.EGBaseBehavior,EGCore" EntityType="Enif.EDA.ETRM.Entities.GridLine,EnifETRMCommon" Scale="1" ValidationLevel="0">
  <FieldSection Name="Detail" Caption="Detail" Visibility="true">
    <Field Name="Active" Caption="Aktivní" FieldType="BoolField" SelectorType="Path" Selector="Active" IsRequired="true" Occupation="Line" Default="true" />
    <Field Name="Id" Caption="Id" FieldType="Integer" SelectorType="Path" Selector="Id" IsReadOnly="true" Occupation="Line" />
    <Field Name="Caption" Caption="Název" FieldType="ShortText" SelectorType="Path" Selector="Caption" IsVisible="True" IsEnabled="True" IsReadOnly="False" IsRequired="True" Occupation="Line" />
    <Field Name="EntryGridPoint" Caption="Entry - vstupní bod" FieldType="Entity" SelectorType="Path" Selector="EntryGridPoint" IsVisible="True" IsEnabled="True" IsReadOnly="False" IsRequired="True" Occupation="Line">
      <DetailsButton IsVisible="False" Form="egeGridPoint" UnionTransaction="True" />
      <SelectButton IsVisible="True" Form="eggGridPoint" UnionTransaction="True" Mode="Single" />
      <Params>
        <Param Name="DeleteButton">False</Param>
        <Param Name="Format">{Caption}</Param>
        <Param Name="Arguments">
          <Param Name="Path;Caption as Caption"></Param>
        </Param>
      </Params>
    </Field>
    <Field Name="ExitGridPoint" Caption="Exit - výstupní bod" FieldType="Entity" SelectorType="Path" Selector="ExitGridPoint" IsVisible="True" IsEnabled="True" IsReadOnly="False" IsRequired="True" Occupation="Line">
      <DetailsButton IsVisible="False" Form="egeGridPoint" UnionTransaction="True" />
      <SelectButton IsVisible="True" Form="eggGridPoint" UnionTransaction="True" Mode="Single" />
      <Params>
        <Param Name="DeleteButton">False</Param>
        <Param Name="Format">{Caption}</Param>
        <Param Name="Arguments">
          <Param Name="Path;Caption as Caption"></Param>
        </Param>
      </Params>
    </Field>
    <Field Name="ExternalId" Caption="EIC kód" FieldType="ShortText" SelectorType="Path" Selector="ExternalId" IsVisible="True" IsEnabled="True" IsReadOnly="False" IsRequired="False" Occupation="Line" />
  </FieldSection>
  <FieldSection Name="Description" Caption="Popis" Visibility="True">
    <Field Name="Description" Caption="Popis" FieldType="Text" SelectorType="Path" Selector="Description" ToolTip="Popis" Occupation="CaptionBlock">
      <Params>
        <Param Name="Multiline">True</Param>
        <Param Name="TextWrapping">Wrap</Param>
      </Params>
    </Field>
  </FieldSection>
  <FieldSection Name="bagMarketGridLine" Caption="Trhy" Tooltip="Trhy, na kterých se na daném profilu uzavírají obchody" Collapsed="true">
    <Field Name="bagMarketGridLine" Caption="Trhy bodu" FieldType="Grid" SelectorType="Path" Selector="bagMarketGridLine" IsVisible="true" IsEnabled="true" IsReadOnly="false" IsRequired="false" IsReactive="True" Occupation="Block" ValidationLevel="0" Column="0" Colspan="1" Rowspan="1" Ratio="22:26" IsBinded="true">
      <DetailsButton IsVisible="True" Selector="Market" SelectorType="Path" Form="egeMarket" UnionTransaction="True" />
      <SelectButton IsVisible="True" Form="eggMarket" UnionTransaction="True" Mode="Multi" />
      <NewButton IsVisible="False" UnionTransaction="True" />
      <Params>
        <Param Name="Columns">
          <Param Name="Trh">
            <Param Name="Field">Market.Caption</Param>
            <Param Name="DataType">String</Param>
            <Param Name="Alignment">Left</Param>
          </Param>
          <Param Name="Komodita">
            <Param Name="Field">Market.Commodity.Caption</Param>
            <Param Name="DataType">String</Param>
            <Param Name="Alignment">Left</Param>
            <Param Name="Width">80</Param>
          </Param>
        </Param>
        <Param Name="BagItemProgId">Enif.EDA.ETRM.Entities.Market_GridLine,EnifETRMCommon</Param>
        <Param Name="BagItemRefValue">Market</Param>
        <Param Name="DeleteMode">Multi</Param>
      </Params>
    </Field>
  </FieldSection>
  <FieldSection Name="bagMU_GridLine" Caption="Obchodní jednotky profilu" Tooltip="Obchodní jednotky profilu" Collapsed="true">
    <Field Name="bagMU_GridLine" Caption="Obchodní jednotky profilu" FieldType="Grid" SelectorType="Path" Selector="bagMU_GridLine" IsVisible="true" IsEnabled="true" IsReadOnly="false" IsRequired="false" IsReactive="True" Occupation="Block" ValidationLevel="0" Column="0" Colspan="1" Rowspan="1" Ratio="22:26" IsBinded="true">
      <DetailsButton IsVisible="True" Selector="MarketUnit" SelectorType="Path" Form="egeMarketUnit" UnionTransaction="True" />
      <SelectButton IsVisible="True" Form="eggMarketUnit" UnionTransaction="True" Mode="Multi" />
      <NewButton IsVisible="False" UnionTransaction="True" />
      <Params>
        <Param Name="Columns">
          <Param Name="Název">
            <Param Name="Field">MarketUnit.Subject.Company.Name</Param>
            <Param Name="DataType">String</Param>
            <Param Name="Alignment">Left</Param>
          </Param>
        </Param>
        <Param Name="BagItemProgId">Enif.EDA.ETRM.Entities.MU_GridLine,EnifETRMCommon</Param>
        <Param Name="BagItemRefValue">MarketUnit</Param>
        <Param Name="DeleteMode">Multi</Param>
      </Params>
    </Field>
  </FieldSection>
</Form>