﻿<?xml version="1.0" encoding="utf-8"?>
<Form Type="Entity" Caption="Síť" WindowCaption="Síť" ProgId="EGCore.EGBaseBehavior,EGCore" EntityType="Enif.EDA.EDA.Entities.Grid,EnifGECommon" IsReadOnly="False" Scale="1" ValidationLevel="0" CanDelete="None">
  <FieldSection Name="Default" Caption="Detail">
    <Field Name="Active" Caption="Aktivní" FieldType="BoolField" SelectorType="Path" Selector="Active" IsRequired="true" Occupation="Line" />
    <Field Name="Key" Caption="Klíč" FieldType="Text" SelectorType="Path" Selector="Key" IsRequired="True" Occupation="Line" />
    <Field Name="Caption" Caption="Název" FieldType="Text" SelectorType="Path" Selector="Caption" IsRequired="True" Occupation="Line" />
    <Field Name="TCommodity" Caption="Komodita" FieldType="EnumField" SelectorType="Path" Selector="TCommodity" IsVisible="True" IsEnabled="True" IsReadOnly="False" IsRequired="True" Occupation="Line" ValidationLevel="0">
      <Params>
        <Param Name="HQL">SELECT T, T.Caption FROM TCommodity T</Param>
      </Params>
    </Field>
    <Field Name="TSample" Caption="Vzorek" FieldType="EnumField" SelectorType="Path" Selector="TSample" IsRequired="True" Occupation="Line">
      <Params>
        <Param Name="HQL">SELECT T, T.Caption FROM TSample T</Param>
      </Params>
    </Field>
    <Field Name="TUnit" Caption="Jednotka" FieldType="EnumField" SelectorType="Path" Selector="TUnit" IsRequired="true" Occupation="Line">
      <Params>
        <Param Name="HQL">SELECT T, T.Caption FROM TUnit T</Param>
      </Params>
    </Field>
    <Field Name="TTimezone" Caption="Čas. zóna" FieldType="EnumField" SelectorType="Path" Selector="TTimeZone" IsRequired="false" Occupation="Line">
      <Params>
        <Param Name="HQL">SELECT T, T.Caption FROM TTimeZone T</Param>
      </Params>
    </Field>
    <Field Name="ExternalId" Caption="Externí ID" FieldType="Text" SelectorType="Path" Selector="ExternalId" Occupation="Line" />
  </FieldSection>
  <FieldSection Name="Description" Caption="Popis">
    <Field Name="Description" Caption="Popis" FieldType="Text" SelectorType="Path" Selector="Description" ToolTip="Popis sítě" Occupation="CaptionBlock">
      <Params>
        <Param Name="Multiline">True</Param>
        <Param Name="TextWrapping">Wrap</Param>
      </Params>
    </Field>
  </FieldSection>
</Form>