﻿<?xml version="1.0" encoding="utf-8"?>
<Form Type="Entity" Caption="Cenová/Objemová/Platební/Forwardová křivka" WindowCaption="Cenová/Objemová/Platební/Forwardová křivka" ProgId="EGCore.EGBaseBehavior,EGCore" EntityType="Enif.EDA.ETRM.Entities.IndexCurve,EnifETRMCommon" Scale="1.1" CanDelete="None"
      IsReadOnly="{IsReadOnly}&#x9;Exp;bool IsReadOnly=!(RoleExp(&quot;ETRM_MDM_Curve_Settings&quot;))">
  <FieldSection Name="Detail" Caption="Detail" Columns="1">
    <Columns />
    <Field Name="Active" Caption="Aktivní" FieldType="BoolField" SelectorType="Path" Selector="Active" Occupation="Line" />
    <Field Name="Id" Caption="Id" FieldType="Integer" SelectorType="Path" Selector="Id" IsReadOnly="true" IsRequired="false" Occupation="Line" />
    <Field Name="Caption" Caption="Název křivky" FieldType="Text" SelectorType="Path" Selector="Caption" IsReadOnly="false" IsRequired="true" Occupation="Line" />
    <Field Name="IndexCurveType" Caption="Typ křivky" FieldType="EnumField" SelectorType="Path" Selector="IndexCurveType" IsRequired="true" Occupation="Line">
      <Params>
        <Param Name="Format">{Caption}</Param>
        <Param Name="HQL">Select c, Caption from IndexCurveType c</Param>
      </Params>
    </Field>
    <Field Name="Commodity" Caption="Komodita" FieldType="EnumField" SelectorType="Path" Selector="Commodity" Occupation="Line" IsRequired="True">
      <Params>
        <Param Name="Format">{ShortCaption}</Param>
        <!-- objem:     select c, ShortCaption from CommodityETrade c where c.Active=1 and c.BaseCommodity is not null -->
        <!-- forward:   select c, ShortCaption from CommodityETrade c where c.Active=1 and c.BaseCommodity is null -->
        <Param Name="HQL">select c, ShortCaption from CommodityETrade c where c.Active=1</Param>
      </Params>
    </Field>
    <Field Name="Currency" Caption="Měna" FieldType="EnumField" SelectorType="Path" Selector="Currency" Occupation="Line"
            IsVisible="true"
            IsRequired="true">
      <Params>
        <Param Name="Format">{ShortCaption}</Param>
        <Param Name="HQL">select c, Currency.ShortCaption from CurrencyETrade c where c.Active=1</Param>
      </Params>
    </Field>
    <Field Name="Sample" Caption="Vzorek" FieldType="EnumField" SelectorType="Path" Selector="Sample" IsRequired="true" Occupation="Line">
      <Params>
        <Param Name="Format">{ShortCaption}</Param>
        <Param Name="HQL">select c, ShortCaption from TSample c where c.Active=1</Param>
      </Params>
    </Field>
  </FieldSection>
  <FieldSection Name="Description" Caption="Popis" Collapsed="true">
    <Field Name="Description" Caption="Popis" FieldType="Text" SelectorType="Path" Selector="Description" ToolTip="Popis" Occupation="CaptionBlock">
      <Params>
        <Param Name="Multiline">True</Param>
        <Param Name="TextWrapping">Wrap</Param>
      </Params>
    </Field>
  </FieldSection>
  <FieldSection Name="bagIndexCurveDealState" Caption="Stavy obchodů pro aktualizaci z křivky">
    <Columns />
    <Field Name="bagIndexCurveDealState" Caption="Stavy obchodu" FieldType="Grid" SelectorType="Path" Selector="bagIndexCurveDealState" Occupation="Block">
      <SelectButton IsVisible="True" Form="eggDealState" UnionTransaction="True" Mode="Multi" />
      <Params>
        <Param Name="DeleteMode">Multi</Param>
        <Param Name="DeleteOnRemove">True</Param>
        <Param Name="BagItemProgId">Enif.EDA.ETRM.Entities.IndexCurveDealState,EnifETRMCommon</Param>
        <Param Name="BagItemRefValue">DealState</Param>
        <Param Name="RefValue">DealState</Param>
        <Param Name="RefId">DealStateFK</Param>
        <Param Name="FKValue">IndexCurve</Param>
        <Param Name="FKId">IndexCurveFK</Param>
        <Param Name="Order">DealState.Caption</Param>
        <Param Name="Columns">
        	<Param Name="Id přiřazení">
            <Param Name="Field">Id</Param>
            <Param Name="DataType">Int64</Param>
            <Param Name="Alignment">Right</Param>
            <Param Name="Width">80</Param>
          </Param>	
          <Param Name="Stav obchodu">
            <Param Name="Field">DealState.Caption</Param>
            <Param Name="DataType">String</Param>
            <Param Name="Alignment">Left</Param>
          </Param>
        </Param>
      </Params>
    </Field>
  </FieldSection>
  
</Form>