﻿<?xml version="1.0" encoding="utf-8"?>
<Form Type="Entity" Caption="Obchodní jednotka" WindowCaption="Obchodní jednotka" ProgId="Enif.EDA.ETRM.Gui.Behaviors.egeMarketUnit,EnifETRMGui" EntityType="Enif.EDA.ETRM.Entities.MarketUnit,EnifETRMCommon" IsReadOnly="{IsReadOnly}&#x9;Exp;bool IsReadOnly=!RoleExp(&quot;Admin or ETRM_MDM_MU_Settings&quot;)" Scale="1" ValidationLevel="0" CanDelete="None">
  <Params>
    <Param Name="PropagatedParams">
      <Param Name="OwnerForm" Value="egeMarketUnit" />
      <Param Name="ExchangeRateProviderId" Value="NotSpecifed" />
      <Param Name="MarketUnitId" Value="" />
    </Param>
  </Params>
  <FieldSection Name="Detail" Caption="Detail" Columns="1">
    <Columns />
    <!-- fake field pre PropagatedParams -->
    <Field Name="MarketUnitId" Caption="MarketUnitId" FieldType="Integer" SelectorType="Path" Selector="Id" IsVisible="false" IsEnabled="True" IsReadOnly="True" Occupation="Line" />
    <Field Name="Id" Caption="ID" Selector="Id" SelectorType="Path" FieldType="Text" IsReadOnly="True"/>
    <Field Name="Active" Caption="Aktivní" FieldType="BoolField" SelectorType="Path" Selector="Active" IsRequired="true" Occupation="Line" Default="true" IsReadOnly="{IsReadOnly}&#x9;Exp;bool IsReadOnly=!(RoleExp(&quot;Admin or ETRM_MDM_MU_Settings&quot;))" />
    <Field Name="Subject" Caption="Subjekt" FieldType="Entity" SelectorType="Path" Selector="Subject" IsRequired="true" Occupation="Line" IsReadOnly="true">
      <DetailsButton IsVisible="True" Form="GE.egeSubject" UnionTransaction="True" Target="@Window" />
      <SelectButton IsVisible="False" Form="GE.eggSubjectList" UnionTransaction="True" Target="@Window" Mode="Single" />
      <NewButton IsVisible="False" UnionTransaction="True" />
      <Params>
        <Param Name="Format">{Name}</Param>
        <Param Name="Arguments">
          <Param Name="Path;Company.Name as Name" />
        </Param>
        <Param Name="DeleteButton">False</Param>
      </Params>
    </Field>
    <Field Name="MainCurrency" Caption="Měna agregací" FieldType="EnumField" SelectorType="Path" Selector="MainCurrency" IsRequired="True" Occupation="Line" IsReadOnly="true">
      <Params>
        <Param Name="HQL">SELECT C, Currency.A3 from CurrencyETrade C</Param>
        <Param Name="HQLtxt">select A3 from CurrencyETrade.Currency where Id={0}</Param>
      </Params>
    </Field>
    <Field Name="AccCurrency" Caption="Měna účetní" FieldType="EnumField" SelectorType="Path" Selector="AccCurrency" IsRequired="True" Occupation="Line" IsReadOnly="true">
      <Params>
        <Param Name="HQL">SELECT C, Currency.A3 from CurrencyETrade C</Param>
        <Param Name="HQLtxt">select A3 from CurrencyETrade.Currency where Id={0}</Param>
      </Params>
    </Field>
  </FieldSection>
  <FieldSection Name="Description" Caption="Popis" Collapsed="true">
    <Field Name="Description" Caption="Popis" FieldType="Text" SelectorType="Path" Selector="Subject.Note" Occupation="CaptionBlock"
            IsReadOnly="{IsReadOnly}&#x9;Exp;bool IsReadOnly=!(RoleExp(&quot;Admin or ETRM_MDM_MU_Settings&quot;))" >
      <Params>
        <Param Name="Multiline">True</Param>
        <Param Name="TextWrapping">Wrap</Param>
      </Params>
    </Field>
  </FieldSection>
  <FieldSection Name="bagMUCommodity" Caption="Komodity a subkomodity" Collapsed="true">
    <Columns />
    <Field Name="bagMUCommodity" Caption="Commodity" FieldType="Grid" SelectorType="Path" Selector="bagMUCommodity" Occupation="Block" Height="10" MaxHeight="99" IsReadOnly="False">
      <DetailsButton IsVisible="True" Form="egeMUCommodity" UnionTransaction="True" />
      <SelectButton IsVisible="False" Form="eggMUCommodity" UnionTransaction="True" Mode="Multi" />
      <NewButton IsVisible="False" UnionTransaction="True"/>
      <Params>
        <Param Name="BagItemProgId">Enif.EDA.ETRM.Entities.MU_Commodity,EnifETRMCommon</Param>
        <Param Name="DeleteMode">None</Param>
        <Param Name="SelectionMode">Multi</Param>
        <Param Name="BagItemRefValue">Commodity</Param>
        <Param Name="Order">Commodity.Caption</Param>
        <Param Name="Buttons">
          <Param Id="btnActivate" Uid="btnActivate" Name="btnActivate" Value="Aktivovat">
            <Param Name="Tooltip" Value="Aktivuje komoditu nebo subkomoditu"/>
            <Param Name="IsVisible" Value="{IsVisible}&#x9;Exp;bool IsVisible=RoleExp(&quot;Admin or ETRM_MDM_MU_Settings&quot;)"/>
          </Param>
          <Param Name="btnDeactivate" Value="Deaktivovat">
            <Param Name="Tooltip" Value="Deaktivuje komoditu nebo subkomoditu"/>
            <Param Name="IsVisible" Value="{IsVisible}&#x9;Exp;bool IsVisible=RoleExp(&quot;Admin or ETRM_MDM_MU_Settings&quot;)"/>
          </Param>
        </Param>
        <Param Name="Columns">
          <Param Name="Akt.">
            <Param Name="Field">Active</Param>
            <Param Name="DataType">Boolean</Param>
            <Param Name="Alignment">Center</Param>
            <Param Name="Width">40</Param>
          </Param>
          <Param Name="Název">
            <Param Name="Field">Commodity.Caption</Param>
            <Param Name="DataType">String</Param>
            <Param Name="Alignment">Left</Param>
            <Param Name="Width">200</Param>
            <Param Name="AllowSort">True</Param>
          </Param>
          <Param Name="Hl.kom">
            <Param Name="Field">Commodity.BaseCommodity.ShortCaption</Param>
            <Param Name="DataType">String</Param>
            <Param Name="Alignment">Left</Param>
            <Param Name="Width">60</Param>
            <Param Name="AllowSort">True</Param>
          </Param>
          <Param Name="GUI nákup">
            <Param Name="Field">SignGUIBuy</Param>
            <Param Name="DataType">decimal</Param>
            <Param Name="Alignment">Left</Param>
            <Param Name="Width">60</Param>
          </Param>
          <Param Name="GUI prodej">
            <Param Name="Field">SignGUISell</Param>
            <Param Name="DataType">decimal</Param>
            <Param Name="Alignment">Left</Param>
            <Param Name="Width">60</Param>
          </Param>
          <Param Name="Agr.nákup">
            <Param Name="Field">SignAggBuy</Param>
            <Param Name="DataType">decimal</Param>
            <Param Name="Alignment">Left</Param>
            <Param Name="Width">60</Param>
          </Param>
          <Param Name="Agr.prodej">
            <Param Name="Field">SignAggSell</Param>
            <Param Name="DataType">decimal</Param>
            <Param Name="Alignment">Left</Param>
            <Param Name="Width">60</Param>
          </Param>
          <Param Name="Agr.saldo">
            <Param Name="Field">SignAggSaldo</Param>
            <Param Name="DataType">decimal</Param>
            <Param Name="Alignment">Left</Param>
            <Param Name="Width">60</Param>
          </Param>
        </Param>
      </Params>
    </Field>
  </FieldSection>
  <!--Kolekce bagMU_AggExchangeRates je def. v MarketUnit, protoze lamda where nefungovalo v selectoru-->
  <FieldSection Name="bagMU_AggExchangeRates" Caption="Výchozí kurzy pro agr. měnu" Collapsed="true">
    <Columns />
    <Field Name="bagMU_AggExchangeRates" Caption="bagMU_AggExchangeRates" FieldType="Grid" SelectorType="Path" Selector="bagMU_AggExchangeRates" Occupation="Block" Height="10" MaxHeight="99" IsReadOnly="{IsReadOnly}&#x9;Exp;bool IsReadOnly=!RoleExp(&quot;ETRM_MDM_MU_Settings&quot;)">
      <DetailsButton IsVisible="True" Form="egeExchangeRateSerie" UnionTransaction="True" SelectorType="Path" Selector="ExchangeRateSerie" Target="@Window" />
      <SelectButton IsVisible="True" Form="eggExchangeRateSerieCounterCurr" UnionTransaction="True" Mode="Multi" />
      <NewButton IsVisible="False" UnionTransaction="True" />
      <Params>
        <Param Name="BagItemProgId">Enif.EDA.ETRM.Entities.MU_ExchangeRates,EnifETRMCommon</Param>
        <Param Name="BagItemRefValue">ExchangeRateSerie</Param>
        <Param Name="RefValue">ExchangeRateSerie</Param>
        <Param Name="RefId">ExchangeRateSerieFK</Param>
        <Param Name="FKValue">MarketUnitt</Param>
        <Param Name="FKId">MarketUnitFK</Param>
        <Param Name="DeleteMode">Multi</Param>
        <Param Name="DeleteOnRemove">True</Param>
        <Param Name="Order">ExchangeRateSerie.Caption</Param>
        <Param Name="Columns">
          <Param Name="Kurzová křivka">
            <Param Name="Field">ExchangeRateSerie.Caption</Param>
            <Param Name="DataType">string</Param>
            <Param Name="Alignment">Left</Param>
            <Param Name="Width">100*</Param>
          </Param>
          <Param Name="Měna">
            <Param Name="Field">ExchangeRateSerie.BaseCurrency.ShortCaption</Param>
            <Param Name="DataType">string</Param>
            <Param Name="Alignment">Left</Param>
            <Param Name="Width">50</Param>
          </Param>
        </Param>
        <Param Name="PropagatedParams">
          <Param Name="MarketUnitCurrField" Value="MainCurrencyFK"/>
          <Param Name="MarketUnitId" Value="{MarketUnitId}"/>
        </Param>
      </Params>
    </Field>
  </FieldSection>
  <!--Kolekce bagMU_AccExchangeRates je def. v MarketUnit, protoze lamda where nefungovalo v selectoru-->
  <FieldSection Name="bagMU_AccExchangeRates" Caption="Výchozí kurzy pro účetní. měnu" Collapsed="true">
    <Columns />
    <Field Name="bagMU_AccExchangeRates" Caption="bagMU_AccExchangeRates" FieldType="Grid" SelectorType="Path" Selector="bagMU_AccExchangeRates" Occupation="Block" Height="10" MaxHeight="99" IsReadOnly="{IsReadOnly}&#x9;Exp;bool IsReadOnly=!RoleExp(&quot;ETRM_MDM_MU_Settings&quot;)">
      <DetailsButton IsVisible="True" Form="egeExchangeRateSerie" UnionTransaction="True" SelectorType="Path" Selector="ExchangeRateSerie" Target="@Window" />
      <SelectButton IsVisible="True" Form="eggExchangeRateSerieCounterCurr" UnionTransaction="True" Mode="Multi" />
      <NewButton IsVisible="False" UnionTransaction="True" />
      <Params>
        <Param Name="BagItemProgId">Enif.EDA.ETRM.Entities.MU_ExchangeRates,EnifETRMCommon</Param>
        <Param Name="BagItemRefValue">ExchangeRateSerie</Param>
        <Param Name="RefValue">ExchangeRateSerie</Param>
        <Param Name="RefId">ExchangeRateSerieFK</Param>
        <Param Name="FKValue">MarketUnitt</Param>
        <Param Name="FKId">MarketUnitFK</Param>
        <Param Name="SelectMode">Multi</Param>
        <Param Name="DeleteMode">Multi</Param>
        <Param Name="DeleteOnRemove">True</Param>
        <Param Name="Order">ExchangeRateSerie.Caption</Param>
        <Param Name="Columns">
          <Param Name="Kurzová křivka">
            <Param Name="Field">ExchangeRateSerie.Caption</Param>
            <Param Name="DataType">string</Param>
            <Param Name="Alignment">Left</Param>
            <Param Name="Width">100*</Param>
          </Param>
          <Param Name="Měna">
            <Param Name="Field">ExchangeRateSerie.BaseCurrency.ShortCaption</Param>
            <Param Name="DataType">string</Param>
            <Param Name="Alignment">Left</Param>
            <Param Name="Width">50</Param>
          </Param>
        </Param>
        <Param Name="PropagatedParams">
          <Param Name="MarketUnitCurrField" Value="AccCurrencyFK"/>
          <Param Name="MarketUnitId" Value="{MarketUnitId}"/>
        </Param>
      </Params>
    </Field>
  </FieldSection>
  <FieldSection Name="bagAgreementBTSCap" Caption="Kapacitní smlouvy BTS" Collapsed="true" Visibility="{Visibility}&#x9;Exp;bool Visibility=RoleExp(&quot;ETRM_MDM_BTS_Contract_Viewer or ETRM_MDM_BTS_Contract_Settings&quot;)">
    <Columns />
    <Field Name="bagAgreementBTSCap" Caption="Kapacitní smlouvy BTS" FieldType="Grid" SelectorType="Path" Selector="bagAgreementBTSCap" IsReadOnly="{IsReadOnly}&#x9;Exp;bool IsReadOnly=!RoleExp(&quot;Admin or ETRM_MDM_BTS_Contract_Settings&quot;)" IsRequired="False" Occupation="Block" Height="10" MaxHeight="99">
      <DetailsButton IsVisible="True" Form="egeAgreementBTSCap"  SelectorType="Path" UnionTransaction="True" />
      <SelectButton IsVisible="False" UnionTransaction="True" />
      <NewButton IsVisible="True" Form="egeAgreementBTSCap" UnionTransaction="True" />
      <Params>
        <Param Name="DeleteButton">
          <Param Name="RightsAdapters">
            <Param Name="Enif.EDA.ETRM.Validators.AgreementBTSCapDeleteValidator,EnifETRMCommon"/>
          </Param>
        </Param>
        <Param Name="Order">Caption</Param>
        <Param Name="DeleteMode">Multi</Param>
        <Param Name="DeleteOnRemove">True</Param>
        <Param Name="Columns">
          <Param Name="Akt.">
            <Param Name="Field">Active</Param>
            <Param Name="DataType">Boolean</Param>
            <Param Name="Alignment">Center</Param>
            <Param Name="Width">40</Param>
          </Param>
          <Param Name="Název">
            <Param Name="Field">Caption</Param>
            <Param Name="DataType">String</Param>
            <Param Name="Alignment">Left</Param>
            <Param Name="Width">100*</Param>
          </Param>
          <Param Name="Klíč">
            <Param Name="Field">Key</Param>
            <Param Name="DataType">String</Param>
            <Param Name="Alignment">Left</Param>
            <Param Name="Width">60</Param>
          </Param>
          <Param Name="Typ protibodu">
            <Param Name="Field">TargetGridPointType.Caption</Param>
            <Param Name="DataType">String</Param>
            <Param Name="Alignment">Left</Param>
            <Param Name="Width">120</Param>
          </Param>
        </Param>
      </Params>
    </Field>
  </FieldSection>
  <FieldSection Name="bagMUMarket" Caption="Trhy" Collapsed="true">
    <Columns />
    <Field Name="bagMUMarket" Caption="Trhy" FieldType="Grid" SelectorType="Path" Selector="bagMUMarket" IsReadOnly="true" Occupation="Block">
      <DetailsButton IsVisible="False" Selector="Market" SelectorType="Path" Form="egeMarket" UnionTransaction="True" />
      <SelectButton IsVisible="True" Form="eggMarket" UnionTransaction="True" Mode="Multi" />
      <NewButton IsVisible="False" UnionTransaction="True" />
      <Params>
        <Param Name="BagItemProgId">Enif.EDA.ETRM.Entities.MU_Market,EnifETRMCommon</Param>
        <Param Name="DeleteMode">Multi</Param>
        <Param Name="BagItemRefValue">Market</Param>
        <Param Name="Columns">
          <Param Name="Akt.">
            <Param Name="Field">Active</Param>
            <Param Name="DataType">Boolean</Param>
            <Param Name="Alignment">Center</Param>
            <Param Name="Width">40</Param>
          </Param>
          <Param Name="Název">
            <Param Name="Field">Market.Caption</Param>
            <Param Name="DataType">String</Param>
            <Param Name="Alignment">Left</Param>
            <Param Name="Width">100*</Param>
          </Param>
        </Param>
      </Params>
    </Field>
  </FieldSection>
  <FieldSection Name="bagMUGrid" Caption="Sítě" Collapsed="true">
    <Columns />
    <Field Name="bagMUGrid" Caption="Sítě" FieldType="Grid" SelectorType="Path" Selector="bagMUGrid" IsReadOnly="true" Occupation="Block">
      <DetailsButton IsVisible="False" Selector="Grid" SelectorType="Path" Form="egeGridETrade" UnionTransaction="True" />
      <SelectButton IsVisible="True" Form="eggGridETrade" UnionTransaction="True" Mode="Multi" />
      <NewButton IsVisible="False" UnionTransaction="True" />
      <Params>
        <Param Name="BagItemProgId">Enif.EDA.ETRM.Entities.MU_Grid,EnifETRMCommon</Param>
        <Param Name="DeleteMode">Multi</Param>
        <Param Name="BagItemRefValue">Grid</Param>
        <Param Name="Columns">
          <Param Name="Akt.">
            <Param Name="Field">Active</Param>
            <Param Name="DataType">Boolean</Param>
            <Param Name="Alignment">Center</Param>
            <Param Name="Width">40</Param>
          </Param>
          <Param Name="Název">
            <Param Name="Field">Grid.Grid.Caption</Param>
            <Param Name="DataType">String</Param>
            <Param Name="Alignment">Left</Param>
            <Param Name="Width">100*</Param>
          </Param>
        </Param>
      </Params>
    </Field>
  </FieldSection>
  <FieldSection Name="bagMUBZ" Caption="Bilanční zóny" Collapsed="true">
    <Columns />
    <Field Name="bagMUBZ" Caption="Bilanční zóny" FieldType="Grid" SelectorType="Path" Selector="bagMUBZ" IsReadOnly="true" Occupation="Block">
      <DetailsButton IsVisible="False" Selector="BalanceZone" SelectorType="Path" Form="egeBalanceZone" UnionTransaction="True" />
      <SelectButton IsVisible="True" Form="eggBalanceZone" UnionTransaction="True" Mode="Multi" />
      <NewButton IsVisible="False" UnionTransaction="True" />
      <Params>
        <Param Name="BagItemProgId">Enif.EDA.ETRM.Entities.MU_BZ,EnifETRMCommon</Param>
        <Param Name="DeleteMode">Multi</Param>
        <Param Name="BagItemRefValue">BalanceZone</Param>
        <Param Name="Columns">
          <Param Name="Akt.">
            <Param Name="Field">Active</Param>
            <Param Name="DataType">Boolean</Param>
            <Param Name="Alignment">Center</Param>
            <Param Name="Width">40</Param>
          </Param>
          <Param Name="Název">
            <Param Name="Field">BalanceZone.Caption</Param>
            <Param Name="DataType">String</Param>
            <Param Name="Alignment">Left</Param>
            <Param Name="Width">100*</Param>
          </Param>
        </Param>
      </Params>
    </Field>
  </FieldSection>
  <FieldSection Name="bagMUBZG" Caption="Skupiny zón" Collapsed="true">
    <Columns />
    <Field Name="bagMUBZG" Caption="Skupiny zón" FieldType="Grid" SelectorType="Path" Selector="bagMUBZG" IsReadOnly="true" Occupation="Block">
      <DetailsButton IsVisible="False" Selector="BalanceZoneGroup" SelectorType="Path" Form="egeBalanceZoneGroup" UnionTransaction="True" />
      <SelectButton IsVisible="True" Form="eggBalanceZoneGroup" UnionTransaction="True" Mode="Multi" />
      <NewButton IsVisible="False" UnionTransaction="True" />
      <Params>
        <Param Name="BagItemProgId">Enif.EDA.ETRM.Entities.MU_BZG,EnifETRMCommon</Param>
        <Param Name="DeleteMode">Multi</Param>
        <Param Name="BagItemRefValue">BalanceZoneGroup</Param>
        <Param Name="Columns">
          <Param Name="Akt.">
            <Param Name="Field">Active</Param>
            <Param Name="DataType">Boolean</Param>
            <Param Name="Alignment">Center</Param>
            <Param Name="Width">40</Param>
          </Param>
          <Param Name="Název">
            <Param Name="Field">BalanceZoneGroup.Caption</Param>
            <Param Name="DataType">String</Param>
            <Param Name="Alignment">Left</Param>
            <Param Name="Width">100*</Param>
          </Param>
        </Param>
      </Params>
    </Field>
  </FieldSection>
  <FieldSection Name="bagMU_GridPoint" Caption="Orientované body" Tooltip="Orientované půlbody sítě" Collapsed="true">
    <Columns />
    <Field Name="bagMUGridPoint" Caption="Uzly" FieldType="Grid" SelectorType="Path" Selector="bagMUGridPoint" IsReadOnly="true" Occupation="Block">
      <DetailsButton IsVisible="False" Selector="GridPoint" SelectorType="Path" Form="egeGridPoint" UnionTransaction="True" />
      <SelectButton IsVisible="True" Form="eggGridPoint" UnionTransaction="True" Mode="Multi" />
      <NewButton IsVisible="False" UnionTransaction="True" />
      <Params>
        <Param Name="BagItemProgId">Enif.EDA.ETRM.Entities.MU_GridPoint,EnifETRMCommon</Param>
        <Param Name="DeleteMode">Multi</Param>
        <Param Name="BagItemRefValue">GridPoint</Param>
        <Param Name="Columns">
          <Param Name="Akt.">
            <Param Name="Field">Active</Param>
            <Param Name="DataType">Boolean</Param>
            <Param Name="Alignment">Center</Param>
            <Param Name="Width">40</Param>
          </Param>
          <Param Name="Typ">
            <Param Name="Field">GridPoint.GridPointType.ShortCaption</Param>
            <Param Name="DataType">String</Param>
            <Param Name="Alignment">Left</Param>
            <Param Name="Width">100</Param>
          </Param>
          <Param Name="Název">
            <Param Name="Field">GridPoint.Caption</Param>
            <Param Name="DataType">String</Param>
            <Param Name="Alignment">Left</Param>
            <Param Name="Width">100*</Param>
          </Param>
          <Param Name="Směr">
            <Param Name="Field">GridPoint.IOType.ShortCaption</Param>
            <Param Name="DataType">String</Param>
            <Param Name="Alignment">Left</Param>
            <Param Name="Width">100</Param>
          </Param>
          <Param Name="Síť">
            <Param Name="Field">GridPoint.Grid.ShortCaption</Param>
            <Param Name="DataType">String</Param>
            <Param Name="Alignment">Left</Param>
            <Param Name="Width">100</Param>
          </Param>
        </Param>
      </Params>
    </Field>
  </FieldSection>
  <FieldSection Name="bagMU_GridPointGroup" Caption="Skupiny bodů" Collapsed="true">
    <Columns />
    <Field Name="bagMUGridPointGroup" Caption="Skupiny bodů" FieldType="Grid" SelectorType="Path" Selector="bagMUGridPointGroup" IsReadOnly="true" Occupation="Block">
      <DetailsButton IsVisible="False" Selector="GridPointGroup" SelectorType="Path" Form="egeGridPointGroup" UnionTransaction="True" />
      <SelectButton IsVisible="True" Form="eggGridPointGroup" UnionTransaction="True" Mode="Multi" />
      <NewButton IsVisible="False" UnionTransaction="True" />
      <Params>
        <Param Name="BagItemProgId">Enif.EDA.ETRM.Entities.MU_GridPointGroup,EnifETRMCommon</Param>
        <Param Name="DeleteMode">Multi</Param>
        <Param Name="BagItemRefValue">GridPointGroup</Param>
        <Param Name="Columns">
          <Param Name="Akt.">
            <Param Name="Field">Active</Param>
            <Param Name="DataType">Boolean</Param>
            <Param Name="Alignment">Center</Param>
            <Param Name="Width">40</Param>
          </Param>
          <Param Name="Název">
            <Param Name="Field">GridPointGroup.Caption</Param>
            <Param Name="DataType">String</Param>
            <Param Name="Alignment">Left</Param>
            <Param Name="Width">100*</Param>
          </Param>
        </Param>
      </Params>
    </Field>
  </FieldSection>
  
</Form>