﻿<?xml version="1.0" encoding="utf-8"?>
<Form Type="Entity" Caption="Předpis poplatku trhu" WindowCaption="Předpis poplatku trhu" ProgId="Enif.EDA.ETRM.Gui.Behaviors.egeMarketCharge,EnifETRMGui" EntityType="Enif.EDA.ETRM.Entities.MarketCharge,EnifETRMCommon" IsReadOnly="False" Scale="1" ValidationLevel="0" CanDelete="None">
  <Params>
  <Param Name="VariablesBinding">
    <Param Name="IsMarketReadOnly" Value="{IsMarketReadOnly}" />
    <Param Name="MarketId" Value="{MarketId}" />
  </Param>
  </Params>
  <FieldSection Name="Detail" Caption="Detail" Columns="1" Collapsed="false">
    <Field Name="Active" Caption="Aktivní" FieldType="BoolField" SelectorType="Path" Selector="Active" IsRequired="true" Occupation="Line" Default="true" 
						IsReadOnly="{IsReadOnly}&#x9;Exp;bool IsReadOnly=!(RoleExp(&quot;ETRM_MDM_Market_Admin&quot;) || RoleExp(&quot;ETRM_MDM_Market_Settings&quot;))"/>
    <Field Name="Id" Caption="ID" FieldType="Number" SelectorType="Path" Selector="Id" IsReadOnly="true" IsRequired="false" Occupation="Line" />
    <Field Name="Name" Caption="Název" FieldType="Text" SelectorType="Path" Selector="Caption" IsRequired="true" Occupation="Line"
						IsReadOnly="{IsReadOnly}&#x9;Exp;bool IsReadOnly=!(RoleExp(&quot;ETRM_MDM_Market_Admin&quot;) || RoleExp(&quot;ETRM_MDM_Market_Settings&quot;))"/>
		<Field Name="Market" Caption="Trh" FieldType="EnumField" SelectorType="Path" Selector="Market" IsRequired="True" Occupation="Line"
						IsReadOnly="{IsReadOnly}&#x9;Path;bagDealMarketCharge.Count as DealsCount&#x9;Exp;bool IsReadOnly=!((RoleExp(&quot;ETRM_MDM_Market_Admin&quot;) || RoleExp(&quot;ETRM_MDM_Market_Settings&quot;)) &amp;&amp; DealsCount==0)"
            IsVisible="{IsVisible}&#x9;Exp;bool IsVisible=IsMarketReadOnly == &quot;False&quot;">
          <Params>
        <Param Name="HQL">select m, m.Caption from Market as m where m.Active=1 order by m.Caption</Param>
      </Params>
    </Field>
    <!-- Do HQL sa nedá pridať PropagatedParams, Default nezobrazuje hodnoty, ktore nie su v HQL, preto je Market 2x -->
    <Field Name="MarketReadOnly" Caption="Trh" FieldType="EnumField" SelectorType="Path" Selector="Market" IsRequired="True" Occupation="Line"
						IsReadOnly="True"
            IsVisible="{IsVisible}&#x9;Exp;bool IsVisible=IsMarketReadOnly"
            Default="select m, m.Caption from Market as m where m.Id={MarketId}">
      <Params>
        <!-- item v default musí byť jeden z výsledov tohto dotazu, inak je default null -->
        <!-- Prednastavený Market moze byt Active=False, takze vyber vsetky markety -->
        <Param Name="HQL">select m, m.Caption from Market as m order by m.Caption</Param>
      </Params>
    </Field>
    <Field Name="MarketUnit" Caption="Obchodní jednotka" FieldType="EnumField" SelectorType="Path" Selector="MarketUnit" IsRequired="True" Occupation="Line"
						IsReadOnly="{IsReadOnly}&#x9;Path;bagDealMarketCharge.Count as DealsCount&#x9;Exp;bool IsReadOnly=!((RoleExp(&quot;ETRM_MDM_Market_Admin&quot;) || RoleExp(&quot;ETRM_MDM_Market_Settings&quot;)) &amp;&amp; DealsCount==0)">
      <Params>
        <Param Name="HQL">select m, m.Subject.Company.Name from MarketUnit as m, MU_Market as mum where m.Active=1 and mum.Active=1 and mum.MarketUnitFK=m.Id and mum.Market={Market} order by m.Subject.Company.Name</Param>
      </Params>
    </Field>
    <Field Name="Grid" Caption="Síť" FieldType="EnumField" SelectorType="Path" Selector="Grid" IsRequired="True" Occupation="Line"
						IsReadOnly="{IsReadOnly}&#x9;Path;bagDealMarketCharge.Count as DealsCount&#x9;Exp;bool IsReadOnly=!((RoleExp(&quot;ETRM_MDM_Market_Admin&quot;) || RoleExp(&quot;ETRM_MDM_Market_Settings&quot;)) &amp;&amp; DealsCount==0)">
      <Params>
        <Param Name="HQL">select g, g.Caption from GridETrade as g, MU_Market_Grid as mumg where g.Active=1 and mumg.Active=1 and mumg.GridFK=g.Id and mumg.Market={Market} and mumg.MarketUnit={MarketUnit} order by g.Caption</Param>
      </Params>
    </Field>
	  <Field Name="Commodity" Caption="Subkomodita" FieldType="EnumField" SelectorType="Path" Selector="Commodity" IsRequired="True" Occupation="Line"
						IsReadOnly="{IsReadOnly}&#x9;Path;bagDealMarketCharge.Count as DealsCount&#x9;Exp;bool IsReadOnly=!((RoleExp(&quot;ETRM_MDM_Market_Admin&quot;) || RoleExp(&quot;ETRM_MDM_Market_Settings&quot;)) &amp;&amp; DealsCount==0)">
      <Params>
        <Param Name="HQL">select distinct MDT.DealType.Commodity, MDT.DealType.Commodity.ShortCaption from Market_DealType as MDT where MDT.Market={Market}</Param>
      </Params>
    </Field>
    <Field Name="Currency" Caption="Měna poplatku" FieldType="EnumField" SelectorType="Path" Selector="Currency" IsRequired="True" Occupation="Line"
						IsReadOnly="{IsReadOnly}&#x9;Path;bagDealMarketCharge.Count as DealsCount&#x9;Exp;bool IsReadOnly=!((RoleExp(&quot;ETRM_MDM_Market_Admin&quot;) || RoleExp(&quot;ETRM_MDM_Market_Settings&quot;)) &amp;&amp; DealsCount==0)">
      <Params>
        <Param Name="Format">{Caption}</Param>
        <Param Name="HQL">SELECT c, c.ShortCaption as Caption from CurrencyETrade as c, MarketCurrency as mc where c.Active=1 and mc.CurrencyFK=c.Id and mc.Market={Market}</Param>
      </Params>
    </Field>
	  <Field Name="ChargeIOT" Caption="Směr poplatku" FieldType="EnumField" SelectorType="Path" Selector="IOType" IsRequired="True" Occupation="Line" Default="select T, T.Caption from MarketChargeIOT T where T.Key='Outgoing'"
						IsReadOnly="{IsReadOnly}&#x9;Path;bagDealMarketCharge.Count as DealsCount&#x9;Exp;bool IsReadOnly=!((RoleExp(&quot;ETRM_MDM_Market_Admin&quot;) || RoleExp(&quot;ETRM_MDM_Market_Settings&quot;)) &amp;&amp; DealsCount==0)">
      <Params>
        <Param Name="Format">{Caption}</Param>
        <Param Name="HQL">select c, Caption from MarketChargeIOT c where c.Active=1</Param>
      </Params>
    </Field>
    <Field Name="ChargeType" Caption="Typ poplatku" FieldType="EnumField" SelectorType="Path" Selector="ChargeType" IsRequired="True" Occupation="Line"
						IsReadOnly="{IsReadOnly}&#x9;Path;bagDealMarketCharge.Count as DealsCount&#x9;Exp;bool IsReadOnly=!((RoleExp(&quot;ETRM_MDM_Market_Admin&quot;) || RoleExp(&quot;ETRM_MDM_Market_Settings&quot;)) &amp;&amp; DealsCount==0)">
      <Params>
        <Param Name="Format">{Caption}</Param>
        <Param Name="HQL">select c, Caption from MarketChargeType c where c.Active=1</Param>
      </Params>
    </Field>
    <Field Name="TChargePaymentType" Caption="Typ platby" FieldType="EnumField" SelectorType="Path" Selector="TPaymentType" IsRequired="True" Occupation="Line"
						IsReadOnly="{IsReadOnly}&#x9;Path;bagDealMarketCharge.Count as DealsCount&#x9;Exp;bool IsReadOnly=!((RoleExp(&quot;ETRM_MDM_Market_Admin&quot;) || RoleExp(&quot;ETRM_MDM_Market_Settings&quot;)) &amp;&amp; DealsCount==0)">
      <Params>
        <Param Name="Format">{Caption}</Param>
        <Param Name="HQL">SELECT P, P.Caption as Caption from TChargePaymentType P where P.Active=1</Param>
      </Params>
    </Field>
    <Field Name="TCreationType" Caption="Způsob vytvoření" FieldType="EnumField" SelectorType="Path" Selector="TCreationType" IsRequired="True" Occupation="Line"
						IsReadOnly="{IsReadOnly}&#x9;Path;bagDealMarketCharge.Count as DealsCount&#x9;Exp;bool IsReadOnly=!((RoleExp(&quot;ETRM_MDM_Market_Admin&quot;) || RoleExp(&quot;ETRM_MDM_Market_Settings&quot;)) &amp;&amp; DealsCount==0)">
      <Params>
        <Param Name="Format">{Caption}</Param>
        <Param Name="HQL">SELECT C, C.Caption as Caption from TCreationType C where C.Active=1</Param>
      </Params>
    </Field>
		<Field Name="Individual" Caption="Lze změnit hodnotu" FieldType="BoolField" SelectorType="Path" Selector="Individual" Occupation="Line" IsRequired="True" Default="false"
						IsReadOnly="{IsReadOnly}&#x9;Path;bagDealMarketCharge.Count as DealsCount&#x9;Exp;bool IsReadOnly=!((RoleExp(&quot;ETRM_MDM_Market_Admin&quot;) || RoleExp(&quot;ETRM_MDM_Market_Settings&quot;)) &amp;&amp; DealsCount==0)"/>
		<Field Name="Value" Caption="Hodnota poplatku" FieldType="Number" SelectorType="Path" Selector="Value" IsVisible="true" IsEnabled="true" IsRequired="True" IsReactive="True" Occupation="Line" ValidationLevel="0" Column="0" Colspan="1" Rowspan="1" Ratio="22:26" IsBinded="true"
						IsReadOnly="{IsReadOnly}&#x9;Path;bagDealMarketCharge.Count as DealsCount&#x9;Exp;bool IsReadOnly=!((RoleExp(&quot;ETRM_MDM_Market_Admin&quot;) || RoleExp(&quot;ETRM_MDM_Market_Settings&quot;)) &amp;&amp; DealsCount==0)">
			<Params>
					<Param Name="Format">{0:#,##0.000}</Param>
			 </Params>
		</Field>
		<Field Name="TSleeveType" Caption="Sleeve" FieldType="EnumField" SelectorType="Path" Selector="TSleeveType" IsRequired="True" Occupation="Line"
						IsReadOnly="{IsReadOnly}&#x9;Path;bagDealMarketCharge.Count as DealsCount&#x9;Exp;bool IsReadOnly=!((RoleExp(&quot;ETRM_MDM_Market_Admin&quot;) || RoleExp(&quot;ETRM_MDM_Market_Settings&quot;)) &amp;&amp; DealsCount==0)">
				<Params>
					<Param Name="Format">{Caption}</Param>
					<Param Name="HQL">SELECT S, S.Caption as Caption from TSleeveType S where S.Active=1</Param>
				</Params>
		</Field>
  </FieldSection>
  <FieldSection Name="Description" Caption="Popis" Columns="1">
    <Field Name="Description" Caption="Popis" FieldType="Text" SelectorType="Path" Selector="Description" ToolTip="Popis" Occupation="CaptionBlock" IsRequired="false"
						IsReadOnly="{IsReadOnly}&#x9;Exp;bool IsReadOnly=!(RoleExp(&quot;ETRM_MDM_Market_Admin&quot;) || RoleExp(&quot;ETRM_MDM_Market_Settings&quot;))">
      <Params>
        <Param Name="Multiline">True</Param>
        <Param Name="TextWrapping">Wrap</Param>
      </Params>
    </Field>
  </FieldSection>
  <FieldSection Name="Limits" Caption="Omezující podmínky" Collapsed="false">
    <Field Name="MinDealDuration" Caption="Minimální délka trvání obchodu" FieldType="Integer" SelectorType="Path" Selector="MinDealDuration" Occupation="Line" 
						IsReadOnly="{IsReadOnly}&#x9;Path;bagDealMarketCharge.Count as DealsCount&#x9;Exp;bool IsReadOnly=!((RoleExp(&quot;ETRM_MDM_Market_Admin&quot;) || RoleExp(&quot;ETRM_MDM_Market_Settings&quot;)) &amp;&amp; DealsCount==0)"/>
    <Field Name="MaxDealDuration" Caption="Maximální délka trvání obchodu" FieldType="Integer" SelectorType="Path" Selector="MaxDealDuration" Occupation="Line" 
						IsReadOnly="{IsReadOnly}&#x9;Path;bagDealMarketCharge.Count as DealsCount&#x9;Exp;bool IsReadOnly=!((RoleExp(&quot;ETRM_MDM_Market_Admin&quot;) || RoleExp(&quot;ETRM_MDM_Market_Settings&quot;)) &amp;&amp; DealsCount==0)"/>
    <Field Name="MinVolume" Caption="Minimální objem" FieldType="Number" SelectorType="Path" Selector="MinVolume" Occupation="Line" 
						IsReadOnly="{IsReadOnly}&#x9;Path;bagDealMarketCharge.Count as DealsCount&#x9;Exp;bool IsReadOnly=!((RoleExp(&quot;ETRM_MDM_Market_Admin&quot;) || RoleExp(&quot;ETRM_MDM_Market_Settings&quot;)) &amp;&amp; DealsCount==0)">
	  <Params>
			<Param Name="Format">{0:#,##0.000}</Param>
      </Params>
    </Field>
		<Field Name="MaxVolume" Caption="Maximální objem" FieldType="Number" SelectorType="Path" Selector="MaxVolume" Occupation="Line" 
						IsReadOnly="{IsReadOnly}&#x9;Path;bagDealMarketCharge.Count as DealsCount&#x9;Exp;bool IsReadOnly=!((RoleExp(&quot;ETRM_MDM_Market_Admin&quot;) || RoleExp(&quot;ETRM_MDM_Market_Settings&quot;)) &amp;&amp; DealsCount==0)">
			<Params>
				<Param Name="Format">{0:#,##0.000}</Param>
			</Params>
		</Field>
  </FieldSection>
  <FieldSection Name="TimeValidity" Caption="Časová platnost" Collapsed="false">
    <Field Name="DeliveryValidFrom" Caption="Datum dodávky OD" FieldType="DateTime" SelectorType="Path" Selector="DeliveryValidFrom" Occupation="Line"
						IsReadOnly="{IsReadOnly}&#x9;Path;bagDealMarketCharge.Count as DealsCount&#x9;Exp;bool IsReadOnly=!((RoleExp(&quot;ETRM_MDM_Market_Admin&quot;) || RoleExp(&quot;ETRM_MDM_Market_Settings&quot;)) &amp;&amp; DealsCount==0)">
      <Params>
        <Param Name="Mode">Date</Param>
        <Param Name="CalendarButtons">
          <Param Name="Neomezené">[ -inf]</Param>
        </Param>
      </Params>
    </Field>
    <Field Name="DeliveryValidToInc" Caption="Datum dodávky DO" FieldType="DateTime" SelectorType="Path" Selector="DeliveryValidToInc" Occupation="Line"
						IsReadOnly="{IsReadOnly}&#x9;Path;bagDealMarketCharge.Count as DealsCount&#x9;Exp;bool IsReadOnly=!((RoleExp(&quot;ETRM_MDM_Market_Admin&quot;) || RoleExp(&quot;ETRM_MDM_Market_Settings&quot;)) &amp;&amp; DealsCount==0)">
      <Params>
        <Param Name="Mode">Date</Param>
        <Param Name="CalendarButtons">
          <Param Name="Neomezené">[ -inf]</Param>
        </Param>
      </Params>
    </Field>
    <Field Name="SettledValidFrom" Caption="Datum uzavření OD" FieldType="DateTime" SelectorType="Path" Selector="SettledValidFrom" Occupation="Line"
						IsReadOnly="{IsReadOnly}&#x9;Path;bagDealMarketCharge.Count as DealsCount&#x9;Exp;bool IsReadOnly=!((RoleExp(&quot;ETRM_MDM_Market_Admin&quot;) || RoleExp(&quot;ETRM_MDM_Market_Settings&quot;)) &amp;&amp; DealsCount==0)">
      <Params>
        <Param Name="Mode">Date</Param>
        <Param Name="CalendarButtons">
          <Param Name="Neomezené">[ -inf]</Param>
        </Param>
      </Params>
    </Field>
    <Field Name="SettledValidToInc" Caption="Datum uzavření DO" FieldType="DateTime" SelectorType="Path" Selector="SettledValidToInc" Occupation="Line"
						IsReadOnly="{IsReadOnly}&#x9;Path;bagDealMarketCharge.Count as DealsCount&#x9;Exp;bool IsReadOnly=!((RoleExp(&quot;ETRM_MDM_Market_Admin&quot;) || RoleExp(&quot;ETRM_MDM_Market_Settings&quot;)) &amp;&amp; DealsCount==0)">
      <Params>
        <Param Name="Mode">Date</Param>
        <Param Name="CalendarButtons">
          <Param Name="Neomezené">[ -inf]</Param>
        </Param>
      </Params>
    </Field>
  </FieldSection>
  
</Form>