<?xml version="1.0" encoding="utf-8"?>
<Form Type="Entity" Caption="Obchodní jednotka" WindowCaption="Obchodní jednotka" ProgId="Enif.EDA.ETRM.Gui.Behaviors.egeMUExchangeRates,EnifETRMGui" EntityType="Enif.EDA.ETRM.Entities.MUExchangeRates,EnifETRMCommon" IsReadOnly="False" Scale="1" ValidationLevel="0" CanDelete="None">
  <FieldSection Name="Detail" Caption="Detail" Columns="1">
    <Columns />
    <Field Name="Id" Caption="ID" Selector="Id" SelectorType="Path" FieldType="Text" IsReadOnly="True"/>
    <Field Name="Active" Caption="Aktivní" FieldType="BoolField" SelectorType="Path" Selector="Active" IsRequired="true" Occupation="Line" Default="true" IsReadOnly="{IsReadOnly}&#x9;Exp;bool IsReadOnly=!(RoleExp(&quot;Admin or ETRM_MDM_MU_Settings&quot;))" />
  </FieldSection>
  <FieldSection Name="Description" Caption="Popis" Collapsed="true">
    <Field Name="Description" Caption="Popis" FieldType="Text" SelectorType="Path" Selector="Note" Occupation="CaptionBlock"
            IsReadOnly="{IsReadOnly}&#x9;Exp;bool IsReadOnly=!(RoleExp(&quot;Admin or ETRM_MDM_MU_Settings&quot;))" >
      <Params>
        <Param Name="Multiline">True</Param>
        <Param Name="TextWrapping">Wrap</Param>
      </Params>
    </Field>
  </FieldSection>
  
</Form>