﻿<?xml version="1.0" encoding="utf-8"?>
<Form Type="Entity" Caption="Typ poplatku trhu" WindowCaption="Typ poplatku trhu" ProgId="EGCore.EGBaseBehavior,EGCore" EntityType="Enif.EDA.ETRM.Entities.MarketChargeType,EnifETRMCommon" IsReadOnly="false">
  <FieldSection Name="Default" Caption="Detaily" Columns="1">
    <Field Name="Active" Caption="Aktivní" FieldType="BoolField" SelectorType="Path" Selector="Active" IsVisible="true" IsEnabled="true" IsReadOnly="false" IsRequired="true" Occupation="Line" />
    <Field Name="Key" Caption="Klíč" FieldType="Text" SelectorType="Path" Selector="Key" IsVisible="true" IsEnabled="true" IsReadOnly="false" IsRequired="true" Occupation="Line" />
    <Field Name="Caption" Caption="Název" FieldType="Text" SelectorType="Path" Selector="Caption" IsVisible="true" IsEnabled="true" IsReadOnly="false" IsRequired="true" Occupation="Line" />
    <Field Name="ShortCaption" Caption="Krátký název" FieldType="Text" SelectorType="Path" Selector="ShortCaption" IsVisible="true" IsEnabled="true" IsReadOnly="false" IsRequired="true" Occupation="Line" />
    <Field Name="ExternalId" Caption="Externí ID" FieldType="Text" SelectorType="Path" Selector="ExternalId" IsVisible="true" IsEnabled="true" IsReadOnly="false" IsRequired="false" Occupation="Line" />
  </FieldSection>
  <FieldSection Name="Description" Caption="Popis">
    <Field Name="Description" Caption="Popis" FieldType="Text" SelectorType="Path" Selector="Description" ToolTip="Popis" Occupation="CaptionBlock">
      <Params>
        <Param Name="Multiline">True</Param>
        <Param Name="TextWrapping">Wrap</Param>
      </Params>
    </Field>
  </FieldSection>
    
</Form>