﻿<Form Type="Entity" Caption="Shipper páry na bodech" WindowCaption="Shipper páry" ProgId="EGCore.EGBaseBehavior,EGCore" EntityType="Enif.EDA.ETRM.Entities.MU_GPGG_CO_GPGG,EnifETRMCommon" IsReadOnly="{IsReadOnly}&#x9;Exp;bool IsReadOnly=!RoleExp(&quot;Admin or ETRM_MDM_MarketParty_IDs_Settings&quot;)" Scale="1" ValidationLevel="0">
  <FieldSection Name="Detail" Caption="Detail" Columns="1">
    <!-- fake field pre PropagatedParams -->
    <Field Name="Id" Caption="ID" FieldType="Integer" SelectorType="Path" Selector="Id" IsReadOnly="true" Occupation="Line" IsVisible="True" />
    <Field Name="MarketUnit" Caption="Obchodní jednotka" FieldType="Text" SelectorType="Path" Selector="MarketUnit.Subject.Company.Name" IsRequired="true" Occupation="Line" IsReadOnly="true" />
    <Field Name="MuGPGGrid" Caption="Interní síť" FieldType="Entity" SelectorType="Path" Selector="MuGPGGrid" IsRequired="true" Occupation="Line" IsReadOnly="true" >
      <Params>
        <Param Name="Format">{GridCap}</Param>
        <Param Name="Arguments">
          <Param Name="Path;Caption as GPGCap,Grid.Caption as GridCap" />
        </Param>
      </Params>
    </Field>
    <Field Name="MuGpEntry" Caption="Entry interní" FieldType="Text" SelectorType="Path" Selector="MuGpEntry.Caption" IsRequired="true" Occupation="Line" IsReadOnly="true" />
    <Field Name="MuGpExit" Caption="Exit interní" FieldType="Text" SelectorType="Path" Selector="MuGpExit.Caption" IsRequired="true" Occupation="Line" IsReadOnly="true" />
    <Field Name="Coparty" Caption="Protistrana" FieldType="Text" SelectorType="Path" Selector="Coparty.Subject.Company.Name" IsRequired="true" Occupation="Line" IsReadOnly="true" />
    <Field Name="CoGPGGrid" Caption="Externí síť" FieldType="Entity" SelectorType="Path" Selector="CoGPGGrid" IsRequired="true" Occupation="Line" IsReadOnly="true" >
      <Params>
        <Param Name="Format">{GridCap}</Param>
        <Param Name="Arguments">
          <Param Name="Path;Caption as GPGCap,Grid.Caption as GridCap" />
        </Param>
      </Params>
    </Field>
    <Field Name="CoGpEntry" Caption="Entry externí" FieldType="Text" SelectorType="Path" Selector="CoGpEntry.Caption" IsRequired="true" Occupation="Line" IsReadOnly="true" />
    <Field Name="CoGpExit" Caption="Exit externí" FieldType="Text" SelectorType="Path" Selector="CoGpExit.Caption" IsRequired="true" Occupation="Line" IsReadOnly="true" />
  </FieldSection>
  <FieldSection Name="bagMU_GPGG_CO_GPGG_SPSP" Caption="Shipper páry" Collapsed="true">
    <Columns />
    <Field Name="bagMU_GPGG_CO_GPGG_SPSP" Caption="Shipper páry" FieldType="Grid" SelectorType="Path" Selector="bagMU_GPGG_CO_GPGG_SPSP" IsReadOnly="{IsReadOnly}&#x9;Exp;bool IsReadOnly=!RoleExp(&quot;Admin or ETRM_MDM_MarketParty_IDs_Settings&quot;)" IsRequired="False" Occupation="Block" Height="10" MaxHeight="99">
      <DetailsButton IsVisible="True" Form="egeMU_GPGG_CO_GPGG_SPSP" SelectorType="Path" UnionTransaction="True" />
      <SelectButton IsVisible="False" UnionTransaction="True" />
      <NewButton IsVisible="True" Form="egeMU_GPGG_CO_GPGG_SPSP" UnionTransaction="True" />
      <Params>
        <!--<Param Name="DeleteButton">
          <Param Name="RightsAdapters">
            <Param Name="Enif.EDA.ETRM.Validators.MU_GPGG_CO_GPGG_SPSP_DeleteValidator,EnifETRMCommon"/>
          </Param>
        </Param>-->
        <Param Name="DeleteMode">Multi</Param>
        <Param Name="DeleteOnRemove">True</Param>
        <Param Name="Order">D_Od Descending</Param>
        <Param Name="Columns">
          <Param Name="Id">
            <Param Name="Field">Id</Param>
            <Param Name="DataType">Int64</Param>
            <Param Name="Alignment">Right</Param>
            <Param Name="Width">40</Param>
          </Param>
          <Param Name="Od">
            <Param Name="Field">ValidFrom</Param>
            <Param Name="DataType">DateTime</Param>
            <Param Name="Format">{0:d}</Param>
            <Param Name="Alignment">Right</Param>
            <Param Name="Width">80</Param>
          </Param>
          <Param Name="Do">
            <Param Name="Field">ValidToInc</Param>
            <Param Name="DataType">DateTime</Param>
            <Param Name="Format">{0:d}</Param>
            <Param Name="Alignment">Right</Param>
            <Param Name="Width">80</Param>
          </Param>
          <Param Name="Entry interní">
            <Param Name="Field">MuEntrySubjectIdentifier.IdentifierValue</Param>
            <Param Name="DataType">String</Param>
            <Param Name="Alignment">Left</Param>
            <Param Name="Width">120</Param>
          </Param>
          <Param Name="Exit externí">
            <Param Name="Field">CoExitSubjectIdentifier.IdentifierValue</Param>
            <Param Name="DataType">String</Param>
            <Param Name="Alignment">Left</Param>
            <Param Name="Width">120</Param>
          </Param>
          <Param Name="Exit interní">
            <Param Name="Field">MuExitSubjectIdentifier.IdentifierValue</Param>
            <Param Name="DataType">String</Param>
            <Param Name="Alignment">Left</Param>
            <Param Name="Width">120</Param>
          </Param>
          <Param Name="Entry externí">
            <Param Name="Field">CoEntrySubjectIdentifier.IdentifierValue</Param>
            <Param Name="DataType">String</Param>
            <Param Name="Alignment">Left</Param>
            <Param Name="Width">120</Param>
          </Param>
          <Param Name="Saldovat">
            <Param Name="Field">NomBalance</Param>
            <Param Name="DataType">Boolean</Param>
            <Param Name="Alignment">Center</Param>
            <Param Name="Width">70</Param>
          </Param>
        </Param>
      </Params>
    </Field>
  </FieldSection>
  
</Form>