﻿<?xml version="1.0" encoding="utf-8"?>
<Form Type="Entity" Caption="Měny trhu" WindowCaption="Měny trhu" ProgId="EGCore.EGBaseBehavior,EGCore" EntityType="Enif.EDA.ETRM.Entities.MarketCurrency,EnifETRMCommon" IsReadOnly="False" Scale="1" ValidationLevel="0" CanDelete="None">
  <FieldSection Name="Caption" Caption="Měna" Columns="1">
    <Field Name="TCurrency" Caption="Název" FieldType="EnumField" SelectorType="Path" Selector="TCurrency" Occupation="Line">
      <Params>
        <Param Name="HQL">SELECT C, C.Caption FROM TCurrency C</Param>
      </Params>
    </Field>
    <Field Name="ShortCaption" Caption="Zkratka" FieldType="Text" SelectorType="Path" Selector="TCurrency.ShortCaption" Occupation="Line" />
  </FieldSection>
    
</Form>