﻿<Form Type="Entity" Caption="Shipper páry na bodech" WindowCaption="Shipper páry" ProgId="Enif.EDA.ETRM.Gui.Behaviors.egeMU_GPGG_CO_GPGG_SPSP,EnifETRMGui" EntityType="Enif.EDA.ETRM.Entities.MU_GPGG_CO_GPGG_SPSP,EnifETRMCommon" IsReadOnly="{IsReadOnly}&#x9;Exp;bool IsReadOnly=!RoleExp(&quot;Admin or ETRM_MDM_MarketParty_IDs_Settings&quot;)" Scale="1" ValidationLevel="0">
  <FieldSection Name="Detail" Caption="Detail" Columns="1">
    <!-- fake field pre PropagatedParams -->
    <Field Name="Id" Caption="ID" FieldType="Integer" SelectorType="Path" Selector="Id" IsReadOnly="true" Occupation="Line" IsVisible="True" />
    <Field Name="MuSubjectId" Caption="pom" FieldType="Integer" SelectorType="Path" Selector="MU_GPGG_CO_GPGG.MarketUnit.Subject.Id" IsReadOnly="true" Occupation="Line" IsVisible="false" />
    <Field Name="CoSubjectId" Caption="pom" FieldType="Integer" SelectorType="Path" Selector="MU_GPGG_CO_GPGG.Coparty.Subject.Id" IsReadOnly="true" Occupation="Line" IsVisible="false" />
    <Field Name="MuGpEntryId" Caption="pom" FieldType="Text" SelectorType="Path" Selector="MU_GPGG_CO_GPGG.MuGpEntry.Id" IsReadOnly="true" Occupation="Line" IsVisible="false" />
    <Field Name="MuGpExitId" Caption="pom" FieldType="Text" SelectorType="Path" Selector="MU_GPGG_CO_GPGG.MuGpExit.Id" IsReadOnly="true" Occupation="Line" IsVisible="false" />
    <Field Name="CoGpEntryId" Caption="pom" FieldType="Text" SelectorType="Path" Selector="MU_GPGG_CO_GPGG.CoGpEntry.Id" IsReadOnly="true" Occupation="Line" IsVisible="false" />
    <Field Name="CoGpExitId" Caption="pom" FieldType="Text" SelectorType="Path" Selector="MU_GPGG_CO_GPGG.CoGpExit.Id" IsReadOnly="true" Occupation="Line" IsVisible="false" />

    <Field Name="ValidFrom" Caption="Od" FieldType="Date" IsRequired="false" SelectorType="Path" Selector="ValidFrom" />
    <Field Name="ValidToInc" Caption="Do" FieldType="Date" IsRequired="false" SelectorType="Path" Selector="ValidToInc" />
    
    <!--MuGpEntry-->
    <!--VTP-->
    <Field Name="MuEntrySubjectIdentifier1" Caption="Entry interní" FieldType="EnumField" SelectorType="Path" Selector="MuEntrySubjectIdentifier" IsRequired="false" Occupation="Line" ToolTip="Výběr entry interní"
      IsReadOnly="{IsReadOnly}&#9;Path;MU_GPGG_CO_GPGG.MuGpEntry as MuGpEntry&#x9;Exp;bool IsReadOnly=(MuGpEntry == null)"
      IsVisible="{IsVisible}&#9;Path;MU_GPGG_CO_GPGG.MuGpEntry.GridPointType.Key as key&#x9;Exp;bool IsVisible=(key == &quot;VTP&quot;)">
      <Params>
        <Param Name="HQL">select SI, SI.IdentifierValue from SubjectIdentifier SI inner join SI.Subject SU where(SI.IdentifierType.Key='EIC' or SI.IdentifierType.Key='SHIPPERCODE' or SI.IdentifierType.Key='DVGW') and SU.Id={MuSubjectId} order by SI.IdentifierValue</Param>
      </Params>
    </Field>
    <!--BTS-->
    <Field Name="MuEntrySubjectIdentifier2" Caption="Entry interní" FieldType="EnumField" SelectorType="Path" Selector="MuEntrySubjectIdentifier" IsRequired="false" Occupation="Line" ToolTip="Výběr entry interní"
      IsReadOnly="{IsReadOnly}&#9;Path;MU_GPGG_CO_GPGG.MuGpEntry as MuGpEntry&#x9;Exp;bool IsReadOnly=(MuGpEntry == null)"
      IsVisible="{IsVisible}&#9;Path;MU_GPGG_CO_GPGG.MuGpEntry.GridPointType.Key as key&#x9;Exp;bool IsVisible=(key == &quot;BTS&quot;)">
      <Params>
        <Param Name="HQL">select SI, SI.IdentifierValue from SubjectIdentifier SI inner join SI.Subject SU where(SI.IdentifierType.Key='SHIPPERCODE' or SI.IdentifierType.Key='DVGW') and SU.Id={MuSubjectId} order by SI.IdentifierValue</Param>
      </Params>
    </Field>
    <!--BGS-->
    <Field Name="MuEntrySubjectIdentifier3" Caption="Entry interní" FieldType="EnumField" SelectorType="Path" Selector="MuEntrySubjectIdentifier" IsRequired="false" Occupation="Line" ToolTip="Výběr entry interní"
      IsReadOnly="{IsReadOnly}&#9;Path;MU_GPGG_CO_GPGG.MuGpEntry as MuGpEntry&#x9;Exp;bool IsReadOnly=(MuGpEntry == null)"
      IsVisible="{IsVisible}&#9;Path;MU_GPGG_CO_GPGG.MuGpEntry.GridPointType.Key as key&#x9;Exp;bool IsVisible=(key == &quot;BGS&quot;)">
      <Params>
        <Param Name="HQL">
          select distinct SI, SI.IdentifierValue 
          from AgreementCapacity AGC
          inner join AGC.SubjectIdentifier SI
          where
            (AGC.GridPointFK={MuGpEntryId}) and
            (AGC.SubjectIdentifier.SubjectFK={MuSubjectId})
          order by SI.IdentifierValue
        </Param>
      </Params>
    </Field>

    <!--CoGpExit-->
    <!--VTP-->
    <Field Name="CoExitSubjectIdentifier1" Caption="Exit externí" FieldType="EnumField" SelectorType="Path" Selector="CoExitSubjectIdentifier" IsRequired="false" Occupation="Line" ToolTip="Výběr exit externí"
      IsReadOnly="{IsReadOnly}&#9;Path;MU_GPGG_CO_GPGG.CoGpExit as CoGpExit&#x9;Exp;bool IsReadOnly=(CoGpExit == null)"
      IsVisible="{IsVisible}&#9;Path;MU_GPGG_CO_GPGG.CoGpExit.GridPointType.Key as key&#x9;Exp;bool IsVisible=(key == &quot;VTP&quot;)">
      <Params>
        <Param Name="HQL">select SI, SI.IdentifierValue from SubjectIdentifier SI inner join SI.Subject SU where(SI.IdentifierType.Key='EIC' or SI.IdentifierType.Key='SHIPPERCODE' or SI.IdentifierType.Key='DVGW') and SU.Id={CoSubjectId} order by SI.IdentifierValue</Param>
      </Params>
    </Field>
    <!--BTS-->
    <Field Name="CoExitSubjectIdentifier2" Caption="Exit externí" FieldType="EnumField" SelectorType="Path" Selector="CoExitSubjectIdentifier" IsRequired="false" Occupation="Line" ToolTip="Výběr exit externí"
      IsReadOnly="{IsReadOnly}&#9;Path;MU_GPGG_CO_GPGG.CoGpExit as CoGpExit&#x9;Exp;bool IsReadOnly=(CoGpExit == null)"
      IsVisible="{IsVisible}&#9;Path;MU_GPGG_CO_GPGG.CoGpExit.GridPointType.Key as key&#x9;Exp;bool IsVisible=(key == &quot;BTS&quot;)">
      <Params>
        <Param Name="HQL">select SI, SI.IdentifierValue from SubjectIdentifier SI inner join SI.Subject SU where(SI.IdentifierType.Key='SHIPPERCODE' or SI.IdentifierType.Key='DVGW') and SU.Id={CoSubjectId} order by SI.IdentifierValue</Param>
      </Params>
    </Field>
    <!--BGS-->
    <Field Name="CoExitSubjectIdentifier3" Caption="Exit externí" FieldType="EnumField" SelectorType="Path" Selector="CoExitSubjectIdentifier" IsRequired="false" Occupation="Line" ToolTip="Výběr exit externí"
      IsReadOnly="{IsReadOnly}&#9;Path;MU_GPGG_CO_GPGG.CoGpExit as CoGpExit&#x9;Exp;bool IsReadOnly=(CoGpExit == null)"
      IsVisible="{IsVisible}&#9;Path;MU_GPGG_CO_GPGG.CoGpExit.GridPointType.Key as key&#x9;Exp;bool IsVisible=(key == &quot;BGS&quot;)">
      <Params>
        <Param Name="HQL">
          select distinct SI, SI.IdentifierValue
          from AgreementCapacity AGC
          inner join AGC.SubjectIdentifier SI
          where
          (AGC.GridPointFK={CoGpExitId}) and
          (AGC.SubjectIdentifier.SubjectFK={CoSubjectId})
          order by SI.IdentifierValue
        </Param>
      </Params>
    </Field>

    <!--MuGpExit-->
    <!--VTP-->
    <Field Name="MuExitSubjectIdentifier1" Caption="Exit interní" FieldType="EnumField" SelectorType="Path" Selector="MuExitSubjectIdentifier" IsRequired="false" Occupation="Line" ToolTip="Výběr exit interní"
      IsReadOnly="{IsReadOnly}&#9;Path;MU_GPGG_CO_GPGG.MuGpExit as MuGpExit&#x9;Exp;bool IsReadOnly=(MuGpExit == null)"
      IsVisible="{IsVisible}&#9;Path;MU_GPGG_CO_GPGG.MuGpExit.GridPointType.Key as key&#x9;Exp;bool IsVisible=(key == &quot;VTP&quot;)">
      <Params>
        <Param Name="HQL">select SI, SI.IdentifierValue from SubjectIdentifier SI inner join SI.Subject SU where(SI.IdentifierType.Key='EIC' or SI.IdentifierType.Key='SHIPPERCODE' or SI.IdentifierType.Key='DVGW') and SU.Id={MuSubjectId} order by SI.IdentifierValue</Param>
      </Params>
    </Field>
    <!--BTS-->
    <Field Name="MuExitSubjectIdentifier2" Caption="Exit interní" FieldType="EnumField" SelectorType="Path" Selector="MuExitSubjectIdentifier" IsRequired="false" Occupation="Line" ToolTip="Výběr exit interní"
      IsReadOnly="{IsReadOnly}&#9;Path;MU_GPGG_CO_GPGG.MuGpExit as MuGpExit&#x9;Exp;bool IsReadOnly=(MuGpExit == null)"
      IsVisible="{IsVisible}&#9;Path;MU_GPGG_CO_GPGG.MuGpExit.GridPointType.Key as key&#x9;Exp;bool IsVisible=(key == &quot;BTS&quot;)">
      <Params>
        <Param Name="HQL">select SI, SI.IdentifierValue from SubjectIdentifier SI inner join SI.Subject SU where(SI.IdentifierType.Key='SHIPPERCODE' or SI.IdentifierType.Key='DVGW') and SU.Id={MuSubjectId} order by SI.IdentifierValue</Param>
      </Params>
    </Field>
    <!--BGS-->
    <Field Name="MuExitSubjectIdentifier3" Caption="Exit interní" FieldType="EnumField" SelectorType="Path" Selector="MuExitSubjectIdentifier" IsRequired="false" Occupation="Line" ToolTip="Výběr exit interní"
      IsReadOnly="{IsReadOnly}&#9;Path;MU_GPGG_CO_GPGG.MuGpExit as MuGpExit&#x9;Exp;bool IsReadOnly=(MuGpExit == null)"
      IsVisible="{IsVisible}&#9;Path;MU_GPGG_CO_GPGG.MuGpExit.GridPointType.Key as key&#x9;Exp;bool IsVisible=(key == &quot;BGS&quot;)">
      <Params>
        <Param Name="HQL">
          select distinct SI, SI.IdentifierValue
          from AgreementCapacity AGC
          inner join AGC.SubjectIdentifier SI
          where
          (AGC.GridPointFK={MuGpExitId}) and
          (AGC.SubjectIdentifier.SubjectFK={MuSubjectId})
          order by SI.IdentifierValue
        </Param>
      </Params>
    </Field>

    <!--CoGpEntry-->
    <!--VTP-->
    <Field Name="CoEntrySubjectIdentifier1" Caption="Entry externí" FieldType="EnumField" SelectorType="Path" Selector="CoEntrySubjectIdentifier" IsRequired="false" Occupation="Line" ToolTip="Výběr entry externí"
      IsReadOnly="{IsReadOnly}&#9;Path;MU_GPGG_CO_GPGG.CoGpEntry as CoGpEntry&#x9;Exp;bool IsReadOnly=(CoGpEntry == null)"
      IsVisible="{IsVisible}&#9;Path;MU_GPGG_CO_GPGG.CoGpEntry.GridPointType.Key as key&#x9;Exp;bool IsVisible=(key == &quot;VTP&quot;)">
      <Params>
        <Param Name="HQL">select SI, SI.IdentifierValue from SubjectIdentifier SI inner join SI.Subject SU where(SI.IdentifierType.Key='EIC' or SI.IdentifierType.Key='SHIPPERCODE' or SI.IdentifierType.Key='DVGW') and SU.Id={CoSubjectId} order by SI.IdentifierValue</Param>
      </Params>
    </Field>
    <!--BTS-->
    <Field Name="CoEntrySubjectIdentifier2" Caption="Entry externí" FieldType="EnumField" SelectorType="Path" Selector="CoEntrySubjectIdentifier" IsRequired="false" Occupation="Line" ToolTip="Výběr entry externí"
      IsReadOnly="{IsReadOnly}&#9;Path;MU_GPGG_CO_GPGG.CoGpEntry as CoGpEntry&#x9;Exp;bool IsReadOnly=(CoGpEntry == null)"
      IsVisible="{IsVisible}&#9;Path;MU_GPGG_CO_GPGG.CoGpEntry.GridPointType.Key as key&#x9;Exp;bool IsVisible=(key == &quot;BTS&quot;)">
      <Params>
        <Param Name="HQL">select SI, SI.IdentifierValue from SubjectIdentifier SI inner join SI.Subject SU where(SI.IdentifierType.Key='SHIPPERCODE' or SI.IdentifierType.Key='DVGW') and SU.Id={CoSubjectId} order by SI.IdentifierValue</Param>
      </Params>
    </Field>
    <!--BGS-->
    <Field Name="CoEntrySubjectIdentifier3" Caption="Entry externí" FieldType="EnumField" SelectorType="Path" Selector="CoEntrySubjectIdentifier" IsRequired="false" Occupation="Line" ToolTip="Výběr entry externí"
      IsReadOnly="{IsReadOnly}&#9;Path;MU_GPGG_CO_GPGG.CoGpEntry as CoGpEntry&#x9;Exp;bool IsReadOnly=(CoGpEntry == null)"
      IsVisible="{IsVisible}&#9;Path;MU_GPGG_CO_GPGG.CoGpEntry.GridPointType.Key as key&#x9;Exp;bool IsVisible=(key == &quot;BGS&quot;)">
      <Params>
        <Param Name="HQL">
          select distinct SI, SI.IdentifierValue
          from AgreementCapacity AGC
          inner join AGC.SubjectIdentifier SI
          where
          (AGC.GridPointFK={CoGpEntryId}) and
          (AGC.SubjectIdentifier.SubjectFK={CoSubjectId})
          order by SI.IdentifierValue
        </Param>
      </Params>
    </Field>
    
    <Field Name="NomBalance" Caption="Saldovat" FieldType="BoolField" SelectorType="Path" Selector="NomBalance" IsRequired="true" Occupation="Line" Default="true"/>
  </FieldSection>
  
</Form>