﻿<?xml version="1.0" encoding="utf-8"?>
<Form Type="Entity" Caption="Komodita a subkomodita" WindowCaption="Komodita a subkomodita" ProgId="EGCore.EGBaseBehavior,EGCore" EntityType="Enif.EDA.ETRM.Entities.MU_Commodity,EnifETRMCommon" IsReadOnly="False" Scale="1" ValidationLevel="0" CanDelete="None">
  <FieldSection Name="Detail" Caption="Detail" Columns="1">
    <Columns />
    <Field Name="Id" Caption="ID" Selector="Id" SelectorType="Path" FieldType="Text" IsReadOnly="True"/>
    <Field Name="Active" Caption="Aktivní" FieldType="BoolField" SelectorType="Path" Selector="Active" IsRequired="true" Occupation="Line" Default="true" IsReadOnly="{IsReadOnly}&#x9;Exp;bool IsReadOnly=!(RoleExp(&quot;ETRM_MDM_MU_Settings&quot;))" />
    <Field Name="Commodity_Caption" Caption="Komodita/subkomodita" FieldType="Entity" SelectorType="Path" Selector="Commodity" IsRequired="true" Occupation="Line" IsReadOnly="true">
      <DetailsButton IsVisible="True" Form="egeCommodityETrade" UnionTransaction="True" Target="@Window" />
      <SelectButton IsVisible="False" Form="eggCommodityETrade" UnionTransaction="True" Target="@Window" Mode="Single" />
      <NewButton IsVisible="False" UnionTransaction="True" />
      <Params>
        <Param Name="Format">{Name}</Param>
        <Param Name="Arguments">
          <Param Name="Path;Caption as Name" />
        </Param>
        <Param Name="DeleteButton">False</Param>
      </Params>
    </Field>
    <Field Name="Commodity_BaseCommodity_ShortCaption" Caption="Hlavní komodita" Selector="Commodity.BaseCommodity.ShortCaption" SelectorType="Path" FieldType="Text" IsReadOnly="True"/>
    <Field Name="GUIBuyConst" Caption="Nákup - znaménko uložení" Selector="1" SelectorType="Const" FieldType="Text" IsReadOnly="True"/>
    <Field Name="GUISellConst" Caption="Prodej - znaménko uložení" Selector="-1" SelectorType="Const" FieldType="Text" IsReadOnly="True"/>
    <Field Name="SignGUIBuy" Caption="GUI nákup" Selector="SignGUIBuy" SelectorType="Path" FieldType="Text" IsReadOnly="True"/>
    <Field Name="SignGUISell" Caption="GUI prodej" Selector="SignGUISell" SelectorType="Path" FieldType="Text" IsReadOnly="True"/>
    <Field Name="SignAggBuy" Caption="Agr.nákup" Selector="SignAggBuy" SelectorType="Path" FieldType="Text" IsReadOnly="True"/>
    <Field Name="SignAggSell" Caption="Agr.prodej" Selector="SignAggSell" SelectorType="Path" FieldType="Text" IsReadOnly="True"/>
    <Field Name="SignAggSaldo" Caption="Agr.saldo" Selector="SignAggSaldo" SelectorType="Path" FieldType="Text" IsReadOnly="True"/>
  </FieldSection>
  <FieldSection Name="Description" Caption="Popis" Collapsed="true">
    <Field Name="Description" Caption="Popis" FieldType="Text" SelectorType="Path" Selector="Note" Occupation="CaptionBlock"
            IsReadOnly="{IsReadOnly}&#x9;Exp;bool IsReadOnly=!(RoleExp(&quot;ETRM_MDM_MU_Settings&quot;))" >
      <Params>
        <Param Name="Multiline">True</Param>
        <Param Name="TextWrapping">Wrap</Param>
      </Params>
    </Field>
  </FieldSection>
  
</Form>