﻿<?xml version="1.0" encoding="utf-8"?>
<Form Type="Entity" Caption="Trh" WindowCaption="Trh" ProgId="Enif.EDA.ETRM.Gui.Behaviors.egeMarket,EnifETRMGui" EntityType="Enif.EDA.ETRM.Entities.Market,EnifETRMCommon" Scale="1.1" ValidationLevel="0" CanDelete="None"
			IsReadOnly="{IsReadOnly}&#x9;Exp;bool IsReadOnly=!(RoleExp(&quot;ETRM_MDM_Market_Admin&quot;) || RoleExp(&quot;ETRM_MDM_Market_Settings&quot;))" >
	<Params>
		<Param Name="PropagatedParams">
			<!-- filtrovanie eggMarketGPDTDDTAssign podla MarketId -->
			<!-- kontext otvorenia egeMarketCharge -->
			<!-- NotSpecified - možnosť vybrať zo všetkých dostupných Marketov, alebo Id predvybraného Marketu -->
			<Param Name="MarketId" Value="" />
			<!-- kontext otvorenia egeMarketCharge -->
			<Param Name="IsMarketReadOnly" Value="True" />
		</Param>
	</Params>
	<FieldSection Name="MarketDetail" Caption="Detail trhu" Columns="1">
		<Columns />
		<Field Name="Active" Caption="Aktivní" FieldType="BoolField" SelectorType="Path" Selector="Active" IsRequired="true" Occupation="Line" Default="true" />
		<Field Name="Id" Caption="Id" FieldType="Integer" SelectorType="Path" Selector="Id" IsReadOnly="true" IsRequired="False" Occupation="Line" />
		<!-- fake field pre PropagatedParams -->
		<Field Name="MarketId" Caption="MarketId" FieldType="Integer" SelectorType="Path" Selector="Id" IsVisible="false" IsEnabled="True" IsReadOnly="True" Occupation="Line" />
		<Field Name="Caption" Caption="Název" FieldType="Text" SelectorType="Path" Selector="Caption" IsVisible="true" IsEnabled="true" IsRequired="true" IsReactive="True" Occupation="Line" ValidationLevel="0" Column="0" Colspan="1" Rowspan="1" Ratio="22:26" IsBinded="true"
						IsReadOnly="{IsReadOnly}&#x9;Exp;bool IsReadOnly=!(RoleExp(&quot;ETRM_MDM_Market_Admin&quot;))" />
		<Field Name="Key" Caption="Klíč" FieldType="Text" SelectorType="Path" Selector="Key" IsVisible="true" IsEnabled="true" IsRequired="true" IsReactive="True" Occupation="Line" ValidationLevel="0" Column="0" Colspan="1" Rowspan="1" Ratio="22:26" IsBinded="true"
						IsReadOnly="{IsReadOnly}&#x9;Exp;bool IsReadOnly=!(RoleExp(&quot;ETRM_MDM_Market_Admin&quot;))" />
		<Field Name="Commodity" Caption="Komodita" FieldType="EnumField" SelectorType="Path" Selector="Commodity" IsVisible="True" IsEnabled="True" IsRequired="True" Occupation="Line" ValidationLevel="0"
						IsReadOnly="{IsReadOnly}&#x9;Exp;bool IsReadOnly=!(RoleExp(&quot;ETRM_MDM_Market_Admin&quot;))" >
			<Params>
				<Param Name="HQL">SELECT C, C.ShortCaption from CommodityETrade C where C.Active=true and C.BaseCommodity is null</Param>
			</Params>
		</Field>
		<Field Name="Sleeve" Caption="Obchody typu sleeve" FieldType="BoolField" SelectorType="Path" Selector="HasSleeveDeals" IsRequired="true" Occupation="Line" Default="false"
						IsReadOnly="{IsReadOnly}&#x9;Exp;bool IsReadOnly=!(RoleExp(&quot;ETRM_MDM_Market_Settings&quot;))" />
		<Field Name="TimeZone" Caption="Časová zóna" FieldType="EnumField" SelectorType="Path" Selector="TimeZone" IsRequired="true" Occupation="Line"
						IsReadOnly="{IsReadOnly}&#x9;Exp;bool IsReadOnly=!(RoleExp(&quot;ETRM_MDM_Market_Admin&quot;))">
			<Params>
				<Param Name="HQL">SELECT T, ShortCaption FROM TimeZoneETrade T where T.Active = 1</Param>
			</Params>
		</Field>
		<Field Name="Sample" Caption="Vzorek" FieldType="EnumField" SelectorType="Path" Selector="Sample" IsRequired="true" Occupation="Line"
					IsReadOnly="{IsReadOnly}&#x9;Exp;bool IsReadOnly=!(RoleExp(&quot;ETRM_MDM_Market_Admin&quot;))">
			<Params>
				<Param Name="HQL">SELECT T, T.ShortCaption FROM SampleETrade T where T.Active = 1</Param>
			</Params>
		</Field>
		<Field Name="ExternalId" Caption="Externí ID" FieldType="Text" SelectorType="Path" Selector="ExternalId" IsVisible="true" IsEnabled="true" IsRequired="false" IsReactive="True" Occupation="Line" ValidationLevel="0" Column="0" Colspan="1" Rowspan="1" Ratio="22:26" IsBinded="true" />
	</FieldSection>
	<FieldSection Name="Description" Caption="Popis" Collapsed="true" Columns="1">
		<Field Name="Description" Caption="Popis" FieldType="Text" SelectorType="Path" Selector="Description" ToolTip="Popis" Occupation="CaptionBlock" IsRequired="false">
			<Params>
				<Param Name="Multiline">True</Param>
				<Param Name="TextWrapping">Wrap</Param>
			</Params>
		</Field>
	</FieldSection>
	<FieldSection Name="Currencies" Caption="Měny trhu" Collapsed="true" Columns="1">
		<Field Name="DefaultCurrency" Caption="Výchozí měna trhu" FieldType="EnumField" SelectorType="Path" Selector="DefaultCurr" IsVisible="True" IsEnabled="True" IsRequired="True" Occupation="Line" ValidationLevel="0">
			<Params>
				<!-- Combo sa plní z behaviour! HQL totiž nevidí neuložené zmeny -->
				<Param Name="HQL">SELECT C, C.ShortCaption from CurrencyETrade C where C.Active=true</Param>
			</Params>
		</Field>
		<Columns />
		<Field Name="bagMarketCurrency" Caption="Měny trhu" FieldType="Grid" SelectorType="Path" Selector="bagMarketCurrency" IsRequired="False" Occupation="Block" DeleteMode="Multi">
			<DetailsButton IsVisible="True" Form="egeCurrencyETrade" Selector="Currency" SelectorType="Path" UnionTransaction="True" />
			<SelectButton IsVisible="True" Form="eggCurrencyETrade" UnionTransaction="True" Mode="Multi"/>
			<NewButton IsVisible="False" UnionTransaction="True" />
			<Params>
				<Param Name="BagItemProgId">Enif.EDA.ETRM.Entities.MarketCurrency,EnifETRMCommon</Param>
				<Param Name="BagItemRefValue">Currency</Param>
				<Param Name="RefValue">Currency</Param>
				<Param Name="RefId">CurrencyFK</Param>
				<Param Name="FKValue">Market</Param>
				<Param Name="FKId">MarketFK</Param>
				<Param Name="DeleteOnRemove">True</Param>
				<Param Name="DeleteMode">Multi</Param>
				<Param Name="Order">Currency.ShortCaption</Param>
				<Param Name="Columns">
					<Param Name="Id přiřazení">
						<Param Name="Field">Id</Param>
						<Param Name="DataType">Int64</Param>
						<Param Name="Alignment">Right</Param>
						<Param Name="Width">80</Param>
					</Param>
					<Param Name="Měna">
						<Param Name="Field">Currency.ShortCaption</Param>
						<Param Name="DataType">String</Param>
						<Param Name="Alignment">Left</Param>
					</Param>
					<Param Name="Akt. měna">
						<Param Name="Field">Currency.Active</Param>
						<Param Name="DataType">Bool</Param>
						<Param Name="Alignment">Left</Param>
						<Param Name="Width">80</Param>
					</Param>
				</Param>
				<Param Name="PropagatedParams">
					<Param Name="IsActive" Value="1" />
				</Param>
			</Params>
		</Field>
	</FieldSection>
	<FieldSection Name="bagMarketProduct" Caption="Produkty trhu" Collapsed="true">
		<Field Name="DefaultProduct" Caption="Výchozí produkt trhu" FieldType="EnumField" SelectorType="Path" Selector="DefaultProd" IsVisible="True" IsEnabled="True" IsRequired="True" Occupation="Line" ValidationLevel="0">
			<!--<Params>
				--><!-- Combo sa plní z behaviour! HQL totiž nevidí neuložené zmeny --><!--
				<Param Name="HQL">SELECT P, P.Name from ProductETrade P where P.Active=true</Param>
			</Params>-->
		</Field>
		<Columns />
		<Field Name="bagMarketProduct" Caption="Produkty" FieldType="Grid" SelectorType="Path" Selector="bagMarketProduct" Occupation="Block" Height="10" MaxHeight="99">
			<DetailsButton IsVisible="True" Form="egeProductETrade" Selector="Product" SelectorType="Path" UnionTransaction="True" />
			<SelectButton IsVisible="True" Form="eggProductETrade" UnionTransaction="True" Mode="Multi" />
			<NewButton IsVisible="False" UnionTransaction="True" />
			<Params>
				<Param Name="BagItemProgId">Enif.EDA.ETRM.Entities.MarketProduct,EnifETRMCommon</Param>
				<Param Name="BagItemRefValue">Product</Param>
				<Param Name="RefValue">Product</Param>
				<Param Name="RefId">ProductFK</Param>
				<Param Name="FKValue">Market</Param>
				<Param Name="FKId">MarketFK</Param>
				<Param Name="DeleteOnRemove">True</Param>
				<Param Name="Order">Product.Name</Param>
				<Param Name="DeleteMode">Multi</Param>
				<Param Name="Columns">
					<Param Name="Id přiřazení">
						<Param Name="Field">Id</Param>
						<Param Name="DataType">Int64</Param>
						<Param Name="Alignment">Right</Param>
						<Param Name="Width">80</Param>
					</Param>
					<Param Name="Název">
						<Param Name="Field">Product.Name</Param>
						<Param Name="DataType">String</Param>
						<Param Name="Alignment">Left</Param>
					</Param>
					<Param Name="Akt. prod.">
						<Param Name="Field">Product.Active</Param>
						<Param Name="DataType">Boolean</Param>
						<Param Name="Alignment">Left</Param>
						<Param Name="Width">80</Param>
					</Param>
				</Param>
			</Params>
		</Field>
	</FieldSection>
	<FieldSection Name="GridPoints" Caption="Body trhu" Collapsed="true" Columns="1">
		<Columns />
		<Field Name="MarketsGridPoint" Caption="Body trhu" FieldType="Grid" SelectorType="Path" Selector="bagMarketGridPoint" IsRequired="False" Occupation="Block" Height="10" MaxHeight="99"
						IsReadOnly="{IsReadOnly}&#x9;Exp;bool IsReadOnly=!RoleExp(&quot;ETRM_MDM_Market_Admin&quot;)">
			<DetailsButton IsVisible="False" />
			<SelectButton IsVisible="True" Form="eggGridPoint" UnionTransaction="True" />
			<NewButton IsVisible="False" UnionTransaction="True" />
			<Params>
				<Param Name="BagItemProgId">Enif.EDA.ETRM.Entities.Market_GridPoint,EnifETRMCommon</Param>
				<Param Name="BagItemRefValue">GridPoint</Param>
				<Param Name="RefValue">GridPoint</Param>
				<Param Name="RefId">GridPointFK</Param>
				<Param Name="FKValue">Market</Param>
				<Param Name="FKId">MarketFK</Param>
				<Param Name="Order">GridPoint.Caption</Param>
				<Param Name="DeleteMode">Multi</Param>
				<Param Name="DeleteOnRemove">True</Param>
				<Param Name="DeleteButton">
					<Param Name="EntityDelegates">
						<Param Name="Destroy_Gui"></Param>
					</Param>
				</Param>
				<Param Name="Columns">
					<Param Name="Akt.">
						<Param Name="Field">Active</Param>
						<Param Name="DataType">Boolean</Param>
						<Param Name="Alignment">Left</Param>
						<Param Name="Width">40</Param>
					</Param>
					<Param Name="Id přiřazení">
						<Param Name="Field">Id</Param>
						<Param Name="DataType">Int64</Param>
						<Param Name="Alignment">Right</Param>
						<Param Name="Width">80</Param>
					</Param>
					<Param Name="Orientovaný bod sítě">
						<Param Name="Field">GridPoint.Caption</Param>
						<Param Name="DataType">String</Param>
						<Param Name="Alignment">Left</Param>
					</Param>
					<Param Name="Směr">
						<Param Name="Field">GridPoint.IOType.ShortCaption</Param>
						<Param Name="DataType">String</Param>
						<Param Name="Alignment">Left</Param>
						<Param Name="Width">80</Param>
					</Param>
					<Param Name="Akt. bod">
						<Param Name="Field">GridPoint.Active</Param>
						<Param Name="DataType">Boolean</Param>
						<Param Name="Alignment">Left</Param>
						<Param Name="Width">60</Param>
					</Param>
				</Param>
			</Params>
		</Field>
	</FieldSection>
	<FieldSection Name="MarketDealType" Caption="Typy obchodů" Collapsed="true" Columns="1">
		<Columns />
		<Field Name="MarketsDealType" Caption="Typy obchodů" FieldType="Grid" SelectorType="Path" Selector="bagMarketDealType" IsRequired="False" Occupation="Block"
						IsReadOnly="{IsReadOnly}&#x9;Exp;bool IsReadOnly=!RoleExp(&quot;ETRM_MDM_Market_Admin&quot;)">
			<DetailsButton IsVisible="False" />
			<SelectButton IsVisible="True" Form="eggDealType" UnionTransaction="True" Mode="Multi"/>
			<NewButton IsVisible="False" UnionTransaction="True" />
			<Params>
				<Param Name="BagItemProgId">Enif.EDA.ETRM.Entities.Market_DealType,EnifETRMCommon</Param>
				<Param Name="BagItemRefValue">DealType</Param>
				<Param Name="RefValue">DealType</Param>
				<Param Name="RefId">DealTypeFK</Param>
				<Param Name="FKValue">Market</Param>
				<Param Name="FKId">MarketFK</Param>
				<Param Name="DeleteMode">Multi</Param>
				<Param Name="DeleteOnRemove">True</Param>
				<Param Name="Order">DealType.ShortCaption</Param>
				<Param Name="Columns">
					<Param Name="Id přiřazení">
						<Param Name="Field">Id</Param>
						<Param Name="DataType">Int64</Param>
						<Param Name="Alignment">Right</Param>
						<Param Name="Width">80</Param>
					</Param>
					<Param Name="Typ obchodu">
						<Param Name="Field">DealType.ShortCaption</Param>
						<Param Name="DataType">String</Param>
						<Param Name="Alignment">Left</Param>
					</Param>
					<Param Name="Akt. typ">
						<Param Name="Field">DealType.Active</Param>
						<Param Name="DataType">Boolean</Param>
						<Param Name="Alignment">Left</Param>
						<Param Name="Width">60</Param>
					</Param>
					<Param Name="Komodita">
						<Param Name="Field">DealType.Commodity.ShortCaption</Param>
						<Param Name="DataType">String</Param>
						<Param Name="Alignment">Left</Param>
					</Param>
					<Param Name="Akt. kom.">
						<Param Name="Field">DealType.Commodity.Active</Param>
						<Param Name="DataType">Boolean</Param>
						<Param Name="Alignment">Left</Param>
						<Param Name="Width">80</Param>
					</Param>
				</Param>
			</Params>
		</Field>
	</FieldSection>
	<FieldSection Name="MarketDealDirectionType" Caption="Směry obchodů na bodech" Collapsed="true" Columns="1">
		<Columns />
		<Field Name="MarketsDealDirectionType" Caption="Směry obchodů na bodech" FieldType="Grid" SelectorType="Path" Selector="bagMarket_GP_DT_DDT" IsRequired="False" Occupation="Block" Height="10" MaxHeight="99"
						IsReadOnly="{IsReadOnly}&#x9;Exp;bool IsReadOnly=!RoleExp(&quot;ETRM_MDM_Market_Admin&quot;)">
			<SelectButton IsVisible="False" UnionTransaction="True" />
			<NewButton IsVisible="False" UnionTransaction="True" />
			<Params>
				<Param Name="BagItemProgId">Enif.EDA.ETRM.Entities.Market_GP_DT_DDT,EnifETRMCommon</Param>
				<Param Name="BagItemRefValue">DealType</Param>
				<Param Name="RefValue">DealType</Param>
				<Param Name="RefId">DealTypeFK</Param>
				<Param Name="FKValue">Market</Param>
				<Param Name="FKId">MarketFK</Param>
				<Param Name="DeleteMode">Multi</Param>
				<Param Name="DeleteOnRemove">True</Param>
				<Param Name="Buttons">
					<Param Name="btnAssign" Value="Přidat přiřazení">
						<Param Name="Form" Value="eggMarketGPDTDDTAssign"/>
						<Param Name="Target" Value="@Window"/>
						<Param Name="Tooltip" Value="Otevře seznam směrů obchodů na bodech"/>
						<Param Name="IsVisible" Value="{IsVisible}&#x9;Exp;bool IsVisible=RoleExp(&quot;ETRM_MDM_Market_Admin&quot;)"/>
					</Param>
				</Param>
				<Param Name="Order">DealType.ShortCaption,GridPoint.Caption,GridPoint.IOType.ShortCaption,DealDirectionType.ShortCaption</Param>
				<Param Name="Columns">
					<Param Name="Id přiřazení">
						<Param Name="Field">Id</Param>
						<Param Name="DataType">Int64</Param>
						<Param Name="Alignment">Right</Param>
						<Param Name="Width">80</Param>
					</Param>
					<Param Name="Typ obchodu">
						<Param Name="Field">DealType.ShortCaption</Param>
						<Param Name="DataType">String</Param>
						<Param Name="Alignment">Left</Param>
					</Param>
					<Param Name="Bod">
						<Param Name="Field">GridPoint.Caption</Param>
						<Param Name="DataType">String</Param>
						<Param Name="Alignment">Left</Param>
					</Param>
					<Param Name="Směr bodu">
						<Param Name="Field">GridPoint.IOType.ShortCaption</Param>
						<Param Name="DataType">String</Param>
						<Param Name="Alignment">Left</Param>
					</Param>
					<Param Name="Směr obchodu">
						<Param Name="Field">DealDirectionType.ShortCaption</Param>
						<Param Name="DataType">String</Param>
						<Param Name="Alignment">Left</Param>
					</Param>
				</Param>
			</Params>
		</Field>
	</FieldSection>
	<FieldSection Name="Charges" Caption="Poplatky trhu" Collapsed="true" Columns="1">
		<Field Name="HasReqChargeSelect" Caption="Povinný výběr poplatku" FieldType="BoolField" SelectorType="Path" Selector="HasReqChargeSelect" IsRequired="true" Occupation="Line" Default="false"/>
		<Columns />
		<Field Name="MarketsCharges" Caption="Poplatky trhu" FieldType="Grid" SelectorType="Path" Selector="bagMarketCharge" IsRequired="False" Occupation="Block" IsReactive="True" Height="10" MaxHeight="99">
			<DetailsButton IsVisible="True" Form="egeMarketCharge"  SelectorType="Path" UnionTransaction="True" />
			<SelectButton IsVisible="False" UnionTransaction="True" />
			<NewButton IsVisible="True" Form="egeMarketCharge" UnionTransaction="True" />
			<Params>
				<Param Name="Order">Caption</Param>
				<Param Name="DeleteMode">Multi</Param>
				<Param Name="DeleteOnRemove">True</Param>
				<Param Name="DeleteButton">
					<Param Name="RightsAdapters">
						<Param Name="Enif.EDA.ETRM.Validators.MarketChargeDeleteValidator,EnifETRMCommon"/>
					</Param>
				</Param>
				<Param Name="Columns">
					<Param Name="Akt.">
						<Param Name="Field">Active</Param>
						<Param Name="DataType">Boolean</Param>
						<Param Name="Alignment">Left</Param>
						<Param Name="Width">60</Param>
					</Param>
					<Param Name="Id přiřazení">
						<Param Name="Field">Id</Param>
						<Param Name="DataType">Int64</Param>
						<Param Name="Alignment">Right</Param>
						<Param Name="Width">80</Param>
					</Param>
					<Param Name="Název">
						<Param Name="Field">Caption</Param>
						<Param Name="DataType">String</Param>
						<Param Name="Alignment">Left</Param>
					</Param>
					<Param Name="Obchodní jednotka">
						<Param Name="Field">MarketUnit.Subject.Company.Name</Param>
						<Param Name="DataType">String</Param>
						<Param Name="Alignment">Left</Param>
						<Param Name="Width">200</Param>
					</Param>
				</Param>
			</Params>
		</Field>
	</FieldSection>
	
</Form>