﻿<?xml version="1.0" encoding="utf-8"?>
<Form Type="Entity" Caption="Protistrana" WindowCaption="Protistrana" ProgId="EGCore.EGBaseBehavior,EGCore" EntityType="Enif.EDA.ETRM.Entities.MU_Market_Coparty,EnifETRMCommon" IsReadOnly="False" Scale="1" ValidationLevel="0" CanDelete="None">
  <FieldSection Name="Detail" Caption="Detail" Columns="1">
    <Columns />
    <Field Name="Id" Caption="Id" FieldType="Number" SelectorType="Path" Selector="Id" IsReadOnly="true" IsRequired="false" Occupation="Line" />
    <Field Name="Subject" Caption="Subjekt" FieldType="Entity" SelectorType="Path" Selector="Subject" IsRequired="true" Occupation="Line">
      <DetailsButton IsVisible="true" Form="GE.egeSubject" UnionTransaction="True" />
      <SelectButton IsVisible="True" Form="GE.eggSubject" UnionTransaction="True" Mode="Single" />
      <Params>
        <Param Name="Format">{Caption}</Param>
        <Param Name="Arguments">
          <Param Name="Path;Company.Name as Caption" />
        </Param>
      </Params>
    </Field>
    <Field Name="MUMarketGrid" Caption="OJ na trhu v síti" FieldType="Entity" SelectorType="Path" Selector="MUMarketGrid" IsRequired="false" Occupation="Line">
      <DetailsButton IsVisible="true" Form="egeMUMarketGrid" UnionTransaction="True" />
      <SelectButton IsVisible="True" Form="eggMUMarketGrid" UnionTransaction="True" Mode="Single" />
      <Params>
        <Param Name="Format">{Caption}</Param>
        <Param Name="Arguments">
          <Param Name="Path;Grid.Grid.Caption as Caption" />
        </Param>
      </Params>
    </Field>
    <Field Name="MarketUnit" Caption="Obchodní jednotka" FieldType="Entity" SelectorType="Path" Selector="MUMarketGrid.MarketUnit" IsReadOnly="true" IsRequired="false" Occupation="Line">
      <DetailsButton IsVisible="true" Form="egeMarketUnit" UnionTransaction="True" />
      <Params>
        <Param Name="Format">{Caption}</Param>
        <Param Name="Arguments">
          <Param Name="Path;Subject.Company.Name as Caption" />
        </Param>
      </Params>
    </Field>
  </FieldSection>
  
</Form>