﻿<?xml version="1.0" encoding="utf-8"?>
<Form Type="Entity" EntityType="Enif.EDA.ETRM.Entities.MU_GP_Cop_SubjectID,EnifETRMCommon" ProgId="Enif.EDA.ETRM.Gui.Behaviors.egeMU_GP_Cop_SubjectID,EnifETRMGui" Caption="Identifikátor protistrany na bodě" Scale="1.2"
      IsReadOnly="{IsReadOnly}&#x9;Exp;bool IsReadOnly=!(RoleExp(&quot;ETRM_MDM_MarketParty_IDs_Settings&quot;))">
	<FieldSection Name="Detail" Caption="Detail">
    <Field Name="FakeCopSubject" Caption="Subject" FieldType="Entity" SelectorType="Path" Selector="MU_GridPoint_Coparty.Coparty.Subject" IsReadOnly="true" IsRequired="false" IsVisible="False" />
		<Field Name="Id" Caption="Id" FieldType="Integer" SelectorType="Path" Selector="Id" IsReadOnly="true" IsRequired="false" Occupation="Line" />
    <Field Name="Identifier" Caption="Identifikátor" FieldType="EnumField" SelectorType="Path" Selector="SubjectIdentifier" IsRequired="True" Occupation="Line">
      <Params>
        <Param Name="HQL">select s, s.IdentifierValue from SubjectIdentifier as s where s.Subject = {FakeCopSubject} order by s.IdentifierValue</Param>
      </Params>
    </Field>
    <Field Name="NomBalance" Caption="Saldo" Selector="NomBalance" SelectorType="Path" FieldType="BoolField" Default="False" IsRequired="True" />
    <Field Name="ValidFrom" Caption="Platnost od" FieldType="DateTime" SelectorType="Path" Selector="ValidFrom" Occupation="Line" IsRequired="True" IsReadOnly="False">
      <Params>
        <Param Name="Mode">Date</Param>
        <Param Name="CalendarButtons">
          <Param Name="Neomezené">[ -inf]</Param>
        </Param>
      </Params>
    </Field>
    <Field Name="ValidToInc" Caption="Platnost do" FieldType="DateTime" SelectorType="Path" Selector="ValidToInc" Occupation="Line" IsRequired="True" IsReadOnly="False">
      <Params>
        <Param Name="Mode">Date</Param>
        <Param Name="CalendarButtons">
          <Param Name="Neomezené">[ +inf]</Param>
        </Param>
      </Params>
    </Field>
	</FieldSection>
</Form>