﻿<?xml version="1.0" encoding="utf-8"?>
<Form Type="Entity" Caption="OJ na síti" WindowCaption="OJ na síti" ProgId="EGCore.EGBaseBehavior,EGCore" EntityType="Enif.EDA.ETRM.Entities.MU_Grid,EnifETRMCommon" IsReadOnly="False" Scale="1" ValidationLevel="0" CanDelete="None">
  <FieldSection Name="Detail" Caption="Detail" Columns="1">
    <Columns />
    <Field Name="Id" Caption="Id" FieldType="Number" SelectorType="Path" Selector="Id" IsReadOnly="true" IsRequired="false" Occupation="Line" />
    <Field Name="MarketUnit" Caption="Obchodní jednotka" FieldType="Entity" SelectorType="Path" Selector="MarketUnit" IsRequired="true" Occupation="Line">
      <DetailsButton IsVisible="true" Form="egeMarketUnit" UnionTransaction="True" />
      <SelectButton IsVisible="True" Form="eggMarketUnit" UnionTransaction="True" Mode="Single" />
      <Params>
        <Param Name="Format">{Caption}</Param>
        <Param Name="Arguments">
          <Param Name="Path;Subject.Company.Name as Caption" />
        </Param>
      </Params>
    </Field>
    <Field Name="Grid" Caption="Síť" FieldType="Entity" SelectorType="Path" Selector="Grid" IsRequired="true" Occupation="Line">
      <DetailsButton IsVisible="true" Form="egeGridETrade" UnionTransaction="True" />
      <SelectButton IsVisible="True" Form="eggGridETrade" UnionTransaction="True" Mode="Single" />
      <Params>
        <Param Name="Format">{Caption}</Param>
        <Param Name="Arguments">
          <Param Name="Path;Grid.Caption as Caption" />
        </Param>
      </Params>
    </Field>
    <Field Name="BZ" Caption="Bilanční zóna" FieldType="Entity" SelectorType="Path" Selector="MUBZ" IsRequired="true" Occupation="Line">
      <DetailsButton IsVisible="true" Form="egeMUBZ" UnionTransaction="True" />
      <SelectButton IsVisible="True" Form="eggMUBZ" UnionTransaction="True" Mode="Single" />
      <Params>
        <Param Name="Format">{Caption}</Param>
        <Param Name="Arguments">
          <Param Name="Path;BalanceZone.Caption as Caption" />
        </Param>
      </Params>
    </Field>
  </FieldSection>
  
</Form>