﻿<?xml version="1.0" encoding="utf-8"?>
<Form Type="Entity" Caption="Trh, OJ a síť" WindowCaption="Trh, OJ a síť" ProgId="EGCore.EGBaseBehavior,EGCore" EntityType="Enif.EDA.ETRM.Entities.MU_Market_Grid,EnifETRMCommon" IsReadOnly="False" Scale="1" ValidationLevel="0" CanDelete="None">
  <FieldSection Name="Detail" Caption="Detail" Columns="1">
    <Field Name="Id" Caption="Id" FieldType="Number" SelectorType="Path" Selector="Id" IsReadOnly="true" IsRequired="false" Occupation="Line" />
    <Field Name="MarketUnit" Caption="Obchodní jednotka" FieldType="ShortText" SelectorType="Path" Selector="MarketUnit.Subject.Company.Name" IsReadOnly="true" IsRequired="false" Occupation="Line"/>
    <Field Name="Market" Caption="Trh" FieldType="ShortText" SelectorType="Path" Selector="Market.Caption" IsReadOnly="true" IsRequired="false" Occupation="Line"/>
    <Field Name="Grid" Caption="Síť" FieldType="Entity" SelectorType="Path" Selector="Grid" IsRequired="true" Occupation="Line">
      <SelectButton IsVisible="True" Form="eggGridETrade" UnionTransaction="True" Mode="Single" />
      <Params>
        <Param Name="Format">{Caption}</Param>
        <Param Name="Arguments">
          <Param Name="Path;Grid.Caption as Caption" />
        </Param>
      </Params>
    </Field>
  </FieldSection>

  <FieldSection Name="MarketCharges" Caption="Poplatky pro trh - síť - OJ">
    <Field Name="bagMarketCharge" Caption="Poplatky" FieldType="Grid" SelectorType="Path" Selector="bagMarketCharge" IsReadOnly="False" Occupation="Block">
      <DetailsButton IsVisible="True" Form="egeMarketCharge" UnionTransaction="True" Target="@Window" />
      <SelectButton IsVisible="False" Form="egeMarketCharge" UnionTransaction="True" Mode="Single" />
      <NewButton IsVisible="True" Form="egeMarketCharge" UnionTransaction="True" />
      <Params>
        <Param Name="Columns">
          <Param Name="SysID">
            <Param Name="Field">Id</Param>
            <!-- <Param Name="Název">
            <Param Name="Field">Caption</Param>
          </Param> -->
          </Param>
          <Param Name="Hodnota">
            <Param Name="Field">Value</Param>
          </Param>
          <Param Name="Měna">
            <Param Name="Field">Currency.Currency.Key</Param>
          </Param> 
          <Param Name="Typ">
            <Param Name="Field">ChargeType.Caption</Param>
          </Param> 
        </Param>
        <Param Name="DeleteMode">Multi</Param>
      </Params>
    </Field>
  </FieldSection>


  
</Form>