﻿<?xml version="1.0" encoding="utf-8"?>
<Form Type="Entity" ProgId="Enif.EDA.ETRM.Gui.Behaviors.egeMUConfTemplate, EnifETRMGui" EntityType="Enif.EDA.ETRM.Entities.MU_ConfTemplate,EnifETRMCommon" Caption="Šablona obchodní jednotky" WindowCaption="Šablona obchodní jednotky">
	<FieldSection Name="Vybrat">
		<Field Name="ConfTemplate" Caption="Šablona" FieldType="EnumField" SelectorType="Path" Selector="ConfTemplate" IsRequired="true" Occupation="Line" ToolTip="Výběr šablony konfirmací pro přiřazení obchodní jednotce">
			<DetailsButton IsVisible="False" Form="egeConfTemplate" UnionTransaction="True" />
			<SelectButton IsVisible="False" Form="eggConfTemplate" UnionTransaction="True" />
			<NewButton IsVisible="False" UnionTransaction="True" />
			<Params>
				<Param Name="HQL">SELECT CT, CT.Name FROM ConfTemplate CT</Param>
			</Params>
		</Field>
		<Field Name="MarketUnitName" Caption="Obchodní jednotka" FieldType="Entity" SelectorType="Path" Selector="MarketUnit" IsRequired="true" Occupation="Line" ToolTip="Obchodní jednotka šablony">
			<DetailsButton IsVisible="True" Form="egeMarketUnit" UnionTransaction="True" Target="@Window" />
			<SelectButton IsVisible="True" Form="eggMarketUnit" UnionTransaction="True" Target="@Window" Mode="Single" />
			<NewButton IsVisible="False" UnionTransaction="True" />
			<Params>
				<Param Name="Format">{Name}</Param>
				<Param Name="Arguments">
					<Param Name="Path;Subject.Company.Name as Name" />
				</Param>
				<Param Name="DeleteButton">False</Param>
			</Params>
		</Field>
	</FieldSection>
</Form>