﻿<?xml version="1.0" encoding="utf-8"?>
<Form Type="Entity" Caption="OJ ve skupině zón" WindowCaption="OJ ve skupině zón" ProgId="EGCore.EGBaseBehavior,EGCore" EntityType="Enif.EDA.ETRM.Entities.MU_BZG,EnifETRMCommon" IsReadOnly="False" Scale="1" ValidationLevel="0" CanDelete="None">
  <FieldSection Name="Detail" Caption="Detail" Columns="1">
    <Columns />
    <Field Name="Id" Caption="Id" FieldType="Number" SelectorType="Path" Selector="Id" IsReadOnly="true" IsRequired="false" Occupation="Line" />
    <Field Name="MarketUnit" Caption="Obchodní jednotka" FieldType="Entity" SelectorType="Path" Selector="MarketUnit" IsRequired="true" Occupation="Line">
      <DetailsButton IsVisible="true" Form="egeMarketUnit" UnionTransaction="True" />
      <SelectButton IsVisible="True" Form="eggMarketUnit" UnionTransaction="True" Mode="Single" />
      <Params>
        <Param Name="Format">{Caption}</Param>
        <Param Name="Arguments">
          <Param Name="Path;Subject.Company.Name as Caption" />
        </Param>
      </Params>
    </Field>
    <Field Name="BZG" Caption="Skupina zón" FieldType="Entity" SelectorType="Path" Selector="BalanceZoneGroup" IsRequired="true" Occupation="Line">
      <DetailsButton IsVisible="true" Form="egeBalanceZoneGroup" UnionTransaction="True" />
      <SelectButton IsVisible="True" Form="eggBalanceZoneGroup" UnionTransaction="True" Mode="Single" />
      <Params>
        <Param Name="Format">{Caption}</Param>
        <Param Name="Arguments">
          <Param Name="Path;Caption as Caption" />
        </Param>
      </Params>
    </Field>
  </FieldSection>
  
</Form>