﻿<?xml version="1.0" encoding="utf-8"?>
<Form Type="Entity" EntityType="Enif.EDA.ETRM.Entities.MU_GridPoint_Coparty,EnifETRMCommon" ProgId="Enif.EDA.ETRM.Gui.Behaviors.egeMU_GridPoint_Coparty,EnifETRMGui" Caption="Identifikátory protistran na bodech" WindowCaption="Identifikátory protistran na bodech" ValidationLevel="0" Scale="1.2"
      IsReadOnly="{IsReadOnly}&#x9;Exp;bool IsReadOnly=!(RoleExp(&quot;ETRM_MDM_MarketParty_IDs_Settings&quot;))">
	<FieldSection Name="CopartyGridPoint" Caption="Protistrana na bodu">
    <Field Name="MarketUnit" Caption="Obchodní jednotka" FieldType="EnumField" SelectorType="Path" Selector="MarketUnit" Occupation="Line"
						IsReadOnly="{IsReadOnly}&#x9;Path;bagMU_GP_Coparty_SubjectID.Count as SubjectIDsCount&#x9;Exp;bool IsReadOnly=SubjectIDsCount &gt; 0"
            IsRequired="{IsRequired}&#x9;Path;bagMU_GP_Coparty_SubjectID.Count as SubjectIDsCount&#x9;Exp;bool IsRequired=SubjectIDsCount == 0"
            IsEnabled="{IsEnabled}&#x9;Path;bagMU_GP_Coparty_SubjectID.Count as SubjectIDsCount&#x9;Exp;bool IsEnabled=SubjectIDsCount == 0">
      <Params>
        <Param Name="HQL">select m, m.Subject.Company.Name from MarketUnit as m where m.Active=1 order by m.Subject.Company.Name</Param>
      </Params>
    </Field>
    <Field Name="CopartyETrade" Caption="Protistrana" FieldType="EnumField" SelectorType="Path" Selector="Coparty" Occupation="Line"
						IsReadOnly="{IsReadOnly}&#x9;Path;bagMU_GP_Coparty_SubjectID.Count as SubjectIDsCount&#x9;Exp;bool IsReadOnly=SubjectIDsCount &gt; 0"
            IsRequired="{IsRequired}&#x9;Path;bagMU_GP_Coparty_SubjectID.Count as SubjectIDsCount&#x9;Exp;bool IsRequired=SubjectIDsCount == 0"
            IsEnabled="{IsEnabled}&#x9;Path;bagMU_GP_Coparty_SubjectID.Count as SubjectIDsCount&#x9;Exp;bool IsEnabled=SubjectIDsCount == 0">
      <Params>
        <Param Name="HQL">select m, m.Subject.Company.Name from CopartyETrade as m where m.Active=1 order by m.Subject.Company.Name</Param>
      </Params>
    </Field>
    <Field Name="GridPoint" Caption="Bod sítě" FieldType="EnumField" SelectorType="Path" Selector="GridPoint" Occupation="Line"
						IsReadOnly="{IsReadOnly}&#x9;Path;bagMU_GP_Coparty_SubjectID.Count as SubjectIDsCount&#x9;Exp;bool IsReadOnly=SubjectIDsCount &gt; 0"
            IsRequired="{IsRequired}&#x9;Path;bagMU_GP_Coparty_SubjectID.Count as SubjectIDsCount&#x9;Exp;bool IsRequired=SubjectIDsCount == 0"
            IsEnabled="{IsEnabled}&#x9;Path;bagMU_GP_Coparty_SubjectID.Count as SubjectIDsCount&#x9;Exp;bool IsEnabled=SubjectIDsCount == 0">
      <Params>
        <Param Name="HQL">
select gp, Concat(gp.Caption, Concat(' (', Concat(gp.IOType.ShortCaption, ')')))
from GridPoint as gp
where gp.Active=true and not exists (from MU_GridPoint_Coparty as a where a.GridPoint=gp and a.MarketUnit={MarketUnit} and a.Coparty={CopartyETrade} and a.Id != {0})
order by gp.Caption asc</Param>
      </Params>
    </Field> 
	</FieldSection>
  <FieldSection Caption="Identifikátory">
    <Field Name="Identifiers" Caption="Identifikátory" FieldType="Grid" SelectorType="Path" Selector="bagMU_GP_Coparty_SubjectID" Occupation="Block" Height="10" MaxHeight="99" 
            IsReadOnly="false">
      <DetailsButton Form="egeMU_GP_Cop_SubjectID" UnionTransaction="True" IsVisible="True" />
      <SelectButton  Form="egeMU_GP_Cop_SubjectID" UnionTransaction="True" IsVisible="True" />
      <NewButton IsVisible="False" UnionTransaction="True" />
      <Params>
        <Param Name="Order">IdentifierValue</Param>
        <Param Name="DeleteMode">Multi</Param>
        <Param Name="AskOnDelete">Opravdu smazat?</Param>
        <Param Name="DeleteButton">
          <Param Name="EntityDelegates">
            <Param Name="Destroy_Gui"></Param>
          </Param>
				</Param>
        <Param Name="Columns">
          <Param Name="Identifikátor">
            <Param Name="Field">SubjectIdentifier.IdentifierValue</Param>
            <Param Name="Width">100*</Param>
          </Param>
          <Param Name="Platnost od">
            <Param Name="Field">ValidFrom</Param>
            <Param Name="DataType">DateTime</Param>
            <Param Name="Format">{0:d.M.yyyy}</Param>
            <Param Name="Alignment">Right</Param>
            <Param Name="Width">80</Param>
          </Param>
          <Param Name="Platnost do">
            <Param Name="Field">ValidToInc</Param>
            <Param Name="DataType">DateTime</Param>
            <Param Name="Format">{0:d.M.yyyy}</Param>
            <Param Name="Alignment">Right</Param>
            <Param Name="Width">80</Param>
          </Param>
          <Param Name="Saldo">
            <Param Name="Field">NomBalance</Param>
            <Param Name="Width">100</Param>
          </Param>
        </Param>
      </Params>
    </Field>
  </FieldSection>
</Form>