﻿<?xml version="1.0" encoding="utf-8"?>
<Form Type="Entity" Caption="Trh - Bod - Typ obchodu - Směr" WindowCaption="Trh - Bod - Typ obchodu - Směr" ProgId="EGCore.EGBaseBehavior,EGCore" EntityType="Enif.EDA.ETRM.Entities.Market_GP_DT_DDT,EnifETRMCommon">
  <FieldSection Name="Default" Caption="Detail" Columns="1">
    <Columns />
    <Field Name="ID" Caption="ID" FieldType="Text" SelectorType="Path" Selector="Id" Occupation="Line" IsReadOnly="true" />
    <Field Name="Market" Caption="Trh" FieldType="EnumField" SelectorType="Path" Selector="Market" IsRequired="true" Occupation="Line">
      <Params>
        <Param Name="HQL">SELECT T, T.Caption FROM Market T where T.Active=1 order by T.Caption asc</Param>
      </Params>
    </Field>
    <!--
    <Field Name="GridPoint" Caption="Bod" FieldType="EnumField" SelectorType="Path" Selector="GridPoint" IsRequired="true" Occupation="Line">
      <Params>
        <Param Name="HQL">SELECT T, concat (T.Caption, '-', T.Grid.Caption, ' | ', T.GridPointType.Key, ' | ', IOType.Key) FROM GridPoint T where T.Active=1</Param>
      </Params>
    </Field>
-->
    <Field Name="GridPoint" Caption="Bod" FieldType="Entity" SelectorType="Path" Selector="GridPoint">
       <DetailsButton IsVisible="true" Form="egeGridPoint" />
       <SelectButton IsVisible="true" Form="eggGridPoint" UnionTransaction="True" />
       <Params>
          <Param Name="Format">{Name}</Param>
          <Param Name="Arguments">
            <Param Name="Path;Caption as Name" />
          </Param>
        </Params>
    </Field>

    <Field Name="GridPointId" Caption="ID bodu" FieldType="Text" SelectorType="Path" Selector="GridPoint.Id" IsReadOnly="True"/>
    <Field Name="GridPointType" Caption="Typ bodu" FieldType="Text" SelectorType="Path" Selector="GridPoint.GridPointType.Key" IsReadOnly="True"/>
    <Field Name="GridPointIO" Caption="Směr bodu" FieldType="Text" SelectorType="Path" Selector="GridPoint.IOType.Key" IsReadOnly="True"/>
    <Field Name="GridPointGrid" Caption="Síť bodu" FieldType="Text" SelectorType="Path" Selector="GridPoint.Grid.Caption" IsReadOnly="True"/>
    
    <!--
    <Field Name="DealType" Caption="Typ obchodu" FieldType="EnumField" SelectorType="Path" Selector="DealType" IsRequired="true" Occupation="Line">
      <Params>
        <Param Name="HQL">SELECT T, T.Caption FROM DealType T where active=1 order by T.Caption asc</Param>
      </Params>
    </Field>
    -->
    <Field Name="DealType" Caption="Typ obchodu" FieldType="Entity" SelectorType="Path" Selector="DealType">
      <DetailsButton IsVisible="true" Form="egeDealType" />
      <SelectButton IsVisible="true" Form="eggDealType" UnionTransaction="True" />
      <Params>
        <Param Name="Format">{Name}</Param>
        <Param Name="Arguments">
          <Param Name="Path;Caption as Name" />
        </Param>
      </Params>
    </Field>

    <Field Name="DealTypeUnitedBool" Caption="Sdružený" FieldType="BoolField" SelectorType="Path" Selector="DealType.IsUnited" IsReadOnly="True"/>
    
    <Field Name="DealDirectionType" Caption="Směr" FieldType="EnumField" SelectorType="Path" Selector="DealDirectionType" IsRequired="true" Occupation="Line">
      <Params>
        <Param Name="HQL">SELECT T, concat (T.Caption, concat (' | ', T.CaptionSSO)) FROM DealDirectionType T order by T.Caption asc</Param>
      </Params>
    </Field>
  </FieldSection>
</Form>