﻿<?xml version="1.0" encoding="utf-8"?>
<Form Type="Entity" Caption="Protistrana" WindowCaption="Protistrana" ProgId="Enif.EDA.ETRM.Gui.Behaviors.egeCopartyETrade,EnifETRMGui" EntityType="Enif.EDA.ETRM.Entities.CopartyETrade,EnifETRMCommon" Scale="1" ValidationLevel="0" IsReadOnly="false">
  <Params>
    <Param Name="EntityDelegates">
      <Param Name="Create_SubjectCompany" />
    </Param>
    <Param Name="PropagatedParams">
      <!-- Potreba pre korektné otvorenie formu egeContactPerson -->
      <Param Name="IsSubjectMarketUnit" Value="" />
    </Param>
  </Params>
  <FieldSection Caption="Detail">
    <Field Name="Id" Caption="Id" FieldType="Integer" SelectorType="Path" Selector="Id" IsReadOnly="true" IsRequired="false" Occupation="Line" />
    <Field Name="Active" Caption="Aktivní" FieldType="BoolField" SelectorType="Path" Selector="Active" IsRequired="True" Occupation="Line" Default="true"
						IsReadOnly="{IsReadOnly}&#x9;Exp;bool IsReadOnly=!(RoleExp(&quot;ETRM_MDM_MarketParty_Settings&quot;))" />
    <Field Name="Name" Caption="Název" FieldType="Text" SelectorType="Path" Selector="Subject.Company.Name" Occupation="Line" IsRequired="True"
           IsReadOnly="{IsReadOnly}&#x9;Exp;bool IsReadOnly=!(RoleExp(&quot;ETRM_MDM_MarketParty_Settings&quot;))" />
    <Field Name="Shortcut" Caption="Zkratka" FieldType="Text" SelectorType="Path" Selector="Subject.Company.ShortName" Occupation="Line" IsRequired="True"
            IsReadOnly="{IsReadOnly}&#x9;Exp;bool IsReadOnly=!(RoleExp(&quot;ETRM_MDM_MarketParty_Settings&quot;))" />
    <!--Podle PRE je zbytečné
    <Field Name="LokoId" Caption="LOKO Id" FieldType="Integer" SelectorType="Path" Selector="Subject.LOKOID" IsRequired="false" Occupation="Line"
           IsReadOnly="{IsReadOnly}&#x9;Exp;bool IsReadOnly=!(RoleExp(&quot;ETRM_MDM_MarketParty_Settings&quot;))"/>-->
  </FieldSection>
  <FieldSection Name="Description" Caption="Popis" Collapsed="true">
    <Field Name="Description" Caption="Popis" FieldType="Text" SelectorType="Path" Selector="Subject.Note" Occupation="CaptionBlock"
            IsReadOnly="{IsReadOnly}&#x9;Exp;bool IsReadOnly=!(RoleExp(&quot;ETRM_MDM_MarketParty_Settings&quot;))" >
      <Params>
        <Param Name="Multiline">True</Param>
        <Param Name="TextWrapping">Wrap</Param>
      </Params>
    </Field>
  </FieldSection>
  <FieldSection Caption="Registrace">
    <Field Name="CompanyId" Caption="IČ" FieldType="Text" SelectorType="Path" Selector="Subject.Company.CompanyId" Occupation="Line"
            IsReadOnly="{IsReadOnly}&#x9;Exp;bool IsReadOnly=!(RoleExp(&quot;ETRM_MDM_MarketParty_Settings&quot;))" />
    <Field Name="CompanyTaxId" Caption="DIČ" FieldType="Text" SelectorType="Path" Selector="Subject.Company.CompanyTaxId" Occupation="Line"
            IsReadOnly="{IsReadOnly}&#x9;Exp;bool IsReadOnly=!(RoleExp(&quot;ETRM_MDM_MarketParty_Settings&quot;))" />
    <Field Name="CompanyVatId" Caption="IČ DPH" FieldType="Text" SelectorType="Path" Selector="Subject.Company.CompanyVatId" Occupation="Line"
            IsReadOnly="{IsReadOnly}&#x9;Exp;bool IsReadOnly=!(RoleExp(&quot;ETRM_MDM_MarketParty_Settings&quot;))" />
    <Field Name="Registration" Caption="Registrace" FieldType="Text" SelectorType="Path" Selector="Subject.Company.Registration" Occupation="Line"
            IsReadOnly="{IsReadOnly}&#x9;Exp;bool IsReadOnly=!(RoleExp(&quot;ETRM_MDM_MarketParty_Settings&quot;))" />
  </FieldSection>
  <FieldSection Caption="Kontakty">
    <Field Name="Email" Caption="E-mail" FieldType="Text" SelectorType="Path" Selector="Subject.Company.Email" Occupation="Line"
            IsReadOnly="{IsReadOnly}&#x9;Exp;bool IsReadOnly=!(RoleExp(&quot;ETRM_MDM_MarketParty_Settings&quot;))" />
    <Field Name="Phone" Caption="Telefon" FieldType="Text" SelectorType="Path" Selector="Subject.Company.Phone" Occupation="Line"
            IsReadOnly="{IsReadOnly}&#x9;Exp;bool IsReadOnly=!(RoleExp(&quot;ETRM_MDM_MarketParty_Settings&quot;))" />
    <Field Name="MobilePhone" Caption="Mobil" FieldType="Text" SelectorType="Path" Selector="Subject.Company.MobilePhone" Occupation="Line"
            IsReadOnly="{IsReadOnly}&#x9;Exp;bool IsReadOnly=!(RoleExp(&quot;ETRM_MDM_MarketParty_Settings&quot;))" />
    <Field Name="Fax" Caption="Fax" FieldType="Text" SelectorType="Path" Selector="Subject.Company.Fax" Occupation="Line"
            IsReadOnly="{IsReadOnly}&#x9;Exp;bool IsReadOnly=!(RoleExp(&quot;ETRM_MDM_MarketParty_Settings&quot;))" />
    <Field Name="WWW" Caption="WWW" FieldType="Text" SelectorType="Path" Selector="Subject.Company.WWW" Occupation="Line"
            IsReadOnly="{IsReadOnly}&#x9;Exp;bool IsReadOnly=!(RoleExp(&quot;ETRM_MDM_MarketParty_Settings&quot;))" />
  </FieldSection>
  <FieldSection Caption="Role">
    <Field Name="bagSubjectSubjectType" Caption="Role" FieldType="MultiSelect" SelectorType="Path" Selector="Subject.bagSubjectSubjectType" Occupation="Block" Height="1" MaxHeight="99"
            IsReadOnly="{IsReadOnly}&#x9;Exp;bool IsReadOnly=!(RoleExp(&quot;ETRM_MDM_MarketParty_Settings&quot;))">
      <Params>
        <Param Name="DeleteOnRemove">True</Param>
        <Param Name="IsEditable">True</Param>
        <Param Name="ValuesSet">select t from TSubjectType t where t.Active = true order by t.Caption</Param>
        <Param Name="BagItemProgId">Enif.EDA.EDA.Entities.SubjectSubjectType,EnifGECommon</Param>
        <Param Name="RefValue">TSubjectType</Param>
        <Param Name="RefId ">SubjectTypeFK</Param>
        <Param Name="FKValue">CopartyETrade.Subject</Param>
        <Param Name="FKId ">CopartyETrade.SubjectFK</Param>
        <Param Name="Columns">
          <Param Name="Název">
            <Param Name="Field">Caption</Param>
            <Param Name="Width">100</Param>
          </Param>
          <Param Name="Popis">
            <Param Name="Field">Description</Param>
            <Param Name="Width">100*</Param>
          </Param>
        </Param>
      </Params>
    </Field>
    <Field Name="bagSubjectCommodity" Caption="Komodita" FieldType="MultiSelect" SelectorType="Path" Selector="Subject.bagSubjectCommodity" Occupation="Block" Height="1" MaxHeight="99"
            IsReadOnly="{IsReadOnly}&#x9;Exp;bool IsReadOnly=!(RoleExp(&quot;ETRM_MDM_MarketParty_Settings&quot;))">
      <Params>
        <Param Name="IsEditable">True</Param>
        <Param Name="DeleteOnRemove">True</Param>
        <Param Name="ValuesSet">select t from TCommodity t, CommodityETrade c where c.Active = true and c.BaseCommodity is null and c.ExtendsCommodity = t order by c.Caption</Param>
        <Param Name="BagItemProgId">Enif.EDA.EDA.Entities.SubjectCommodity,EnifGECommon</Param>
        <Param Name="RefValue">TCommodity</Param>
        <Param Name="RefId ">CommodityFK</Param>
        <Param Name="FKValue">CopartyETrade.Subject</Param>
        <Param Name="FKId ">SubjectFK</Param>
        <Param Name="Columns">
          <Param Name="Název">
            <Param Name="Field">Caption</Param>
            <Param Name="Width">100*</Param>
          </Param>
        </Param>
      </Params>
    </Field>
  </FieldSection>
  <FieldSection TextColor="#FF000000" Color="#FF3E8791" Caption="Kont. os.">
    <Field Name="bagContactPerson" Caption="Kontaktní osoby" FieldType="Grid" SelectorType="Path" Selector="Subject.bagContactPerson" IsVisible="True" IsEnabled="True" Occupation="Block" Height="5" MaxHeight="5"
            IsReadOnly="{IsReadOnly}&#x9;Exp;bool IsReadOnly=!(RoleExp(&quot;ETRM_MDM_MarketParty_Settings&quot;))">
      <DetailsButton IsVisible="True" Form="egeContactPerson" UnionTransaction="True" />
      <SelectButton IsVisible="True" Form="egeContactPerson" UnionTransaction="True" />
      <NewButton IsVisible="False" UnionTransaction="True" />
      <Params>
        <Param Name="DeleteMode">Multi</Param>
        <Param Name="Order">Person</Param>
        <Param Name="Columns">
          <Param Name="Osoba">
            <Param Name="Field">Person</Param>
            <Param Name="Width">150</Param>
          </Param>
          <Param Name="Role">
            <Param Name="Field">TContactPersonType.Caption</Param>
            <Param Name="Width">100*</Param>
          </Param>
        </Param>
      </Params>
    </Field>
  </FieldSection>
  <FieldSection TextColor="#FF000000" Color="#FF3E8791" Caption="Rámcové smlouvy"
                Visibility="{Visibility}&#x9;Exp;bool Visibility=RoleExp(&quot;ETRM_MDM_MarketParty_Contracts_Settings or ETRM_MDM_MarketParty_Contracts_Viewer&quot;)">
    <Field Name="bagAgreement" Caption="Rámcové smlouvy" FieldType="Grid" SelectorType="Path" Selector="bagAgreement" IsVisible="True" Occupation="Block"
            IsReadOnly="{IsReadOnly}&#x9;Exp;bool IsReadOnly=!(RoleExp(&quot;ETRM_MDM_MarketParty_Contracts_Settings&quot;))" IsReadOnlyOverride="{IsReadOnlyOverride}&#x9;Exp;bool IsReadOnlyOverride=(RoleExp(&quot;ETRM_MDM_MarketParty_Contracts_Settings&quot;))">
      <DetailsButton Form="egeAgreement" UnionTransaction="True" IsVisible="True" />
      <SelectButton Form="egeAgreement" UnionTransaction="True" IsVisible="True" />
      <NewButton IsVisible="False" UnionTransaction="True" />
      <Params>
        <Param Name="Order">Caption</Param>
        <Param Name="DeleteMode">Multi</Param>
        <Param Name="DeleteButton">
          <Param Name="RightsAdapters">
            <Param Name="Enif.EDA.ETRM.Validators.AgreementDeleteValidator,EnifETRMCommon"/>
          </Param>
          <Param Name="EntityDelegates">
            <Param Name="Destroy_Gui"></Param>
          </Param>
        </Param>
        <Param Name="Columns">
          <Param Name="Id">
            <Param Name="Field">Id</Param>
            <Param Name="DataType">Int64</Param>
            <Param Name="Alignment">Right</Param>
            <Param Name="Width">40</Param>
          </Param>
          <Param Name="Název">
            <Param Name="Field">Caption</Param>
            <Param Name="DataType">String</Param>
            <Param Name="Width">100</Param>
          </Param>
          <Param Name="Komodita">
            <Param Name="Field">CommodityETrade.Caption</Param>
            <Param Name="DataType">String</Param>
            <Param Name="Width">100</Param>
          </Param>
          <!--Podle PRE je zbytečné
          <Param Name="ID smlouvy">
            <Param Name="Field">Code</Param>
            <Param Name="DataType">String</Param>
            <Param Name="Width">100</Param>
          </Param>-->
          <Param Name="Datum uz. smlouvy">
            <Param Name="Field">DateConclude</Param>
            <Param Name="DataType">DateTime</Param>
            <Param Name="Format">{0:d.M.yyyy}</Param>
            <Param Name="Alignment">Right</Param>
            <Param Name="Width">120</Param>
          </Param>
          <Param Name="Platnost od">
            <Param Name="Field">ValidFrom</Param>
            <Param Name="DataType">DateTime</Param>
            <Param Name="Format">{0:d.M.yyyy}</Param>
            <Param Name="Alignment">Right</Param>
            <Param Name="Width">80</Param>
          </Param>
          <Param Name="Platnost do">
            <Param Name="Field">ValidToInc</Param>
            <Param Name="DataType">DateTime</Param>
            <Param Name="Format">{0:d.M.yyyy}</Param>
            <Param Name="Alignment">Right</Param>
            <Param Name="Width">80</Param>
          </Param>
          <Param Name="Obchodní jednotka">
            <Param Name="Field">MarketUnit.Subject.Company.Name</Param>
            <Param Name="DataType">String</Param>
            <Param Name="Width">120</Param>
          </Param>
        </Param>
      </Params>
    </Field>
  </FieldSection>
  <FieldSection Caption="Identifikátory"
                Visibility="{Visibility}&#x9;Exp;bool Visibility=RoleExp(&quot;ETRM_MDM_MarketParty_IDs_Settings or ETRM_MDM_MarketParty_IDs_Viewer&quot;)">
    <Field Name="bagSubjectIdentifier" Caption="Identifikátory" FieldType="Grid" SelectorType="Path" Selector="Subject.bagSubjectIdentifier" Occupation="Block" Height="1" MaxHeight="99"
            IsReadOnly="{IsReadOnly}&#x9;Exp;bool IsReadOnly=!(RoleExp(&quot;ETRM_MDM_MarketParty_IDs_Settings&quot;))" IsReadOnlyOverride="{IsReadOnlyOverride}&#x9;Exp;bool IsReadOnlyOverride=(RoleExp(&quot;ETRM_MDM_MarketParty_IDs_Settings&quot;))">
      <DetailsButton Form="egeSubjectIdentifier" UnionTransaction="True" IsVisible="True" />
      <SelectButton  Form="egeSubjectIdentifier" UnionTransaction="True" IsVisible="True" />
      <NewButton IsVisible="False" UnionTransaction="True" />
      <Params>
        <Param Name="Order">IdentifierValue</Param>
        <Param Name="DeleteMode">Multi</Param>
        <Param Name="DeleteOnRemove">True</Param>
        <Param Name="DeleteButton">
          <Param Name="RightsAdapters">
            <Param Name="Enif.EDA.ETRM.Validators.SubjectIdentifierDeleteValidator,EnifETRMCommon"/>
          </Param>
        </Param>
        <Param Name="Columns">
          <Param Name="Id">
            <Param Name="Field">Id</Param>
            <Param Name="DataType">Int64</Param>
            <Param Name="Alignment">Right</Param>
            <Param Name="Width">40</Param>
          </Param>
          <Param Name="Identifikátor">
            <Param Name="Field">IdentifierValue</Param>
            <Param Name="Width">100</Param>
          </Param>
          <Param Name="Typ">
            <Param Name="Field">IdentifierType.Caption</Param>
            <Param Name="Width">100*</Param>
          </Param>
        </Param>
      </Params>
    </Field>
  </FieldSection>
  <FieldSection TextColor="#FF000000" Color="#FF3E8791" Caption="Historie">
    <Field Name="History" Caption="Číslo" FieldType="HistoryField" SelectorType="Path" Selector="." Occupation="Block">
      <DetailsButton IsVisible="True" UnionTransaction="False" ToolTip="Historie" />
      <Params>
        <Param Name="Fields">.,Company,Person,Address</Param>
      </Params>
    </Field>
  </FieldSection>
</Form>