﻿<Form Type="Entity" Caption="Detail nominace" WindowCaption="Detail nominace" ProgId="Enif.EDA.ETRM.Gui.Behaviors.egeNominationItem,EnifETRMGui" EntityType="Enif.EDA.ETRM.Entities.NominationItem,EnifETRMCommon" IsReadOnly="{IsReadOnly}&#x9;Exp;bool IsReadOnly=!RoleExp(&quot;Admin or ETRM_MDM_Market_Settings&quot;)" Scale="1" ValidationLevel="0">
  <!--<FieldSection Name="Detail" Caption="Detail" Columns="1" IsVisible="false">
    -->
  <!-- fake field pre PropagatedParams -->
  <!--
    <Field Name="Id" Caption="ID" FieldType="Integer" SelectorType="Path" Selector="Id" IsReadOnly="true" Occupation="Line" IsVisible="false" />
    <Field Name="Date" Caption="Obchodní den" FieldType="Date" IsRequired="false" SelectorType="Path" Selector="Date" Format="d.m.yyyy" />
  </FieldSection>-->
  <FieldSection Name="bagNominationEvent" Caption="Události" Collapsed="true">
    <Columns />
    <Field Name="bagNominationEvent" Caption="Události" FieldType="Grid" SelectorType="Path" Selector="bagNominationEvent" IsReadOnly="true" IsRequired="False" Occupation="Block" Height="10" MaxHeight="99">
      <DetailsButton IsVisible="false" UnionTransaction="True" />
      <SelectButton IsVisible="false" UnionTransaction="True" />
      <Params>
        <Param Name="Columns">
          <Param Name="Datum">
            <Param Name="Field">NominationItem.Date</Param>
            <Param Name="DataType">DateTime</Param>
            <Param Name="Format">{0:d}</Param>
            <Param Name="Alignment">Right</Param>
            <Param Name="Width">80</Param>
          </Param>
          <Param Name="Typ zprávy">
            <Param Name="Field">Type.Caption</Param>
            <Param Name="DataType">String</Param>
            <Param Name="Alignment">Left</Param>
            <Param Name="Width">120</Param>
          </Param>
          <!--
          <Param Name="Časové razítko">
            <Param Name="Field">DeliveryTime</Param>
            <Param Name="DataType">DateTime</Param>
            <Param Name="Format">{0:s}</Param>
            <Param Name="Alignment">Right</Param>
            <Param Name="Width">120</Param>
          </Param>
          -->
          <Param Name="Čas souboru OBČ">
            <Param Name="Field">DeliveryTime</Param>
            <Param Name="DataType">DateTime</Param>
            <Param Name="Format">{0:dd.MM.yyyy HH:mm:ss}</Param>
            <Param Name="Alignment">Right</Param>
            <Param Name="Width">120</Param>
          </Param>
          <Param Name="Doručeno">
            <Param Name="Field">DeliveryConfirm</Param>
            <Param Name="DataType">Boolean</Param>
            <Param Name="Alignment">Center</Param>
            <Param Name="Width">80</Param>
          </Param>
          <Param Name="Popis">
            <Param Name="Field">DescriptionTemplate</Param>
            <Param Name="DataType">String</Param>
            <Param Name="Alignment">Left</Param>
            <Param Name="Width">120</Param>
          </Param>
          <!-- Bohuzel nefunguje StringResolver -->
          <!--
          <Param Name="Popis2">
            <Param Name="Field">Type.Description</Param>
            <Param Name="DataType">String</Param>
            <Param Name="Alignment">Left</Param>
            <Param Name="Width" Value="{Value}&#x9;Path;Type.Action as TypeAction&#x9;Exp;Double Value = ((TypeAction != null) ? 120 : 0)"/>
            <Param Name="MinWidth" Value="{Value}&#x9;Path;Type.Action as TypeAction&#x9;Exp;Double Value = ((TypeAction != null) ? 120 : 0)"/>
          </Param>
          -->
        </Param>
        <Param Name="Buttons">
          <Param Name="btnMessage" Value="Náhled zprávy">
            <Param Name="Tooltip" Value="Zobrazí zprávu v defaultním edituru xml."/>
            <Param Name="IsVisible" Value="{IsVisible}&#x9;Exp;bool IsVisible=RoleExp(&quot;ETRM_MDM_Market_Settings&quot;)"/>
          </Param>
        </Param>
        <Param Name="KeepSelectedRow">True</Param>
      </Params>
    </Field>
  </FieldSection>

  <FieldSection Name="bagNominationItemValues" Caption="Hodinový rozklad" Collapsed="true">
    <Columns />
    <Field Name="bagNominationItemValues" Caption="Události" FieldType="Grid" SelectorType="Path" Selector="bagNominationItemValues" IsReadOnly="true" IsRequired="False" Occupation="Block" Height="10" MaxHeight="99">
      <SelectButton IsVisible="false" UnionTransaction="True" />
      <Params>
        <Param Name="Columns">
          <Param Name="Datum">
            <Param Name="Field">ValidFrom</Param>
            <Param Name="DataType">DateTime</Param>
            <Param Name="Format">{0:d/M/yyyy HH:mm:ss}</Param>
            <Param Name="Alignment">Right</Param>
            <Param Name="Width">80</Param>
          </Param>
          <Param Name="Evidováno">
            <Param Name="Field">ETRM</Param>
            <Param Name="DataType">Number</Param>
            <Param Name="Alignment">Left</Param>
            <Param Name="Width">120</Param>
          </Param>
          <Param Name="Odesláno">
            <Param Name="Field">NOMINT</Param>
            <Param Name="DataType">Number</Param>
            <Param Name="Alignment">Left</Param>
            <Param Name="Width">120</Param>
          </Param>
          <Param Name="Přijato">
            <Param Name="Field">NOMINTRes</Param>
            <Param Name="DataType">Number</Param>
            <Param Name="Alignment">Left</Param>
            <Param Name="Width">120</Param>
          </Param>
          <Param Name="Protistrana">
            <Param Name="Field">NOMRES</Param>
            <Param Name="DataType">Number</Param>
            <Param Name="Alignment">Left</Param>
            <Param Name="Width">120</Param>
          </Param>
          <Param Name="Potvrzeno">
            <Param Name="Field">NOMRESProve</Param>
            <Param Name="DataType">Number</Param>
            <Param Name="Alignment">Left</Param>
            <Param Name="Width">120</Param>
          </Param>
        </Param>
        <Param Name="KeepSelectedRow">True</Param>
      </Params>
    </Field>
  </FieldSection>


  
</Form>