﻿<?xml version="1.0" encoding="utf-8"?>
<Form Type="Entity" Caption="Produkt obchod" WindowCaption="Produkt obchod" ProgId="Enif.EDA.ETRM.Gui.Behaviors.egeProductETrade,EnifETRMGui" EntityType="Enif.EDA.ETRM.Entities.ProductETrade,EnifETRMCommon" CanDelete="None"
        IsReadOnly="True">
  <Params>
    <Param Name="EntityDelegates">
      <Param Name="Create_Base" />
    </Param>
  </Params>
  <FieldSection Name="Default" Caption="Detail" Columns="1">
    <Columns />
    <Field Name="Id" Caption="Id" FieldType="Integer" SelectorType="Path" Selector="Id" IsReadOnly="true" IsRequired="false" Occupation="Line" />
    <Field Name="Active" Caption="Aktivní" FieldType="BoolField" SelectorType="Path" Selector="Active" IsRequired="True" Occupation="Line" Default="true"
						IsReadOnly="{IsReadOnly}&#x9;Path;bagProductETrade.Count as CopyCount&#x9;Exp;bool IsReadOnly=(CopyCount &gt; 0)" />
    <Field Name="Name" Caption="Název" FieldType="Text" SelectorType="Path" Selector="Name" IsRequired="True" Occupation="Line"
            IsReadOnly="{IsReadOnly}&#x9;Path;bagProductETrade.Count as CopyCount&#x9;Exp;bool IsReadOnly=(CopyCount &gt; 0)" />
    <Field Name="ProductPeriod" Caption="Perioda produktu" FieldType="EnumField" SelectorType="Path" Selector="ProductPeriod" ToolTip="Název: Perioda produktu" 
            IsVisible="true" IsEnabled="true" IsRequired="true" IsReactive="True" Occupation="Line" ValidationLevel="0" Column="0" Colspan="1" Rowspan="1" Ratio="22:26" IsBinded="true"
            IsReadOnly="{IsReadOnly}&#x9;Path;bagProductETrade.Count as CopyCount&#x9;Exp;bool IsReadOnly=(CopyCount &gt; 0)" >
      <Params>
        <Param Name="HQL">SELECT T, T.Caption FROM SampleETrade T where T.Active=1</Param>
      </Params>
    </Field>
    <Field Name="ValidFrom" Caption="Platnost od" FieldType="DateTime" SelectorType="Path" Selector="ValidFrom" Occupation="Line" IsRequired="true"
						IsReadOnly="{IsReadOnly}&#x9;Path;bagProductETrade.Count as CopyCount&#x9;Exp;bool IsReadOnly=(CopyCount &gt; 0)">
      <Params>
        <Param Name="Mode">Date</Param>
        <Param Name="CalendarButtons">
          <Param Name="Neomezené">[ -inf]</Param>
        </Param>
      </Params>
    </Field>
    <Field Name="ValidToInc" Caption="Platnost do" FieldType="DateTime" SelectorType="Path" Selector="ValidToInc" IsRequired="true" Occupation="Line"
						IsReadOnly="{IsReadOnly}&#x9;Path;bagProductETrade.Count as CopyCount&#x9;Exp;bool IsReadOnly=(CopyCount &gt; 0)">
      <Params>
        <Param Name="Mode">Date</Param>
        <Param Name="CalendarButtons">
          <Param Name="Neomezené">[ +inf]</Param>
        </Param>
      </Params>
    </Field>
    <Field Name="Commodity" Caption="Komodita" FieldType="EnumField" SelectorType="Path" Selector="Commodity" IsRequired="True" Occupation="Line"
            IsReadOnly="{IsReadOnly}&#x9;Path;bagProductETrade.Count as CopyCount&#x9;Exp;bool IsReadOnly=(CopyCount &gt; 0)">
      <SelectButton IsVisible="False" Form="eggCommodityETrade" UnionTransaction="True" Mode="Single" />
      <Params>
        <Param Name="HQL">SELECT c, c.Caption FROM CommodityETrade c</Param>
        <Param Name="FK">CommodityFK</Param>
        <Param Name="Format">{Caption}</Param>
      </Params>
    </Field>
    <Field Name="Calendar" Caption="Kalendář" FieldType="EnumField" SelectorType="Path" Selector="Calendar" ToolTip="Svátkový kalendář - výběr ze seznamu (bez kalendáre + CZ, DE, SK, …)" IsRequired="True" Occupation="Line"
            IsReadOnly="{IsReadOnly}&#x9;Path;bagProductETrade.Count as CopyCount&#x9;Exp;bool IsReadOnly=(CopyCount &gt; 0)">
      <DetailsButton IsVisible="False" Form="egeTEnCal" UnionTransaction="True" />
      <Params>
        <Param Name="HQL">SELECT c, c.Caption FROM CalendarETrade c</Param>
      </Params>
    </Field>
    <Field Name="WorkdayMask" Caption="Maska pracovních dnů" FieldType="HourValidity" SelectorType="Path" Selector="WorkdayMask" IsVisible="true" IsEnabled="true" IsRequired="false" IsReactive="True" Occupation="CaptionBlock" ValidationLevel="0" Column="0" Colspan="1" Rowspan="1" IsBinded="true" Height="5" 
            IsReadOnly="{IsReadOnly}&#x9;Path;bagProductETrade.Count as CopyCount&#x9;Exp;bool IsReadOnly=(CopyCount &gt; 0)" />
    <Field Name="OffdayMask" Caption="Maska nepracovních dnů" FieldType="HourValidity" SelectorType="Path" Selector="OffdayMask" IsVisible="true" IsEnabled="true" IsRequired="false" IsReactive="True" Occupation="CaptionBlock" ValidationLevel="0" Column="0" Colspan="1" Rowspan="1" IsBinded="true" Height="5" 
            IsReadOnly="{IsReadOnly}&#x9;Path;bagProductETrade.Count as CopyCount&#x9;Exp;bool IsReadOnly=(CopyCount &gt; 0)" />
  </FieldSection>
  <FieldSection Name="Description" Caption="Popis" Collapsed="true">
    <Field Name="Description" Caption="Popis" FieldType="Text" SelectorType="Path" Selector="Description" ToolTip="Popis produktu" Occupation="CaptionBlock"
            IsReadOnly="false" >
      <Params>
        <Param Name="Multiline">True</Param>
        <Param Name="TextWrapping">Wrap</Param>
      </Params>
    </Field>
  </FieldSection>
  <FieldSection Name="Energy" Caption="Energie">
    <Columns />
    <Field  Name="VolumeAggFunctionFK" Caption="Agregační funkce" Selector="VolumeAggFunctionFK" SelectorType="Path" FieldType="EnumField" IsRequired="False"
            IsReadOnly="{IsReadOnly}&#x9;Path;bagProductETrade.Count as CopyCount&#x9;Exp;bool IsReadOnly=(CopyCount &gt; 0)" >
      <Params>
        <Param Name="Enum">
          <Param Name="Sum">1</Param>
          <Param Name="Avg (kopie)">2</Param>
        </Param>
      </Params>
    </Field>
    <Field Name="EnergyPeriod" Caption="Perioda energie" FieldType="EnumField" SelectorType="Path" Selector="EnergyPeriod" ToolTip="Název: Perioda množství energie" 
            IsVisible="true" IsEnabled="true" IsRequired="true" IsReactive="True" Occupation="Line" ValidationLevel="0" Column="0" Colspan="1" Rowspan="1" Ratio="22:26" IsBinded="true"
            IsReadOnly="{IsReadOnly}&#x9;Path;bagProductETrade.Count as CopyCount&#x9;Exp;bool IsReadOnly=(CopyCount &gt; 0)" >
      <Params>
        <Param Name="HQL">SELECT T, T.Caption FROM SampleETrade T where T.Active=1</Param>
      </Params>
    </Field>
    <Field Name="EnergyUnitPeriod" Caption="Perioda jednotky energie" FieldType="EnumField" SelectorType="Path" Selector="EnergyUnitPeriod" ToolTip="Název: Perioda jednotky množství energie."
            IsVisible="true" IsEnabled="true" IsRequired="true" IsReactive="True" Occupation="Line" ValidationLevel="0" Column="0" Colspan="1" Rowspan="1" Ratio="22:26" IsBinded="true"
            IsReadOnly="{IsReadOnly}&#x9;Path;bagProductETrade.Count as CopyCount&#x9;Exp;bool IsReadOnly=(CopyCount &gt; 0)" >
      <Params>
        <Param Name="HQL">SELECT T, T.Caption FROM SampleETrade T where T.Active=1</Param>
      </Params>
    </Field>
    <Field Name="EnergySubsampling" Caption="Subsampling energie" FieldType="EnumField" SelectorType="Path" Selector="EnergySubsampling" ToolTip="Název: Způsob rozpočtu energie." IsRequired="true" Occupation="Line"
            IsReadOnly="{IsReadOnly}&#x9;Path;bagProductETrade.Count as CopyCount&#x9;Exp;bool IsReadOnly=(CopyCount &gt; 0)" >
      <Params>
        <Param Name="HQL">SELECT P, P.Caption FROM SubsamplingModeT P where P.Active=1</Param>
        <Param Name="FK">EnergySubsamplingFK</Param>
      </Params>
    </Field>
    <Field Name="EnergySource" Caption="Zdroj hodnot" FieldType="EnumField" SelectorType="Path" Selector="EnergySource" IsRequired="True" Occupation="Line"
           Dependents="VolumeCurve" 
           Default="SELECT P, P.Caption FROM ValueSourceType P where P.Key like 'USER_DIAGRAM'"
           IsReadOnly="{IsReadOnly}&#x9;Path;bagProductETrade.Count as CopyCount&#x9;Exp;bool IsReadOnly=(CopyCount &gt; 0)">
      <Params>
        <Param Name="HQL">SELECT P, P.Caption FROM ValueSourceType P where P.Active = true</Param>
        <Param Name="FK">EnergySourceFK</Param>
      </Params>
    </Field>
    <Field Name="VolumeCurve" Caption="Diagram energie" FieldType="EnumField" SelectorType="Path" Selector="VolumeCurve" ToolTip="Odkaz na diagram s hodnotami produktu (energie)."
      IsVisible="true" IsReactive="True" Occupation="Line" ValidationLevel="0" Column="0" Colspan="1" Rowspan="1" Ratio="22:26" IsBinded="true"
      IsRequired="{IsRequired}&#9;Path;EnergySource.Key as energySource&#9;Exp;bool IsRequired=(energySource==&quot;PRODUCT_DIAGRAM&quot;)"
      IsEnabled="{IsEnabled}&#9;Path;EnergySource.Key as energySource&#9;Exp;bool IsEnabled=(energySource==&quot;PRODUCT_DIAGRAM&quot;)"
      IsReadOnly="{IsReadOnly}&#9;Path;EnergySource.Key as energySource&#x9;Path;bagProductETrade.Count as CopyCount&#9;Exp;bool IsReadOnly=(CopyCount &gt; 0 || energySource!=&quot;PRODUCT_DIAGRAM&quot;)">
      <Params>
        <Param Name="HQL">SELECT V, V.Caption FROM IndexCurve V where V.Active=1 and V.IndexCurveType.Key like 'PowerCurve' order by V.Caption</Param>
      </Params>
    </Field>
    <Field Name="ProductDealStatePowerCurve" Caption="Stavy pro aktualizaci z křivky" FieldType="MultiSelect" SelectorType="Path" Selector="bagProduct_VolumeDealState" Occupation="Block" Height="1" MaxHeight="99"
            IsReadOnly="{IsReadOnly}&#x9;Path;bagProductETrade.Count as CopyCount&#x9;Exp;bool IsReadOnly=(CopyCount &gt; 0)">
      <Params>
        <Param Name="DeleteOnRemove">True</Param>
        <Param Name="IsEditable">True</Param>
        <Param Name="ValuesSet">select D from DealState D where D.Active=1</Param>
        <Param Name="BagItemProgId">Enif.EDA.ETRM.Entities.Product_VolDealState,EnifETRMCommon</Param>
        <Param Name="RefValue">DealState</Param>
        <Param Name="RefId">DealStateFK</Param>
        <Param Name="FKValue">Product</Param>
        <Param Name="FKId">ProductFK</Param>
        <Param Name="Columns">
          <Param Name="Název">
            <Param Name="Field">Caption</Param>
            <Param Name="Width">100*</Param>
          </Param>
        </Param>
      </Params>
    </Field>
  </FieldSection>
  <FieldSection Name="PricePayment" Caption="{Caption}&#9;Path;IsPaymentType as IsPaymentType&#9;Exp;string Caption=IIf(IsPaymentType == true, &quot;Platba&quot;, &quot;Cena&quot;)" Columns="1">
    <Columns />
    <Field Name="IsPaymentType" Caption="Vstupem platba místo ceny" FieldType="BoolField" SelectorType="Path" Selector="IsPaymentType" IsRequired="True" Occupation="Line" Default="false"
						Dependents="PricePeriod,PaymentttPeriod,PaymentPriceUnitPeriod,PaymentPriceSubsampling,PaymentPriceSource,PriceCurve,PaymentCurve"
            IsReadOnly="{IsReadOnly}&#x9;Path;bagProductETrade.Count as CopyCount&#x9;Exp;bool IsReadOnly=(CopyCount &gt; 0)" />           
    <Field Name="PaymentPricePeriod" FieldType="EnumField" SelectorType="Path" Selector="PricePeriod"
            IsEnabled="true" IsRequired="true" IsReactive="True" Occupation="Line" ValidationLevel="0" Column="0" Colspan="1" Rowspan="1" Ratio="22:26" IsBinded="true"
            Caption="{Caption}&#9;Path;IsPaymentType as IsPaymentType&#9;Exp;string Caption=IIf(IsPaymentType == true, &quot;Perioda platby&quot;, &quot;Perioda ceny&quot;)"
            IsReadOnly="{IsReadOnly}&#x9;Path;bagProductETrade.Count as CopyCount&#x9;Exp;bool IsReadOnly=(CopyCount &gt; 0)" >
      <Params>
        <Param Name="HQL">SELECT T, T.Caption FROM SampleETrade T where T.Active=1</Param>
      </Params>
    </Field>
    <Field Name="PaymentPriceUnitPeriod" FieldType="EnumField" SelectorType="Path" Selector="PriceUnitPeriod"
            IsVisible="true" IsEnabled="true" IsRequired="true" IsReactive="True" Occupation="Line" ValidationLevel="0" Column="0" Colspan="1" Rowspan="1" Ratio="22:26" IsBinded="true"
            Caption="{Caption}&#9;Path;IsPaymentType as IsPaymentType&#9;Exp;string Caption=IIf(IsPaymentType == true, &quot;Perioda jednotky platby&quot;, &quot;Perioda jednotky ceny&quot;)"
            IsReadOnly="{IsReadOnly}&#x9;Path;bagProductETrade.Count as CopyCount&#x9;Exp;bool IsReadOnly=(CopyCount &gt; 0)" >
      <Params>
        <Param Name="HQL">SELECT T, T.Caption FROM SampleETrade T where T.Active=1</Param>
      </Params>
    </Field>
    <Field Name="PaymentPriceSubsampling" FieldType="EnumField" SelectorType="Path" Selector="PriceSubsampling" 
            IsRequired="true" Occupation="Line"
            Caption="{Caption}&#9;Path;IsPaymentType as IsPaymentType&#9;Exp;string Caption=IIf(IsPaymentType == true, &quot;Subsampling platby&quot;, &quot;Subsampling ceny&quot;)"
            IsReadOnly="{IsReadOnly}&#x9;Path;bagProductETrade.Count as CopyCount&#x9;Exp;bool IsReadOnly=(CopyCount &gt; 0)" >
      <Params>
        <Param Name="HQL">SELECT P, P.Caption FROM SubsamplingModeT P where P.Active=1</Param>
        <Param Name="FK">PriceSubsamplingFK</Param>
      </Params>
    </Field>
    <Field Name="PaymentPriceSource" Caption="Zdroj hodnot" FieldType="EnumField" SelectorType="Path" Selector="PriceSource" IsRequired="true" Occupation="Line"
            Dependents="PriceCurve,PaymentCurve"
            Default="SELECT P, P.Caption FROM ValueSourceType P where P.Key like 'USER_DIAGRAM'"
            IsReadOnly="{IsReadOnly}&#x9;Path;bagProductETrade.Count as CopyCount&#x9;Exp;bool IsReadOnly=(CopyCount &gt; 0)" >
      <Params>
        <Param Name="HQL">SELECT P, P.Caption FROM ValueSourceType P where P.Active = true</Param>
        <Param Name="FK">PriceSourceFK</Param>
      </Params>
    </Field>
    <Field Name="PriceCurve" Caption="Diagram s cenou" FieldType="EnumField" SelectorType="Path" Selector="PriceCurve" ToolTip="Odkaz na diagram s hodnotami produktu (cenami)."
      IsReactive="True" Occupation="Line" ValidationLevel="0" Column="0" Colspan="1" Rowspan="1" Ratio="22:26" IsBinded="true"
      IsVisible="{IsVisible}&#9;Path;IsPaymentType as IsPaymentType&#9;Exp;bool IsVisible=(IsPaymentType != true)"
      IsRequired="{IsRequired}&#9;Path;PriceSource.Key as priceSource&#9;Exp;bool IsRequired=(priceSource==&quot;PRODUCT_DIAGRAM&quot;)"
      IsEnabled="{IsEnabled}&#9;Path;PriceSource.Key as priceSource&#9;Exp;bool IsEnabled=(priceSource==&quot;PRODUCT_DIAGRAM&quot;)"
      IsReadOnly="{IsReadOnly}&#9;Path;PriceSource.Key as priceSource&#x9;Path;bagProductETrade.Count as CopyCount&#9;Exp;bool IsReadOnly=(CopyCount &gt; 0 || priceSource!=&quot;PRODUCT_DIAGRAM&quot;)">
      <Params>
        <Param Name="HQL">SELECT P, P.Caption FROM IndexCurve P where P.Active=1 and P.IndexCurveType.Key like 'PriceCurve' order by P.Caption</Param>
      </Params>
    </Field>
    <Field Name="PaymentCurve" Caption="Diagram platby" FieldType="EnumField" SelectorType="Path" Selector="PriceCurve" ToolTip="Odkaz na diagram s hodnotami produktu (cenami)."
      IsReactive="True" Occupation="Line" ValidationLevel="0" Column="0" Colspan="1" Rowspan="1" Ratio="22:26" IsBinded="true"
      IsVisible="{IsVisible}&#9;Path;IsPaymentType as IsPaymentType&#9;Exp;bool IsVisible=(IsPaymentType == true)"
      IsRequired="{IsRequired}&#9;Path;PriceSource.Key as priceSource&#9;Exp;bool IsRequired=(priceSource==&quot;PRODUCT_DIAGRAM&quot;)"
      IsEnabled="{IsEnabled}&#9;Path;PriceSource.Key as priceSource&#9;Exp;bool IsEnabled=(priceSource==&quot;PRODUCT_DIAGRAM&quot;)"
      IsReadOnly="{IsReadOnly}&#9;Path;PriceSource.Key as priceSource&#x9;Path;bagProductETrade.Count as CopyCount&#9;Exp;bool IsReadOnly=(CopyCount &gt; 0 || priceSource!=&quot;PRODUCT_DIAGRAM&quot;)">
      <Params>
        <Param Name="HQL">SELECT P, P.Caption FROM IndexCurve P where P.Active=1 and P.IndexCurveType.Key like 'PaymentCurve' order by P.Caption</Param>
      </Params>
    </Field>
    <Field Name="ProductDealStatePaymentPrice" Caption="Stavy pro aktualizaci z křivky" FieldType="MultiSelect" SelectorType="Path" Selector="bagProduct_PriceDealState" Occupation="Block" Height="1" MaxHeight="99"
            IsReadOnly="{IsReadOnly}&#x9;Path;bagProductETrade.Count as CopyCount&#x9;Exp;bool IsReadOnly=(CopyCount &gt; 0)">
      <Params>
        <Param Name="DeleteOnRemove">True</Param>
        <Param Name="IsEditable">True</Param>
        <Param Name="ValuesSet">select D from DealState D where D.Active=1</Param>
        <Param Name="BagItemProgId">Enif.EDA.ETRM.Entities.Product_PriceDealState,EnifETRMCommon</Param>
        <Param Name="RefValue">DealState</Param>
        <Param Name="RefId">DealStateFK</Param>
        <Param Name="FKValue">Product</Param>
        <Param Name="FKId">ProductFK</Param>
        <Param Name="Columns">
          <Param Name="Název">
            <Param Name="Field">Caption</Param>
            <Param Name="Width">100*</Param>
          </Param>
        </Param>
      </Params>
    </Field>
  </FieldSection>
  
</Form>