﻿<Form Type="Entity" Caption="Portfolio" WindowCaption="Portfolio" ProgId="Enif.EDA.ETRM.Gui.Behaviors.egePortfolio,EnifETRMGui" EntityType="Enif.EDA.ETRM.Entities.Portfolio,EnifETRMCommon" IsReadOnly="{IsReadOnly}&#x9;Exp;bool IsReadOnly=!RoleExp(&quot;Admin or ETRM_MDM_PortfolioBook_Settings&quot;)" Scale="1" ValidationLevel="0">
  <Params>
    <Param Name="PropagatedParams">
      <Param Name="OwnerForm" Value="egePortfolio" />
      <Param Name="PortfolioId" Value=""/>
    </Param>
  </Params>
  <FieldSection Name="Detail" Caption="Detail" Columns="1">
    <!-- fake field pre PropagatedParams -->
    <Field Name="PortfolioId" Caption="PortfolioId" FieldType="Integer" SelectorType="Path" Selector="Id" IsVisible="false" IsEnabled="True" IsReadOnly="True" Occupation="Line" />
    <Field Name="Id" Caption="ID portfolia" FieldType="Integer" SelectorType="Path" Selector="Id" IsReadOnly="true" Occupation="Line" />
    <Field Name="Active" Caption="Aktivní" FieldType="BoolField" SelectorType="Path" Selector="Active" IsRequired="true" Occupation="Line" Default="true"
           IsReadOnly="{IsReadOnly}&#x9;Exp;bool IsReadOnly=!(RoleExp(&quot;Admin or ETRM_MDM_PortfolioBook_Settings &quot;))"/>
    <Field Name="MarketUnit" Caption="Obchodní jednotka" FieldType="EnumField" SelectorType="Path" Selector="MarketUnit" IsRequired="True" Occupation="Line" ToolTip="Výběr obchodní jednotky"
            IsReadOnly="{IsReadOnly}&#x9;Exp;bool IsReadOnly=!(RoleExp(&quot;Admin or ETRM_MDM_PortfolioBook_Settings &quot;))">
      <Params>
        <Param Name="HQL">select MU, MU.Subject.Company.Name from MarketUnit MU where MU.Active=true order by MU.Subject.Company.Name</Param>
      </Params>
    </Field>
    <Field Name="Caption" Caption="Název portfolia" FieldType="Text" SelectorType="Path" Selector="Caption" IsRequired="true" Occupation="Line"
           IsReadOnly="{IsReadOnly}&#x9;Exp;bool IsReadOnly=!(RoleExp(&quot;Admin or ETRM_MDM_PortfolioBook_Settings &quot;))"/>
    <Field Name="ShortCaption" Caption="Zkratka" FieldType="Text" SelectorType="Path" Selector="ShortCaption" IsRequired="true" Occupation="Line"
           IsReadOnly="{IsReadOnly}&#x9;Exp;bool IsReadOnly=!(RoleExp(&quot;Admin or ETRM_MDM_PortfolioBook_Settings &quot;))"/>
    <!--<Field Name="Commodity" Caption="komodita" FieldType="EnumField" SelectorType="Path" Selector="BalanzeZone" IsRequired="True" Occupation="Line" ToolTip="Výběr výchzí bilanční zóny"
            IsReadOnly="{IsReadOnly}&#x9;Exp;bool IsReadOnly=!(RoleExp(&quot;Admin or ETRM_MDM_PortfolioBook_Settings &quot;))">
      <Params>
        <Param Name="HQL">select BZ, BZ.Caption from BalanceZone BZ where BZ.Active=true order by BZ.Caption</Param>
      </Params>
    </Field>-->
    <Field Name="BalanceZone" Caption="Výchozí bilanční zóna" FieldType="EnumField" SelectorType="Path" Selector="BalanceZone" IsRequired="False" Occupation="Line" ToolTip="Výběr výchozí bilanční zóny"
            IsReadOnly="{IsReadOnly}&#x9;Exp;bool IsReadOnly=!(RoleExp(&quot;Admin or ETRM_MDM_PortfolioBook_Settings &quot;))">
      <Params>
        <Param Name="HQL">select BZ, BZ.Caption from BalanceZone BZ where BZ.Active=true order by BZ.Caption</Param>
      </Params>
    </Field>
    <Field Name="CumulativePosition" Caption="Kumulativní pozice" FieldType="BoolField" SelectorType="Path" Selector="CumulativePosition" IsRequired="false" Occupation="Line" Default="false"
          IsReadOnly="{IsReadOnly}&#x9;Exp;bool IsReadOnly=!(RoleExp(&quot;Admin or ETRM_MDM_PortfolioBook_Settings &quot;))"/>
  </FieldSection>
  <FieldSection Name="Description" Caption="Popis">
    <Field Name="Description" Caption="Popis" FieldType="Text" SelectorType="Path" Selector="Description" ToolTip="Popis portfolia" Occupation="CaptionBlock">
      <Params>
        <Param Name="Multiline">True</Param>
        <Param Name="TextWrapping">Wrap</Param>
      </Params>
    </Field>
  </FieldSection>
  <FieldSection Name="Subcommodities" Caption="Subkomodity" Visibility="">
    <Field Name="PortfolioCommodity" Caption="Subkomodity portfolia" FieldType="Grid" SelectorType="Path" Selector="bagPortfolioCommodity" Occupation="CaptionBlock">
      <DetailsButton IsVisible="True" Form="egeCommodityETrade" Selector="Commodity" SelectorType="Path" UnionTransaction="True" />
      <SelectButton IsVisible="True" Form="eggCommodityETradePortfolio" UnionTransaction="True" Mode="Multi" />
      <NewButton IsVisible="False" UnionTransaction="True" />
      <Params>
        <Param Name="BagItemProgId">Enif.EDA.ETRM.Entities.PortfolioCommodity,EnifETRMCommon</Param>
        <Param Name="BagItemRefValue">Commodity</Param>
        <Param Name="RefValue">Commodity</Param>
        <Param Name="RefId">CommodityFK</Param>
        <Param Name="FKValue">Portfolio</Param>
        <Param Name="FKId">PortfolioFK</Param>
        <Param Name="SelectionMode">None</Param>
        <Param Name="DeleteMode">Multi</Param>
        <Param Name="DeleteOnRemove">True</Param>
        <Param Name="Order">Commodity.Caption</Param>
        <Param Name="Buttons">
          <Param Id="btnActivate" Uid="btnActivate" Name="btnActivate" Value="Aktivovat">
            <Param Name="Tooltip" Value="Aktivuje subkomoditu"/>
            <Param Name="IsVisible" Value="{IsVisible}&#x9;Exp;bool IsVisible=RoleExp(&quot;Admin or ETRM_MDM_PortfolioBook_Settings&quot;)"/>
          </Param>
          <Param Name="btnDeactivate" Value="Deaktivovat">
            <Param Name="Tooltip" Value="Deaktivuje subkomoditu"/>
            <Param Name="IsVisible" Value="{IsVisible}&#x9;Exp;bool IsVisible=RoleExp(&quot;Admin or ETRM_MDM_PortfolioBook_Settings&quot;)"/>
          </Param>
        </Param>
        <Param Name="DeleteButton">
          <Param Name="RightsAdapters">
            <Param Name="Enif.EDA.ETRM.Validators.PortfolioCommodityDeleteValidator,EnifETRMCommon"/>
          </Param>
        </Param>
        <Param Name="Columns">
          <Param Name="Akt.">
            <Param Name="Field">Active</Param>
            <Param Name="DataType">Boolean</Param>
            <Param Name="Alignment">Center</Param>
            <Param Name="Width">40</Param>
          </Param>
          <Param Name="Subkomodita">
            <Param Name="Field">Commodity.Caption</Param>
            <Param Name="DataType">String</Param>
            <Param Name="Alignment">Left</Param>
          </Param>
        </Param>
      </Params>
    </Field>
  </FieldSection>
  <FieldSection Name="Books" Caption="Knihy">
    <Field Name="bagBook" Caption="Knihy" FieldType="Grid" SelectorType="Path" Selector="bagBook" IsVisible="True" IsEnabled="True" Occupation="Block" Height="5" MaxHeight="5"
            IsReadOnly="{IsReadOnly}&#x9;Exp;bool IsReadOnly=!(RoleExp(&quot;Admin or ETRM_MDM_PortfolioBook_Settings&quot;))">
      <DetailsButton IsVisible="True" Form="egeBook" UnionTransaction="False" />
      <SelectButton IsVisible="True" Form="egeBook" UnionTransaction="True" />
      <NewButton IsVisible="False" UnionTransaction="True" />
      <Params>
        <Param Name="DeleteMode">Multi</Param>
        <Param Name="DeleteOnRemove">True</Param>
        <Param Name="Order">Caption</Param>
        <Param Name="DeleteButton">
          <Param Name="RightsAdapters">
            <Param Name="Enif.EDA.ETRM.Validators.BookDeleteValidator,EnifETRMCommon"/>
          </Param>
          <Param Name="EntityDelegates">
            <Param Name="Destroy_Complete"/>
          </Param>
        </Param>
        <Param Name="Columns">
          <Param Name="Akt.">
            <Param Name="Field">Active</Param>
            <Param Name="DataType">Boolean</Param>
            <Param Name="Alignment">Center</Param>
            <Param Name="Width">40</Param>
          </Param>
          <Param Name="Název">
            <Param Name="Field">Caption</Param>
          </Param>
        </Param>
      </Params>
    </Field>
  </FieldSection>
  
</Form>