﻿<?xml version="1.0" encoding="utf-8"?>
<Form Type="Entity" Caption="Detail Parametru" WindowCaption="Detail Parametru" ProgId="EGCore.EGBaseBehavior,EGCore" EntityType="Enif.EDA.ETRM.Entities.ReportXLSTemplateParam,EnifETRMCommon" IsReadOnly="False" Scale="1" ValidationLevel="0" Background="#CCCCCC">
  <FieldSection Name="Default" Caption="Základní">
      <Field Name="Name" Caption="Jméno" FieldType="Text" SelectorType="Path" Selector="Name" IsReadOnly="false" IsRequired="true" Occupation="Line" IsVisible="true" />
      <Field Name="ParamType" Caption="Typ parametru" FieldType="EnumField" SelectorType="Path" Selector="ReportXLSParamType" IsVisible="true" IsEnabled="true" IsRequired="false" IsReadOnly="false">
         <Params>
           <Param Name="HQL">select T.Id, T.Caption from ReportXLSParamType T</Param>
         </Params>
      </Field>
      <Field Name="InitialValue" Caption="Výchozí hodnota" FieldType="Text" SelectorType="Path" Selector="InitialValue" IsReadOnly="false" IsRequired="true" Occupation="Line" IsVisible="true" />

      <Field Name="Description" Caption="Popis" FieldType="Text" SelectorType="Path" IsRequired="false" IsEnabled="true" IsReadOnly="false" Selector="Description" ToolTip="Popis" Occupation="CaptionBlock" default="">
      <Params>
          <Param Name="Multiline">True</Param>
          <Param Name="TextWrapping">Wrap</Param>
        </Params>
      </Field>
  </FieldSection>

</Form>