﻿<?xml version="1.0" encoding="utf-8"?>
<Form Type="Entity" Caption="Detail šablony" WindowCaption="Detail šablony" ProgId="EGCore.EGBaseBehavior,EGCore" EntityType="Enif.EDA.ETRM.Entities.ReportXLSTemplate,EnifETRMCommon" IsReadOnly="False" Scale="1" ValidationLevel="0" Background="#CCCCCC">
  
  <FieldSection Name="Default" Caption="Základní" Columns="1">
    <Columns />
    <Field Name="Id" Caption="ID" FieldType="Text" SelectorType="Path" Selector="Id" IsReadOnly="true" IsRequired="false" Occupation="Line" IsVisible="true" />
    <Field Name="Name" Caption="Název" FieldType="Text" SelectorType="Path" Selector="Name" IsRequired="true" Occupation="Line" />
    <Field Name="Active" Caption="Aktivní" FieldType="BoolField" SelectorType="Path" Selector="Active" IsVisible="true" IsEnabled="true" IsReadOnly="False" IsRequired="false" Occupation="Line" ValidationLevel="0" Column="0" Colspan="1" Rowspan="1" Ratio="22:26" Default="True" />
    <Field Name="Document" Caption="Dokument" FieldType="Entity" SelectorType="Path" Selector="Document" IsRequired="false" IsEnabled="true" IsReadOnly="false" Occupation="Line">
      <DetailsButton IsVisible="False" Form="egeDocument" UnionTransaction="True" Target="@Window" />
      <SelectButton IsVisible="True" Form="egeDocument" UnionTransaction="True" Target="@Window" Mode="Single" />
      <NewButton IsVisible="False" UnionTransaction="True" />
      <Params>
        <Param Name="Format">{Name}</Param>
        <Param Name="Arguments">
          <Param Name="Path;Name as Name" />
        </Param>
        <Param Name="DeleteButton">False</Param>
      </Params>
    </Field>
    <Field Name="Description" Caption="Popis" FieldType="Text" SelectorType="Path" IsRequired="false" IsEnabled="true" IsReadOnly="false" Selector="Description" ToolTip="Popis reportu" Occupation="CaptionBlock">
      <Params>
        <Param Name="Multiline">True</Param>
        <Param Name="TextWrapping">Wrap</Param>
      </Params>
    </Field>
  </FieldSection>
  
  <FieldSection Name="ReportGroup" Caption="Skupina reportů">
    <Field Name="ReportXLSTemplateGroup" Caption="Skupina reportů" FieldType="MultiSelect" SelectorType="Path" Selector="bagReportXLSTemplateGroup" Occupation="Block" Height="1" MaxHeight="99">
    <Params>
     <Param Name="ValuesSet">select g from ReportXLSGroup g where g.Active = 1 order by g.Caption</Param>
     <Param Name="BagItemProgId">Enif.EDA.ETRM.Entities.ReportXLSTemplateGroup,EnifETRMCommon</Param>
     <Param Name="RefValue">ReportXLSGroup</Param>
     <Param Name="RefId ">ReportXLSGroupFK</Param>
	 <Param Name="FKValue">ReportXLSTemplate</Param>
     <Param Name="FKId ">ReportXLSTemplateFK</Param>
     <Param Name="Columns">
      <Param Name="Název">
        <Param Name="Field">Caption</Param>
        <Param Name="Width">250</Param>
      </Param>
     </Param>
    </Params>
   </Field>
  </FieldSection>
  
  <FieldSection Name="Parameters" Caption="Parametry">
    <Columns />
    <Field Name="bagReportXLSTemplateParam" Caption="Parametry" FieldType="Grid" SelectorType="Path" Selector="bagReportXLSParam" IsReadOnly="False" Occupation="Block">
      <DetailsButton IsVisible="True" Form="egeReportXLSTemplateParam" UnionTransaction="True" Target="@Window" />
      <SelectButton IsVisible="true" Form="egeReportXLSTemplateParam" UnionTransaction="True" Mode="Single" />
      <NewButton IsVisible="false" Form="egeReportXLSTemplateParam" UnionTransaction="True" />
      <Params>
        <Param Name="ValuesSet">SELECT C FROM ReportXLSTemplateParam C</Param>
        <Param Name="PrimaryKeyName">ID</Param>
        <Param Name="Columns">
          <Param Name="Jméno">
            <Param Name="Field">Name</Param>
          </Param>
          <Param Name="Typ parametru">
            <Param Name="Field">ReportXLSParamType.Caption</Param>
          </Param>
          <Param Name="Výchozí hodnota">
            <Param Name="Field">InitialValue</Param>
          </Param>
        </Param>
        <Param Name="DeleteMode">Multi</Param>
      </Params>
    </Field>
  </FieldSection>

  <FieldSection Name="Queries" Caption="Dotazy">
    <Field Name="bagReportXLSTemplateQuery" Caption="Parametry" FieldType="Grid" SelectorType="Path" Selector="bagReportXLSTemplateQuery" IsReadOnly="False" Occupation="Block">
      <DetailsButton IsVisible="True" Form="egeReportXLSTemplateQuery" UnionTransaction="True"/>
      <SelectButton IsVisible="false" Form="egeReportXLSTemplateQuery" UnionTransaction="True"/>
      <NewButton IsVisible="true" Form="egeReportXLSTemplateQuery" UnionTransaction="True" />
      <Params>
        <Param Name="PrimaryKeyName">ID</Param>
        <Param Name="Columns">
          <Param Name="Jméno">
            <Param Name="Field">Name</Param>
          </Param>
          <Param Name="Dotaz">
            <Param Name="Field">Query</Param>
          </Param>
        </Param>
        <Param Name="DeleteMode">Multi</Param>
      </Params>
    </Field>
  </FieldSection>

  <FieldSection Name="Diagrams" Caption="Diagramy">
   <Columns />
    <Field Name="bagReportXLSTemplateDiag" Caption="Parametry" FieldType="Grid" SelectorType="Path" Selector="bagReportXLSTemplateDiag" IsReadOnly="False" Occupation="Block">
      <DetailsButton IsVisible="True" Form="egeReportXLSTemplateDiag" UnionTransaction="True" Target="@Window" />
      <SelectButton IsVisible="true" Form="egeReportXLSTemplateDiag" UnionTransaction="True" Mode="Single" />
      <NewButton IsVisible="false" Form="egeReportXLSTemplateDiag" UnionTransaction="True" />
      <Params>
        <Param Name="ValuesSet">SELECT C FROM ReportXLSTemplateDiag C</Param>
        <Param Name="PrimaryKeyName">ID</Param>
        <Param Name="Columns">
          <Param Name="Jméno">
            <Param Name="Field">Name</Param>
          </Param>
          <Param Name="Datum od">
            <Param Name="Field">DateFrom</Param>
          </Param>
          <Param Name="Datum do">
            <Param Name="Field">DateTo</Param>
          </Param>
          <Param Name="Do Excel">
            <Param Name="Field">DateToIsEx</Param>
          </Param>
        </Param>
        <Param Name="DeleteMode">Multi</Param>
      </Params>
    </Field>
  </FieldSection>

</Form>