﻿<?xml version="1.0" encoding="utf-8"?>
<Form Type="Entity" Caption="Detail Dotazu" WindowCaption="Detail Dotazu" ProgId="EGCore.EGBaseBehavior,EGCore" EntityType="Enif.EDA.ETRM.Entities.ReportXLSTemplateQuery,EnifETRMCommon" IsReadOnly="False" Scale="1" ValidationLevel="0" Background="#CCCCCC">
  <FieldSection Name="Default" Caption="Základní">
      <Field Name="Name" Caption="Jméno" FieldType="Text" SelectorType="Path" Selector="Name" IsReadOnly="false" IsRequired="true" Occupation="Line" IsVisible="true" />
        <Field Name="Query" Caption="Dotaz" FieldType="Text" SelectorType="Path" IsRequired="true" IsEnabled="true" IsReadOnly="false" Selector="Query" ToolTip="Tělo dotazu" Occupation="CaptionBlock">
      <Params>
        <Param Name="Multiline">True</Param>
        <Param Name="TextWrapping">Wrap</Param>
      </Params>
    </Field>
  </FieldSection>
</Form>