﻿<?xml version="1.0" encoding="utf-8"?>
<Form Type="Entity" Caption="Detail Diagramu" WindowCaption="Detail Diagramu" ProgId="EGCore.EGBaseBehavior,EGCore" EntityType="Enif.EDA.ETRM.Entities.ReportXLSTemplateDiag,EnifETRMCommon" IsReadOnly="False" Scale="1" ValidationLevel="0" Background="#CCCCCC">
  <FieldSection Name="Default" Caption="Základní">
      <Field Name="Name" Caption="Jméno" FieldType="Text" SelectorType="Path" Selector="Name" IsReadOnly="false" IsRequired="true" Occupation="Line" IsVisible="true" />
      <Field Name="DateFrom" Caption="Datum od" FieldType="Date" SelectorType="Path" Selector="DateFrom" IsVisible="true" IsRequired="true" IsEnabled="true" IsReadOnly="false"/>
      <Field Name="DateTo" Caption="Datum do" FieldType="Date" SelectorType="Path" Selector="DateTo" IsVisible="true" IsRequired="true" IsEnabled="true" IsReadOnly="false" />
      <Field Name="DateToIsEx" Caption="Do Excl" FieldType="BoolField" SelectorType="Path" Selector="DateToIsEx" IsVisible="True" IsRequired="true" IsEnabled="True" Default="False" Occupation="Line" IsReadOnly="true"/>
      <Field Name="TTimeZone" Caption="Časová zóna" FieldType="EnumField" SelectorType="Path" Selector="TTimeZone" IsVisible="true" IsEnabled="True" IsRequired="false" IsReadOnly="false" >
         <Params>
           <Param Name="HQL">select T, T.Caption from TTimeZone T</Param>
         </Params>
      </Field>
  </FieldSection>

    <FieldSection Name="Diagrams" Caption="Diagramy">
    <Field Name="bagReportXLSTemplateDiag1" Caption="Subjekty" FieldType="Grid" SelectorType="Path" Selector="bagReportXLSTemplateDiagOne" IsReadOnly="False" Occupation="Block">
      <DetailsButton IsVisible="True" Form="egeReportXLSTemplateDiagOne" UnionTransaction="True" Target="@Window" />
      <SelectButton IsVisible="True" Form="egeReportXLSTemplateDiagOne" UnionTransaction="True" Mode="Single" />
      <NewButton IsVisible="false" Form="egeReportXLSTemplateDiagOne" UnionTransaction="True" />
      <Params>
        <Param Name="Columns">
          <Param Name="Jméno">
            <Param Name="Field">Name</Param>
          </Param>
          <Param Name="Cesta">
            <Param Name="Field">DiagPath</Param>
          </Param>
        </Param>
        <Param Name="DeleteMode">Multi</Param>
      </Params>
    </Field>
  </FieldSection>

</Form>