﻿<Form Type="Dummy" Caption="Vytvoření nového reportu" WindowCaption="Vytvoření nového reportu" ProgId="Enif.EDA.ETRM.Gui.Behaviors.egbDReportXLSNew,EnifETRMGui" EntityType="Enif.EDA.ETRM.Entities.ReportXLS,EnifETRMCommon" IsReadOnly="False" Scale="1" ValidationLevel="1" Background="#CCCCCC">
  <Params>
    <Param Name="Buttons">
      <Param Name="New" Value="Vytvořit">
        <Param Name="Tooltip" Value="Vytvoří report"/>
        <Param Name="EntityDelegates">
          <Param Name="Create_Base"/>
        </Param>
      </Param>
    </Param>
  </Params>  
  <FieldSection Name="Default" Caption="Základní">
  

    <Field Name="ReportXLSGroup" Caption="Skupina reportů" FieldType="EnumField" SelectorType="Const" Selector="" IsVisible="True" IsRequired="false" IsEnabled="True" IsReadOnly="false" IsBinded="false" IsReactive="true">
      <Params>
        <Param Name="HQL">select T, T.Caption from ReportXLSGroup T where T.Active=1</Param>
      </Params>
    </Field>

    <Field Name="ReportXLSTemplate" Caption="Šablona reportů" FieldType="EnumField" SelectorType="Const" Selector="" IsVisible="True" IsRequired="false" IsEnabled="True" IsReadOnly="false" IsBinded="false" IsReactive="true">
      <Params>
        <Param Name="HQL">select T, T.Name from ReportXLSTemplate T</Param>
      </Params>
    </Field>
  
    <Field Name="Name" Caption="Název reportu" FieldType="Text" SelectorType="Const" IsEnabled="True" Selector="" IsReadOnly="false" IsRequired="true" Occupation="Line" IsVisible="true"  IsBinded="false" IsReactive="true" />

  </FieldSection>
</Form>