﻿<?xml version="1.0" encoding="utf-8"?>
<Form Type="Entity" Caption="Report" WindowCaption="Report" ProgId="Enif.EDA.ETRM.Gui.Behaviors.egbeReportXLS,EnifETRMGui" EntityType="Enif.EDA.ETRM.Entities.ReportXLS,EnifETRMCommon" IsReadOnly="False" Scale="1" ValidationLevel="0" Background="#CCCCCC">
  
  <FieldSection Name="Default" Caption="Základní">
    <Field Name="Id" Caption="ID" FieldType="Text" SelectorType="Path" Selector="Id" IsReadOnly="true" IsRequired="false" Occupation="Line" IsVisible="true" />
    <Field Name="Name" Caption="Jméno" FieldType="Text" SelectorType="Path" Selector="Name" IsReadOnly="false" IsRequired="false" Occupation="Line" IsVisible="true" />
    <Field Name="ReportXLSTemplate" Caption="Šablona" FieldType="Entity" SelectorType="Path" Selector="ReportXLSTemplate" IsRequired="true" IsEnabled="true" IsReadOnly="true" Occupation="Line">
      <DetailsButton IsVisible="False" Form="egeDocument" UnionTransaction="True" Target="@Window" />
      <SelectButton IsVisible="True" Form="egeDocument" UnionTransaction="True" Target="@Window" Mode="Single" />
      <NewButton IsVisible="False" UnionTransaction="True" />
      <Params>
        <Param Name="Format">{Name}</Param>
        <Param Name="Arguments">
          <Param Name="Path;Name as Name" />
        </Param>
        <Param Name="DeleteButton">False</Param>
      </Params>
    </Field>
	<Field Name="ReportXLSState" Caption="Stav" FieldType="Text" SelectorType="Path" Selector="ReportXLSState.Caption" IsRequired="True" IsVisible="true" IsEnabled="true" IsReadOnly="true"/>

  </FieldSection>
  
  <FieldSection Name="StateDescriptionSection" Caption="Popis stavu">
  <Field Name="StateDescription" Caption="Popis stavu" FieldType="Text" SelectorType="Path" IsRequired="false" IsEnabled="true" IsReadOnly="true" Selector="StateDescription" ToolTip="Popis stavu" Occupation="CaptionBlock">
      <Params>
        <Param Name="Multiline">True</Param>
        <Param Name="TextWrapping">Wrap</Param>
      </Params>
    </Field>
  </FieldSection>
  
  <FieldSection Name="DescriptionSection" Caption="Popis reportu">
  <Field Name="Description" Caption="Popis reportu" FieldType="Text" SelectorType="Path" IsRequired="false" IsEnabled="true" IsReadOnly="false" Selector="Description" ToolTip="Popis reportu" Occupation="CaptionBlock">
      <Params>
        <Param Name="Multiline">True</Param>
        <Param Name="TextWrapping">Wrap</Param>
      </Params>
    </Field>
  </FieldSection>
  
  <FieldSection Name="ParametersSection" Caption="Parametry">
    <Field Name="bagReportXLSParam" Caption="Parametry" FieldType="Grid" SelectorType="Path" Selector="bagReportXLSParam" IsReadOnly="False" Occupation="Block">
      <DetailsButton IsVisible="True" Form="egeReportXLSParam" UnionTransaction="True"/>
      <Params>
        <Param Name="PrimaryKeyName">ID</Param>
        <Param Name="Columns">
          <Param Name="Jméno">
            <Param Name="Field">ReportXLSTemplateParam.Name</Param>
          </Param>
          <Param Name="Popis">
            <Param Name="Field">ReportXLSTemplateParam.Description</Param>
          </Param>
          <Param Name="Typ">
            <Param Name="Field">ReportXLSTemplateParam.ReportXLSParamType.ShortCaption</Param>
          </Param>
          <Param Name="Hodnota">
            <Param Name="Field">Value</Param>
          </Param>
        </Param>
        <Param Name="DeleteMode">Multi</Param>
      </Params>
    </Field>
  </FieldSection>
  
  <FieldSection Name="DocumentsSection" Caption="Dokumenty">
    <Field Name="bagReportXLSResult" Caption="Dokumenty" FieldType="Grid" SelectorType="Path" Selector="bagReportXLSResult" IsReadOnly="False" Occupation="Block">
      <DetailsButton IsVisible="True" Form="egeDocument" UnionTransaction="True"/>
      <Params>
        <Param Name="PrimaryKeyName">ID</Param>
        <Param Name="Columns">
          <Param Name="Jméno">
            <Param Name="Field">Name</Param>
          </Param>
          <Param Name="Business typ">
            <Param Name="Field">Document.BusinessType</Param>
          </Param>
          <Param Name="Vytvořeno">
            <Param Name="Field">CreatedAt</Param>
          </Param>
        </Param>
        <Param Name="DeleteMode">Multi</Param>
      </Params>
    </Field>
  </FieldSection>
</Form>