﻿<?xml version="1.0" encoding="utf-8"?>
<Form Type="Entity" Caption="Shipper pár" WindowCaption="Shipper pár" ProgId="EGCore.EGBaseBehavior,EGCore" EntityType="Enif.EDA.ETRM.Entities.ShipperPair,EnifETRMCommon">
  <FieldSection Name="Default" Caption="Detaily" Columns="1">
    <Columns />
    <Field Name="MarketUnit" Caption="Obchodní jednotka" FieldType="EnumField" SelectorType="Path" Selector="MarketUnit" IsVisible="true" IsEnabled="true" IsReadOnly="false" IsRequired="false" Occupation="Line">
      <Params>
        <Param Name="HQL">SELECT MU, MU.Subject.Company.Name from MarketUnit MU</Param>
      </Params>
    </Field>
    <Field Name="InternalAgreement" Caption="Smlouva internal" FieldType="Entity" SelectorType="Path" Selector="InternalAgreement" IsRequired="false" Occupation="Line">
      <DetailsButton IsVisible="false" UnionTransaction="True" />
      <SelectButton IsVisible="true" Form="eggAgreementSelection" UnionTransaction="True" Mode="Single" />
      <NewButton IsVisible="false" UnionTransaction="True" />
      <Params>
        <Param Name="Format">{Caption}</Param>
        <Param Name="Arguments">
          <Param Name="Path;Caption as Caption" />
        </Param>
        <Param Name="FK">InternalAgreementFK</Param>
      </Params>
    </Field>
    <Field Name="InternalPoint" Caption="Bod internal" FieldType="Text" SelectorType="Path" Selector="InternalAgreement.GridPoint.Caption" IsVisible="true" IsEnabled="true" IsReadOnly="true" IsRequired="false" Occupation="Line" />
    <Field Name="IternalCode" Caption="Kód internal" FieldType="Text" SelectorType="Path" Selector="InternalAgreement.Code" IsVisible="true" IsEnabled="true" IsReadOnly="true" IsRequired="false" Occupation="Line" />
    <Field Name="ExternalAgreement" Caption="Smlouva external" FieldType="Entity" SelectorType="Path" Selector="ExternalAgreement" IsRequired="false" Occupation="Line">
      <DetailsButton IsVisible="false" UnionTransaction="True" />
      <SelectButton IsVisible="true" Form="eggAgreementSelection" UnionTransaction="True" Mode="Single" />
      <NewButton IsVisible="false" UnionTransaction="True" />
      <Params>
        <Param Name="Format">{Caption}</Param>
        <Param Name="Arguments">
          <Param Name="Path;Caption as Caption" />
        </Param>
        <Param Name="FK">ExternalAgreementFK</Param>
      </Params>
    </Field>
    <Field Name="ExternalPoint" Caption="Bod external" FieldType="Text" SelectorType="Path" Selector="ExternalAgreement.GridPoint.Caption" IsVisible="true" IsEnabled="true" IsReadOnly="true" IsRequired="false" Occupation="Line" />
    <Field Name="ExternalCode" Caption="Kód external" FieldType="Text" SelectorType="Path" Selector="ExternalAgreement.Code" IsVisible="true" IsEnabled="true" IsReadOnly="true" IsRequired="true" Occupation="Line" />
    <Field Name="ValidFrom" Caption="Validní od" FieldType="Date" SelectorType="Path" Selector="ValidFrom" IsVisible="true" IsEnabled="true" IsReadOnly="false" IsRequired="false" Occupation="Line" />
    <Field Name="ValidToEx" Caption="Validní do" FieldType="Date" SelectorType="Path" Selector="ValidToEx" IsVisible="true" IsEnabled="true" IsReadOnly="false" IsRequired="false" Occupation="Line" />
  </FieldSection>
</Form>