﻿<?xml version="1.0" encoding="utf-8"?>
<Form Type="Entity" Caption="Identifikátor" WindowCaption="Identifikátor" EntityType="Enif.EDA.EDA.Entities.SubjectIdentifier,EnifGECommon" ProgId="Enif.EDA.ETRM.Gui.Behaviors.egeSubjectIdentifier,EnifETRMGui" IsReadOnly="False" Scale="1" ValidationLevel="0">
  <FieldSection TextColor="#FF000000" Color="#FF78ABB2" Caption="Detail">
    <Field Name="Id" Caption="Id" FieldType="Integer" SelectorType="Path" Selector="Id" IsReadOnly="true" IsRequired="false" Occupation="Line" />
    <Field Name="Type" Caption="Typ" FieldType="EnumField" SelectorType="Path" Selector="IdentifierType" Occupation="Line" IsRequired="True"
            IsReadOnly="{IsReadOnly}&#x9;Exp;bool IsReadOnly=!(RoleExp(&quot;ETRM_MDM_MarketParty_IDs_Settings&quot;))" IsReadOnlyOverride="{IsReadOnlyOverride}&#x9;Exp;bool IsReadOnlyOverride=(RoleExp(&quot;ETRM_MDM_MarketParty_IDs_Settings&quot;))" >
      <Params>
        <Param Name="HQL">SELECT T, T.Caption FROM IdentifierType T where T.Active</Param>
      </Params>
    </Field>
    <Field Name="Value" Caption="Hodnota" FieldType="Text" IsRequired="True" SelectorType="Path" Selector="IdentifierValue" Occupation="Line"
            IsReadOnly="{IsReadOnly}&#x9;Exp;bool IsReadOnly=!(RoleExp(&quot;ETRM_MDM_MarketParty_IDs_Settings&quot;))" IsReadOnlyOverride="{IsReadOnlyOverride}&#x9;Exp;bool IsReadOnlyOverride=(RoleExp(&quot;ETRM_MDM_MarketParty_IDs_Settings&quot;))">
      <Params>
        <Param Name="ValidationRegex">^\s*[a-zA-ZěščřžýáíéĚŠČŘŽÝÁÍÉ0-9._ \-]+\s*[a-zA-ZěščřžýáíéĚŠČŘŽÝÁÍÉ0-9._ \-]+\s*$</Param>
        <Param Name="ValidationRegexMessage">Hodnota může obsahovat jen písmena, čísla, mezery, pomlčku a podtržítko.</Param>
      </Params>
    </Field>
  </FieldSection>
</Form>