﻿<?xml version="1.0" encoding="utf-8"?>
<Form Type="Entity" Caption="Komodita" WindowCaption="Komodita" ProgId="EGCore.EGBaseBehavior,EGCore" EntityType="Enif.EDA.EDA.Entities.TCommodity,EnifGECommon" IsReadOnly="true">
  <FieldSection Name="Default" Caption="Detaily" Columns="1">
    <Field Name="Active" Caption="Aktivní" FieldType="BoolField" SelectorType="Path" Selector="Active" IsRequired="true" Occupation="Line" />
    <Field Name="Key" Caption="Klíč" FieldType="Text" SelectorType="Path" Selector="Key" IsRequired="true" Occupation="Line" />
    <Field Name="Caption" Caption="Název" FieldType="Text" SelectorType="Path" Selector="Caption" IsRequired="true" Occupation="Line" />
  </FieldSection>
  <FieldSection Name="Description" Caption="Popis">
    <Field Name="Description" Caption="Popis" FieldType="Text" SelectorType="Path" Selector="Description" ToolTip="Popis komodity" Occupation="CaptionBlock">
      <Params>
        <Param Name="Multiline">True</Param>
        <Param Name="TextWrapping">Wrap</Param>
      </Params>
    </Field>
  </FieldSection>
  <FieldSection Name="Trhy" Caption="Trhy komodity" Columns="1">
    <Field Name="CommodityMarkets" Caption="Trhy" FieldType="Grid" SelectorType="HQL" Selector="select M.Caption from Market M where M.CommodityFK={0}" IsReadOnly="true" Occupation="Block">
      <DetailsButton IsVisible="False" Form="egeMarket" UnionTransaction="True" Target="@Window" />
      <Params>
        <Param Name="Columns">
          <Param Name="Název">
            <Param Name="Field">Caption</Param>
          </Param>
        </Param>
      </Params>
    </Field>
  </FieldSection>
 </Form>