﻿<?xml version="1.0" encoding="utf-8"?>
<Form Type="Entity" Caption="Kalendář" WindowCaption="Kalendář" ProgId="EGCore.EGBaseBehavior,EGCore" EntityType="Enif.EDA.ENV.Entities.TEnCal,EnifGECommon" IsReadOnly="true">
  <FieldSection Name="Default" Caption="Detaily" Columns="1">
    <Field Name="Active" Caption="Aktivní" FieldType="BoolField" SelectorType="Path" Selector="Active" Occupation="Line" />
    <Field Name="Key" Caption="Klíč" FieldType="Text" SelectorType="Path" Selector="Key" Occupation="Line" />
    <Field Name="Caption" Caption="Název" FieldType="Text" SelectorType="Path" Selector="Caption" Occupation="Line" />
    <Field Name="ShortCaption" Caption="Krátký název" FieldType="Text" SelectorType="Path" Selector="ShortCaption" Occupation="Line" />
    <Field Name="State" Caption="Stát" FieldType="EnumField" SelectorType="Path" Selector="State" IsRequired="false" Occupation="Line">
      <Params>
        <Param Name="HQL">SELECT C, ShortCaption from TState C</Param>
      </Params>
    </Field>
  </FieldSection>
  <FieldSection Name="Description" Caption="Popis">
    <Field Name="Description" Caption="Popis" FieldType="Text" SelectorType="Path" Selector="Description" ToolTip="Popis" Occupation="CaptionBlock">
      <Params>
        <Param Name="Multiline">True</Param>
        <Param Name="TextWrapping">Wrap</Param>
      </Params>
    </Field>
  </FieldSection>
  <FieldSection Name="Ini" Caption="Konfigurace">
    <Field Name="Head" Caption="Hlavička" FieldType="AvalonEdit" SelectorType="Path" Selector="Head" Occupation="CaptionBlock" />
    <Field Name="IniString" Caption="Ini soubor" FieldType="AvalonEdit" SelectorType="Path" Selector="IniString" Occupation="CaptionBlock" />
  </FieldSection>
</Form>