﻿<?xml version="1.0" encoding="utf-8"?>
<Form Type="Entity" Caption="Měna" WindowCaption="Měna" ProgId="EGCore.EGBaseBehavior,EGCore" EntityType="Enif.EDA.ENV.Entities.TCurrency,EnifGECommon" IsReadOnly="true">
  <FieldSection Name="Default" Caption="Detaily" Columns="1">
    <Field Name="Active" Caption="Aktivní" FieldType="BoolField" SelectorType="Path" Selector="Active" Occupation="Line" />
    <Field Name="Key" Caption="Klíč" FieldType="Text" SelectorType="Path" Selector="Key" Occupation="Line" />
    <Field Name="Caption" Caption="Název" FieldType="Text" SelectorType="Path" Selector="Caption" Occupation="Line" />
    <Field Name="ShortCaption" Caption="Krátký název" FieldType="Text" SelectorType="Path" Selector="ShortCaption" Occupation="Line" />
    <Field Name="A3" Caption="A3 forma" FieldType="Text" SelectorType="Path" Selector="A3" Occupation="Line" />
    <Field Name="N3" Caption="N3 forma" FieldType="Integer" SelectorType="Path" Selector="N3" Occupation="Line" />
  </FieldSection>
  <FieldSection Name="Description" Caption="Popis">
    <Field Name="Description" Caption="Popis" FieldType="Text" SelectorType="Path" Selector="Description" ToolTip="Popis měny" Occupation="CaptionBlock">
      <Params>
        <Param Name="Multiline">True</Param>
        <Param Name="TextWrapping">Wrap</Param>
      </Params>
    </Field>
  </FieldSection>
</Form>