﻿<?xml version="1.0" encoding="utf-8"?>
<Form Type="Entity" Caption="Krok diagramu" WindowCaption="Krok diagramu" ProgId="EGCore.EGBaseBehavior,EGCore" EntityType="Enif.EDA.ENV.Entities.TSample,EnifGECommon" IsReadOnly="true">
  <FieldSection Name="Default" Caption="Detaily" Columns="1">
    <Field Name="Active" Caption="Aktivní" FieldType="BoolField" SelectorType="Path" Selector="Active" Occupation="Line" />
    <Field Name="Key" Caption="Klíč" FieldType="Text" SelectorType="Path" Selector="Key" Occupation="Line" />
    <Field Name="Caption" Caption="Název" FieldType="Text" SelectorType="Path" Selector="Caption" Occupation="Line" />
    <Field Name="ShortCaption" Caption="Krátky název" FieldType="Text" SelectorType="Path" Selector="ShortCaption" Occupation="Line" />
    <Field Name="Default" Caption="Výchozí" FieldType="BoolField" SelectorType="Path" Selector="Default" Occupation="Line" />
  </FieldSection>
  <FieldSection Name="Description" Caption="Popis">
    <Field Name="Description" Caption="Popis" FieldType="Text" SelectorType="Path" Selector="Description" ToolTip="Popis" Occupation="CaptionBlock">
      <Params>
        <Param Name="Multiline">True</Param>
        <Param Name="TextWrapping">Wrap</Param>
      </Params>
    </Field>
  </FieldSection>
</Form>