﻿<?xml version="1.0" encoding="utf-8"?>
<Form Type="Entity" Caption="Objemový limit" WindowCaption="Objemový limit" ProgId="Enif.EDA.ETRM.Gui.Behaviors.egeLimit,EnifETRMGui" EntityType="Enif.EDA.ETRM.Entities.OperationalLimit,EnifETRMCommon" CanDelete="None"
        IsReadOnly="{IsReadOnly}&#x9;Exp;bool IsReadOnly=!(RoleExp(&quot;ETRM_MDM_Trader_Limit_Settings&quot;))" IsReadOnlyOverride="{IsReadOnlyOverride}&#x9;Exp;bool IsReadOnlyOverride=(RoleExp(&quot;ETRM_MDM_Trader_Limit_Settings&quot;))">
  <Params>
    <Param Name="EntityDelegates">
      <Param Name="Create_VolumeGui"/>
    </Param>
  </Params>
  <FieldSection Name="Default" Caption="Detail" Columns="1">
    <Columns />
    <Field Name="Id" Caption="Id" FieldType="Integer" SelectorType="Path" Selector="Id" IsReadOnly="true" IsRequired="false" Occupation="Line" />
    <Field Name="Trader" Caption="Obchodník" FieldType="Text" SelectorType="Path" Selector="SubjTradOperLimit.SubjectTrader.Person" IsRequired="False" IsReadOnly="True" Occupation="Line"/>
    <!-- Nastavené z behaviour -->
    <Field Name="MarketParty" Caption="Market Party" FieldType="Text" SelectorType="Path" Selector="SubjTradOperLimit.SubjectTrader.Subject.Company.Name" IsRequired="False" IsReadOnly="True" Occupation="Line"/>
    <Field Name="Commodity" Caption="Komodita" FieldType="EnumField" SelectorType="Path" Selector="Commodity" IsRequired="True" Occupation="Line">
      <Params>
        <Param Name="HQL">select m, m.ShortCaption from CommodityETrade as m where (m.Active=true)</Param>
      </Params>
    </Field>
    <Field Name="ValidFrom" Caption="Od" FieldType="DateTime" SelectorType="Path" Selector="ValidFrom" Occupation="Line" IsRequired="True" IsReadOnly="False">
      <Params>
        <Param Name="Mode">Date</Param>
        <Param Name="CalendarButtons">
          <Param Name="Neomezené">[ -inf]</Param>
        </Param>
      </Params>
    </Field>
    <Field Name="ValidToInc" Caption="Do" FieldType="DateTime" SelectorType="Path" Selector="ValidToInc" Occupation="Line" IsRequired="True" IsReadOnly="False">
      <Params>
        <Param Name="Mode">Date</Param>
        <Param Name="CalendarButtons">
          <Param Name="Neomezené">[ +inf]</Param>
        </Param>
      </Params>
    </Field>
    <Field Name="Limit" Caption="Objem do" FieldType="Number" SelectorType="Path" Selector="Limit" IsRequired="True" Occupation="Line"/>
    <Field Name="Unit" Caption="Jednotka objemu" FieldType="EnumField" SelectorType="Path" Selector="Unit" IsRequired="True" Occupation="Line">
      <Params>
        <Param Name="HQL">select m, m.ShortCaption from UnitETrade as m where m.LimitMaxVolume=true and m.Active=true</Param>
      </Params>
    </Field>
  </FieldSection>
  <FieldSection Name="Description" Caption="Popis" Collapsed="true">
    <Field Name="Description" Caption="Popis" FieldType="Text" SelectorType="Path" Selector="Description" Occupation="CaptionBlock">
      <Params>
        <Param Name="Multiline">True</Param>
        <Param Name="TextWrapping">Wrap</Param>
      </Params>
    </Field>
  </FieldSection>
</Form>