﻿<?xml version="1.0" encoding="utf-8"?>
<Form Type="Grid" EntityType="Enif.EDA.ETRM.Entities.AgreementStorage,EnifETRMCommon" IsReadOnly="{IsReadOnly}&#x9;Exp;bool IsReadOnly=!(RoleExp(&quot;ETRM_MDM_SSO_Contract_Settings&quot;))" Scale="100%" WindowCaption="Zásobníkové smlouvy" Caption="Zásobníkové smlouvy" CanDelete="Multi">
  <Params>
    <Param Name="ViewName">
      Select AGS.Id as ID,
      AGS.Subject.Company.Name as MU,
      AGS.Caption as Caption,
      AGS.ValidFrom as ValidFrom,
      (AGS.ValidToEx - 1) as ValidToEx,
      AGS.BalanceZone.Caption as BZ,
      AGS.BalanceZone.Unit.Caption as BZU,
      AGS.AgreementUnit.ShortCaption as ASU,
      AGS.CapacityUnit.ShortCaption as ASCU
      from AgreementStorage AGS
      order by AGS.Caption
    </Param>
    <Param Name="ViewType">HQL</Param>
    <Param Name="PrimaryKeyName">ID</Param>
    <Param Name="DynamicLoading">False</Param>
    <Param Name="DeleteButton">
      <Param Name="RightsAdapters">
        <Param Name="Enif.EDA.ETRM.Validators.AgreementStorageDeleteValidator,EnifETRMCommon"/>
      </Param>
      <Param Name="EntityDelegates">
        <Param Name="Destroy_Complete"></Param>
      </Param>
    </Param>
    <Param Name="Columns">
      <Param Name="ID">
        <Param Name="Label">ID</Param>
        <Param Name="DataType">String</Param>
        <Param Name="Alignment">Right</Param>
        <Param Name="Width">80</Param>
      </Param>
      <Param Name="MU">
        <Param Name="Label">Vlastník</Param>
        <Param Name="DataType">String</Param>
        <Param Name="Alignment">Left</Param>
        <Param Name="Width">200</Param>
          <Param Name="CalculateDistinctValues">True</Param>
      </Param>
      <Param Name="BZ">
        <Param Name="Label">Bilanční zóna</Param>
        <Param Name="DataType">String</Param>
        <Param Name="Alignment">Left</Param>
        <Param Name="Width">200</Param>
          <Param Name="CalculateDistinctValues">True</Param>
      </Param>
      <Param Name="Caption">
        <Param Name="Label">Název</Param>
        <Param Name="DataType">String</Param>
        <Param Name="Alignment">Left</Param>
        <Param Name="Width">200</Param>
      </Param>
      <Param Name="ValidFrom">
        <Param Name="Label">Platnost od</Param>
        <Param Name="Alignment">Left</Param>
        <Param Name="DataType">DateTime</Param>
        <Param Name="Format">d</Param>
        <Param Name="Width">100</Param>
      </Param>
      <Param Name="ValidToEx">
        <Param Name="Label">Platnost do</Param>
        <Param Name="DataType">DateTime</Param>
        <Param Name="Format">d</Param>
        <Param Name="Alignment">Left</Param>
        <Param Name="Width">100</Param>
      </Param>
      <Param Name="BZU">
        <Param Name="Label">Jedn. zás.</Param>
        <Param Name="DataType">String</Param>
        <Param Name="Alignment">Left</Param>
        <Param Name="Width">100</Param>
          <Param Name="CalculateDistinctValues">True</Param>
      </Param>
      <Param Name="ASU">
        <Param Name="Label">Jedn. sml.</Param>
        <Param Name="DataType">String</Param>
        <Param Name="Alignment">Left</Param>
        <Param Name="Width">100</Param>
          <Param Name="CalculateDistinctValues">True</Param>
      </Param>
      <Param Name="ASCU">
        <Param Name="Label">Jedn. kap.</Param>
        <Param Name="DataType">String</Param>
        <Param Name="Alignment">Left</Param>
        <Param Name="Width">100</Param>
          <Param Name="CalculateDistinctValues">True</Param>
      </Param>
    </Param>
    <Param Name="VariablesBinding">
      <Param Name="MarketUnitCommodityMain" Value="{MarketUnitCommodityMain}" />
    </Param>
  </Params>
  <DetailsButton IsVisible="{IsVisible}&#x9;Exp;bool IsVisible=(RoleExp(&quot;ETRM_MDM_SSO_Contract_Settings&quot;))" Form="egeAgreementStorage" UnionTransaction="True" Target="@Window" />
  <SelectButton IsVisible="{IsVisible}&#x9;Exp;bool IsVisible=(RoleExp(&quot;ETRM_MDM_SSO_Contract_Settings&quot;))" Form="egeAgreementStorage" UnionTransaction="True" Target="@Window" />
</Form>