<?xml version="1.0" encoding="utf-8"?>
<Form Type="Grid" Caption="Kapacitní smlouvy BTS" WindowCaption="Kapacitní smlouvy BTS" ProgId="EGCore.EGBaseBehavior,EGCore" EntityType="Enif.EDA.ETRM.Entities.AgreementBTSCap,EnifETRMCommon" Scale="100%" ValidationLevel="0" CanDelete="Multi" SelectMode="Single" IsReadOnly="False">
  <DetailsButton IsVisible="{IsVisible}&#x9;Exp;bool IsVisible=RoleExp(&quot;Admin or ETRM_MDM_BTS_Contract_Settings&quot;)" Form="egeAgreementBTSCap" UnionTransaction="True" />
  <SelectButton IsVisible="{IsVisible}&#x9;Exp;bool IsVisible=RoleExp(&quot;Admin or ETRM_MDM_BTS_Contract_Settings&quot;)" Form="egeAgreementBTSCap" UnionTransaction="True" />
  <Params>
    <Param Name="ViewName">
      select a.id,a.active,a.key,a.caption agreement,g.caption targetgridpointtype,c.name company
      from eda_agreementbtscap a
      left outer join eda_gridpointtype g on (g.id=a.targetgridpointtypefk)
      left outer join eda_marketunit mu on (mu.id=a.marketunitfk)
      left outer join eda_subject s on (s.id=mu.subjectfk) 
      left outer join eda_company c on (c.id=s.companyfk)
      order by a.caption
    </Param>
    <Param Name="DynamicLoading">False</Param>
    <Param Name="ViewType">Sql</Param>
    <Param Name="PrimaryKeyName">ID</Param>
    <Param Name="WhereCondition" />
    <Param Name="Columns">
      <Param Name="Active">
        <Param Name="Label">Akt.</Param>
        <Param Name="DataType">Boolean</Param>
        <Param Name="Alignment">Center</Param>
        <Param Name="Width">40</Param>
      </Param>
      <Param Name="Id">
        <Param Name="Label">Id</Param>
        <Param Name="DataType">Int64</Param>
        <Param Name="Alignment">Right</Param>
        <Param Name="Width">60</Param>
      </Param>
      <Param Name="Key">
        <Param Name="DataType">String</Param>
        <Param Name="Alignment">Left</Param>
        <Param Name="Width">100</Param>
        <Param Name="Label">Klíč</Param>
      </Param>
      <Param Name="Agreement">
        <Param Name="DataType">String</Param>
        <Param Name="Alignment">Left</Param>
        <Param Name="Width">200</Param>
        <Param Name="Label">Název</Param>
      </Param>
      <Param Name="TargetGridPointType">
        <Param Name="DataType">String</Param>
        <Param Name="Alignment">Left</Param>
        <Param Name="Width">200</Param>
        <Param Name="Label">Typ protibodu</Param>
          <Param Name="CalculateDistinctValues">True</Param>
      </Param>
      <Param Name="Company">
        <Param Name="DataType">String</Param>
        <Param Name="Alignment">Left</Param>
        <Param Name="Width">200</Param>
        <Param Name="Label">Obchodní jednotka</Param>
          <Param Name="CalculateDistinctValues">True</Param>
      </Param>
    </Param>
    <Param Name="PropagatedParams">
      <Param Name="OwnerForm" Value="AgreementBTSCap" />
    </Param>
    <Param Name="Export">
      <Param Name="Export do Excelu"></Param>
    </Param>
    <Param Name="DeleteButton">
      <Param Name="RightsAdapters">
          <Param Name="Enif.EDA.ETRM.Validators.AgreementBTSCapDeleteValidator,EnifETRMCommon"/>
      </Param>
      <!--<Param Name="EntityDelegates">
        <Param Name="Destroy_Gui"></Param>
      </Param>-->
    </Param>
  </Params>
  <DetailsButton IsVisible="True" Form="egeAgreementBTSCap" UnionTransaction="True" Target="@Window" />
  <SelectButton IsVisible="True" Form="egeAgreementBTSCap" UnionTransaction="True" Target="@Window" />
</Form>