﻿<?xml version="1.0" encoding="utf-8"?>
<Form Type="Grid" EntityType="Enif.EDA.ETRM.Entities.Agreement,EnifETRMCommon" Caption="Rámcové smlouvy" WindowCaption="Rámcové smlouvy" Scale="1.4" CanDelete="Multi">
  <Params>
    <Param Name="ViewName">
        Select Agreement.Id as ID, 
               Agreement.Caption as Caption, 
               Agreement.Code as Code,               
               Company.Name as CopartyName, 
               Agreement.ValidFrom as ValidFrom, 
               Agreement.ValidToEx as ValidToEx,
               mucom.MarketUnitFK as MUID
               from MU_Commodity mucom
               inner join mucom.MarketUnit as MU
               inner join MU.bagAgreement as Agreement
               inner join Agreement.Type as agreementType
               left join Agreement.AgreementParty as Coparty
               left join Coparty.Subject as Subject
               left join Subject.Company as Company 
               where mucom.Id = {MarketUnitCommodityMain} and Agreement.MarketUnitFK=mucom.MarketUnitFK and agreementType.Key like '{AgreementTypeKey}'</Param>
    <Param Name="ViewType">HQL</Param>
    <Param Name="PrimaryKeyName">ID</Param>
    <Param Name="DynamicLoading">False</Param>
    <Param Name="AskOnDelete">Opravdu odstranit vybrané smlouvy?</Param>
    <Param Name="Columns">
      <Param Name="Caption">
        <Param Name="Label">Název smlouvy</Param>
        <Param Name="DataType">String</Param>
        <Param Name="Alignment">Left</Param>
        <Param Name="Width">200</Param>
      </Param>
      <Param Name="Code">
        <Param Name="Label">Kód smlouvy</Param>
        <Param Name="DataType">String</Param>
        <Param Name="Alignment">Left</Param>
        <Param Name="Width">100</Param>
      </Param>
      <Param Name="CopartyName">
        <Param Name="Label">Protistrana</Param>
        <Param Name="DataType">String</Param>
        <Param Name="Alignment">Left</Param>
        <Param Name="Width">150</Param>
          <Param Name="CalculateDistinctValues">True</Param>
      </Param>
      <Param Name="ValidFrom">
        <Param Name="Label">Platnost od</Param>
        <Param Name="DataType">Int64</Param>
        <Param Name="Alignment">Right</Param>
        <Param Name="Width">100</Param>
      </Param>
      <Param Name="ValidToEx">
        <Param Name="Label">Platnost do</Param>
        <Param Name="DataType">String</Param>
        <Param Name="Alignment">Right</Param>
        <Param Name="Width">100</Param>
      </Param>
    </Param>
    <Param Name="VariablesBinding">
      <Param Name="MarketUnitCommodityMain" Value="{MarketUnitCommodityMain}" />
      <Param Name="AgreementTypeKey" Value="{AgreementTypeKey}" />
    </Param>
  </Params>
  <DetailsButton IsVisible="True" Form="egeAgreementGeneral" UnionTransaction="True" />
  <SelectButton IsVisible="True" Form="egeAgreementGeneral" UnionTransaction="True" />
</Form>