﻿<?xml version="1.0" encoding="utf-8"?>
<Form Type="Grid" Caption="Smlouvy" WindowCaption="Smlouvy" ProgId="EGCore.EGBaseBehavior,EGCore" EntityType="Enif.EDA.ETRM.Entities.Agreement,EnifETRMCommon" IsReadOnly="false" Scale="1" CanDelete="Multi" SelectMode="Multi">
  <Params>
    <Param Name="ViewName">
      select
      ag.Id Id, ag.Caption Caption, ag.Code Code,
      agt.Caption as TypeCaption,
      ag.ValidFrom as ValidFrom,
      ag.ValidTo as ValidTo,
      agpsc.Name as PartyName,
      musc.Name as MUName,
      gp.Caption as GridPointCaption,
      mar.Caption as MarketCaption

      from
      (select Id, TypeFK, Caption, Code, AgreementPartyFK, GridPointFK, MarketFK, MarketUnitFK, ValidFrom, ValidTo from EDA_Agreement) ag

      left outer join
      (select Id, Caption from EDA_AgreementType) agt
      on
      agt.Id = ag.TypeFK

      -- AgreementParty
      left outer join
      (select Id, SubjectFK from EDA_CopartyETrade) agp
      on
      agp.Id = ag.AgreementPartyFK

      left outer join
      (select Id, CompanyFK from EDA_Subject) agps
      on
      agps.Id = agp.SubjectFK

      left outer join
      (select Id, Name from EDA_Company) agpsc
      on
      agpsc.Id = agps.CompanyFK

      -- MarketUnit
      left outer join
      (select Id, SubjectFK from EDA_MarketUnit) mu
      on
      mu.Id = ag.MarketUnitFK

      left outer join
      (select Id, CompanyFK from EDA_Subject) mus
      on
      mus.Id = mu.SubjectFK

      left outer join
      (select Id, Name from EDA_Company) musc
      on
      musc.Id = mus.CompanyFK

      -- GridPoint
      left outer join
      (select Id, Caption from EDA_GridPoint) gp
      on
      gp.Id = ag.GridPointFK

      -- Market
      left outer join
      (select Id, Caption from EDA_Market) mar
      on
      mar.Id = ag.MarketFK
    </Param>
    <Param Name="ViewType">Sql</Param>
    <Param Name="DynamicLoading">False</Param>
    <Param Name="PrimaryKeyName">ID</Param>
    <Param Name="WhereCondition" />
	<Param Name="Order">Caption,TypeCaption</Param>
    <Param Name="Columns">
      <Param Name="Caption" Value="Label=Název">
        <Param Name="Label">Název</Param>
        <Param Name="DataType">String</Param>
        <Param Name="Alignment">Left</Param>
        <Param Name="Width">120</Param>
      </Param>
      <Param Name="Code" Value="Label=Název">
        <Param Name="Label">Kód</Param>
        <Param Name="DataType">String</Param>
        <Param Name="Alignment">Left</Param>
        <Param Name="Width">100</Param>
      </Param>
      <Param Name="TypeCaption">
        <Param Name="Width">110</Param>
        <Param Name="Label">Typ smlouvy</Param>
        <Param Name="Alignment">Left</Param>
        <Param Name="DataType">String</Param>
        <Param Name="CalculateDistinctValues">True</Param>
      </Param>
      <Param Name="GridPointCaption">
        <Param Name="Label">Bod sítě</Param>
        <Param Name="DataType">String</Param>
        <Param Name="Alignment">Left</Param>
        <Param Name="Width">80</Param>
        <Param Name="CalculateDistinctValues">True</Param>
      </Param>
      <Param Name="MarketCaption">
        <Param Name="Label">Trh</Param>
        <Param Name="DataType">String</Param>
        <Param Name="Alignment">Left</Param>
        <Param Name="Width">80</Param>
        <Param Name="CalculateDistinctValues">True</Param>
      </Param>
    </Param>
    <Param Name="Export">
      <Param Name="Export do Excelu"></Param>
    </Param>
  </Params>
  <DetailsButton IsVisible="False" Form="egeAgreement" UnionTransaction="True" Target="@Window" />
  <SelectButton IsVisible="False" Form="egeAgreement" UnionTransaction="True" Target="@Window" />
</Form>