﻿<?xml version="1.0" encoding="utf-8"?>
<Form Type="Grid" Caption="Účty" WindowCaption="Účty" ProgId="EGCore.EGBaseBehavior,EGCore" EntityType="Enif.EDA.ETRM.Entities.AccountETrade,EnifETRMCommon" IsReadOnly="false" Scale="1.7" CanDelete="Multi" SelectMode="Multi">
  <Params>
    <Param Name="ViewName">select 
aet.Id as Id, aet.Active as Active, aet.Key as Key, aet.Caption as Caption,
COALESCE(buybooks.BuyCountBooks,0) as BuyCountBooks,
COALESCE(buyports.BuyCountPorts,0) as BuyCountPorts,
COALESCE(salebooks.SaleCountBooks,0) as SaleCountBooks,
COALESCE(saleports.SaleCountPorts,0) as SaleCountPorts,
aett.CaptionType as CaptionType

from 
(select Id, Active, Key, Caption, AccountTypeFK from EDA_AccountETrade) aet

left outer join
(select count(Id) as BuyCountBooks, BuyAccountFK from EDA_Book group by BuyAccountFK) buybooks
on
buybooks.BuyAccountFK = aet.Id

left outer join
(select count(Id) as BuyCountPorts, BuyAccountFK from EDA_Portfolio group by BuyAccountFK) buyports
on
buyports.BuyAccountFK = aet.Id

left outer join
(select count(Id) as SaleCountBooks, SaleAccountFK from EDA_Book group by SaleAccountFK) salebooks
on
salebooks.SaleAccountFK = aet.Id

left outer join
(select count(Id) as SaleCountPorts, SaleAccountFK from EDA_Portfolio group by SaleAccountFK) saleports
on
saleports.SaleAccountFK = aet.Id

left outer join
(select Id, Caption as CaptionType from EDA_AccountETradeType) aett
on
aet.AccountTypeFK = aett.Id</Param>
    <Param Name="ViewType">Sql</Param>
    <Param Name="DynamicLoading">False</Param>
    <Param Name="PrimaryKeyName">ID</Param>
    <Param Name="WhereCondition" />
    <Param Name="Columns">
      <Param Name="ACTIVE" Value="Label=Aktivní">
        <Param Name="Width">40</Param>
        <Param Name="DataType">Boolean</Param>
        <Param Name="Label">Akt.</Param>
      </Param>
      <Param Name="KEY" Value="Label=Klíč">
        <Param Name="Label">Klíč</Param>
        <Param Name="Width">120</Param>
        <Param Name="DataType">String</Param>
        <Param Name="Alignment">Left</Param>
      </Param>
      <Param Name="CAPTION" Value="Label=Název">
        <Param Name="Label">Název</Param>
        <Param Name="DataType">String</Param>
        <Param Name="Alignment">Left</Param>
        <Param Name="Width">1*</Param>
      </Param>
      <Param Name="CaptionType">
        <Param Name="Label">Typ účtu</Param>
        <Param Name="DataType">String</Param>
        <Param Name="Alignment">Center</Param>
        <Param Name="Width">70</Param>
        <Param Name="CalculateDistinctValues">True</Param>
      </Param>
      <Param Name="BuyCountPorts">
        <Param Name="Label">Port. nák.</Param>
        <Param Name="DataType">Int16</Param>
        <Param Name="Alignment">Right</Param>
        <Param Name="Width">80</Param>
      </Param>
      <Param Name="BuyCountBooks">
        <Param Name="Label">Knihy nák.</Param>
        <Param Name="DataType">Int16</Param>
        <Param Name="Alignment">Right</Param>
        <Param Name="Width">80</Param>
      </Param>
      <Param Name="SaleCountPorts">
        <Param Name="Label">Port. prod.</Param>
        <Param Name="DataType">Int16</Param>
        <Param Name="Alignment">Right</Param>
        <Param Name="Width">80</Param>
      </Param>
      <Param Name="SaleCountBooks">
        <Param Name="Label">Knihy prod.</Param>
        <Param Name="DataType">Int16</Param>
        <Param Name="Alignment">Right</Param>
        <Param Name="Width">90</Param>
      </Param>
    </Param>
    <Param Name="Export">
      <Param Name="Export do Excelu"></Param>
    </Param>
  </Params>
  <DetailsButton IsVisible="True" Form="egeAccountETrade" UnionTransaction="True" Target="@Window" />
  <SelectButton IsVisible="True" Form="egeAccountETrade" UnionTransaction="True" Target="@Window" />
</Form>