﻿<?xml version="1.0" encoding="utf-8"?>
<Form Type="Grid" EntityType="Enif.EDA.ETRM.Entities.AgreementCapacity,EnifETRMCommon" Caption="Kapacitní smlouvy" Scale="1.5">
  <Params>
    <Param Name="ViewName">Select AgreementCapacity.Id as ID, AgreementCapacity.Caption as Caption, AgreementCapacity.CommodityETrade.Caption as Subcommodity from AgreementCapacity as AgreementCapacity</Param>
    <Param Name="ViewType">HQL</Param>
    <Param Name="PrimaryKeyName">ID</Param>
    <Param Name="DynamicLoading">False</Param>
    <Param Name="Columns">
      <Param Name="ID">
        <Param Name="Label">SysID</Param>
        <Param Name="DataType">String</Param>
        <Param Name="Alignment">Left</Param>
        <Param Name="Width">80</Param>
      </Param>
      <Param Name="Caption">
        <Param Name="Label">Název</Param>
        <Param Name="DataType">String</Param>
        <Param Name="Alignment">Left</Param>
        <Param Name="Width">*</Param>
      </Param> 
      <Param Name="Subcommodity">
        <Param Name="Label">Komodita</Param>
        <Param Name="DataType">String</Param>
        <Param Name="Alignment">Left</Param>
        <Param Name="Width">*</Param>
          <Param Name="CalculateDistinctValues">True</Param>
      </Param>
    </Param>
  </Params>
  <DetailsButton IsVisible="True" Form="egeAgreementCapacity" UnionTransaction="True" Target="@Window" />
  <SelectButton IsVisible="True" Form="egeAgreementCapacity" UnionTransaction="True" Target="@Window" />
</Form>