﻿<?xml version="1.0" encoding="utf-8"?>
<Form Type="Grid" Caption="Pravidla autom.uzavírání knih" WindowCaption="Pravidla autom.uzavírání knih" ProgId="EGCore.EGBaseBehavior,EGCore" EntityType="Enif.EDA.ETRM.Entities.BookClosureRule,EnifETRMCommon" IsReadOnly="{IsReadOnly}&#x9;Exp;bool IsReadOnly=!RoleExp(&quot;Admin or ETRM_MDM_Book_OpenClose&quot;)" Scale="100%" ValidationLevel="0" CanDelete="Multi" SelectMode="Multi">
  <Params>
    <Param Name="ViewName">
      select
      bcr.Id as Id,
      co.Name as MarketUnit,
      bos.Caption SourceBook,
      bz.Caption BalanceZone,
      cet.Caption Commodity,
      bot.Caption TargetBook,
      ic.Caption IndexCurve,
      bcr.VALIDFROM,
      bcr.VALIDTOEX,
      de.Name as Deal
      from eda_bookclosurerule bcr
      left outer join eda_book bos on (bos.id=bcr.SOURCEBOOKFK)
      left outer join eda_portfolio po on (po.id=bos.PORTFOLIOFK)
      left outer join eda_marketunit mu on (mu.id=po.MARKETUNITFK)
      left outer join eda_subject su on (su.id=mu.SUBJECTFK)
      left outer join eda_company co on (co.id=su.CompanyFK)
      left outer join eda_balancezone bz on (bz.id=bcr.BALANCEZONEFK)
      left outer join eda_commodityetrade cet on (cet.id=bcr.COMMODITYFK)
      left outer join eda_book bot on (bot.id=bcr.TARGETBOOKFK)
      left outer join eda_indexcurve ic on (ic.id=bcr.PRICECURVEFK)
      left outer join eda_deal de on (de.id=bcr.DEALTEMPLATEFK)
    </Param>
    <Param Name="DynamicLoading">False</Param>
    <Param Name="ViewType">Sql</Param>
    <Param Name="PrimaryKeyName">Id</Param>
    <Param Name="WhereCondition" />
    <Param Name="Columns">
      <Param Name="Id" Value="Label=ID;DataType=Decimal;Width=60">
        <Param Name="IsVisible">True</Param>
        <Param Name="Label">ID</Param>
        <Param Name="DataType">Int64</Param>
        <Param Name="Alignment">Right</Param>
        <Param Name="Width">70</Param>
      </Param>
      <Param Name="MarketUnit">
        <Param Name="DataType">String</Param>
        <Param Name="Alignment">Left</Param>
        <Param Name="Label">Obch. jednotka</Param>
        <Param Name="Width">150</Param>
        <Param Name="CalculateDistinctValues">True</Param>
      </Param>
      <Param Name="SourceBook">
        <Param Name="DataType">String</Param>
        <Param Name="Alignment">Left</Param>
        <Param Name="Label">Zdroj. kniha</Param>
        <Param Name="Width">120</Param>
        <Param Name="CalculateDistinctValues">True</Param>
      </Param>
      <Param Name="BalanceZone">
        <Param Name="DataType">String</Param>
        <Param Name="Alignment">Left</Param>
        <Param Name="Label">Bilanční zóna</Param>
        <Param Name="Width">120</Param>
        <Param Name="CalculateDistinctValues">True</Param>
      </Param>
      <Param Name="Commodity">
        <Param Name="DataType">String</Param>
        <Param Name="Alignment">Left</Param>
        <Param Name="Label">Subkomodita</Param>
        <Param Name="Width">200</Param>
        <Param Name="MinWidth">150</Param>
        <Param Name="CalculateDistinctValues">True</Param>
      </Param>
      <Param Name="TargetBook">
        <Param Name="DataType">String</Param>
        <Param Name="Alignment">Left</Param>
        <Param Name="Label">Cílová kniha</Param>
        <Param Name="Width">120</Param>
        <Param Name="CalculateDistinctValues">True</Param>
      </Param>
      <Param Name="IndexCurve">
        <Param Name="DataType">String</Param>
        <Param Name="Alignment">Left</Param>
        <Param Name="Label">Cenová křivka</Param>
        <Param Name="Width">120</Param>
        <Param Name="CalculateDistinctValues">True</Param>
      </Param>
      <Param Name="ValidFrom">
        <Param Name="Label">Platnost Od</Param>
        <Param Name="DataType">DateTime</Param>
        <Param Name="Alignment">Right</Param>
        <Param Name="Width">100</Param>
        <Param Name="Format">d.M.yyyy</Param>
        <Param Name="CalculateDistinctValues">True</Param>
      </Param>
      <Param Name="ValidToEx">
        <Param Name="Label">Platnost Do</Param>
        <Param Name="DataType">DateTime</Param>
        <Param Name="Alignment">Right</Param>
        <Param Name="Width">100</Param>
        <Param Name="Format">d.M.yyyy</Param>
        <Param Name="CalculateDistinctValues">True</Param>
      </Param>
      <Param Name="Deal">
        <Param Name="DataType">String</Param>
        <Param Name="Alignment">Left</Param>
        <Param Name="Label">Obchod</Param>
        <Param Name="Width">200</Param>
        <Param Name="CalculateDistinctValues">True</Param>
      </Param>
    </Param>
    <Param Name="DeleteButton">False</Param>
    <Param Name="Export">
      <Param Name="Export do Excelu"></Param>
    </Param>
  </Params>
  <DetailsButton IsVisible="True" Form="egeBookClosureRule" UnionTransaction="True" Target="@Window" />
  <SelectButton IsVisible="True" Form="egeBookClosureRule" UnionTransaction="True" Target="@Window" />
</Form>