﻿<?xml version="1.0" encoding="utf-8"?>
<Form Type="Grid" Caption="Skupiny zón" WindowCaption="Skupiny zón" ProgId="EGCore.EGBaseBehavior,EGCore" EntityType="Enif.EDA.ETRM.Entities.BalanceZoneGroup,EnifETRMCommon" Scale="1.31" CanDelete="Multi">
  <Params>
    <Param Name="ViewName">select 
bzg.Id as Id, bzg.Key as Key, bzg.ExternalId ExternalId, bzg.Caption Caption, bzg.Active as Active,
sam.Caption as SampleCaption,
COALESCE(bz.CountBZ, 0) CountBZ,
COALESCE(mubz.CountMU, 0) CountMU

from 
(select Id, Key, Caption, SampleFK, ExternalID, Active from EDA_BalanceZoneGroup) bzg

left outer join
(select Id, Caption from EDA_TSample) sam
on
bzg.SampleFK = sam.Id

left outer join
(select count(Id) as CountBZ, BalanceZoneGroupFK from EDA_BalanceZone group by BalanceZoneGroupFK) bz
on
bzg.Id = bz.BalanceZoneGroupFK

left outer join
(select count(Id) as CountMU, BalanceZoneGroupFK from EDA_MU_BZG group by BalanceZoneGroupFK) mubz
on
bzg.Id = mubz.BalanceZoneGroupFK

order by bzg.Caption</Param>
    <Param Name="DynamicLoading">False</Param>
    <Param Name="ViewType">Sql</Param>
    <Param Name="PrimaryKeyName">Id</Param>
    <Param Name="WhereCondition" />
    <Param Name="Order">Caption</Param>
    <Param Name="Columns">
      <Param Name="Active">
        <Param Name="Label">Akt.</Param>
        <Param Name="DataType">Boolean</Param>
        <Param Name="Alignment">Center</Param>
        <Param Name="Width">40</Param>
      </Param>
      <Param Name="Caption" Value="Label=Název">
        <Param Name="DataType">String</Param>
        <Param Name="Alignment">Left</Param>
        <Param Name="Label">Název</Param>
        <Param Name="Width">200</Param>
      </Param>
      <Param Name="Key">
        <Param Name="Label">Klíč</Param>
        <Param Name="DataType">String</Param>
        <Param Name="Alignment">Left</Param>
        <Param Name="Width">120</Param>
      </Param>
      <Param Name="SampleCaption" Value="Label=Vyhodnocování odchylky">
        <Param Name="DataType">String</Param>
        <Param Name="Alignment">Center</Param>
        <Param Name="Label">Vzorek</Param>
        <Param Name="Width">60</Param>
        <Param Name="CalculateDistinctValues">True</Param>
      </Param>
      <Param Name="ExternalId">
        <Param Name="Label">Externí Id</Param>
        <Param Name="DataType">String</Param>
        <Param Name="Alignment">Left</Param>
        <Param Name="Width">80</Param>
      </Param>
      <Param Name="CountBZ">
        <Param Name="Label">BZ</Param>
        <Param Name="DataType">Int16</Param>
        <Param Name="Alignment">Right</Param>
        <Param Name="Width">40</Param>
      </Param>
      <Param Name="CountMU">
        <Param Name="Label">OJ</Param>
        <Param Name="DataType">Int16</Param>
        <Param Name="Alignment">Right</Param>
        <Param Name="Width">40</Param>
      </Param>
    </Param>
    <Param Name="Export">
      <Param Name="Export do Excelu" />
    </Param>
    <Param Name="DeleteButton">
	  <Param Name="RightsAdapters">
		<Param Name="Enif.EDA.ETRM.Validators.BalanceZoneGroupValidator,EnifETRMCommon"/>
	  </Param>
      <Param Name="EntityDelegates">
        <Param Name="Destroy_With_Dependencies" />
      </Param>
    </Param>
  </Params>
  <DetailsButton IsVisible="True" Form="egeBalanceZoneGroup" UnionTransaction="True" Target="@Window" />
  <SelectButton IsVisible="True" Form="egeBalanceZoneGroup" UnionTransaction="True" Target="@Window" />
</Form>