﻿<?xml version="1.0" encoding="utf-8"?>
<Form Type="Grid" Caption="Bilanční zóny" WindowCaption="Bilanční zóny" ProgId="EGCore.EGBaseBehavior,EGCore" EntityType="Enif.EDA.ETRM.Entities.BalanceZone,EnifETRMCommon" Scale="1.8" CanDelete="Multi">
  <Params>
    <Param Name="ViewName">select 
bz.Id as Id, bz.Key as Key, bz.ExternalId ExternalId, bz.Caption Caption, bz.Active as Active,
bzg.Caption as BalanceZoneGroupCaption,
sam.Caption as SampleCaption,
bzt.Caption as BalanceZoneTypeCaption,
COALESCE(get.CountGrid,0) as CountGrid,
COALESCE(mubz.CountMU,0) as CountMU

from 
(select Id, Key, Caption, Active, SampleFK, ExternalID, BalanceZoneGroupFK, BalanceZoneTypeFK from EDA_BalanceZone) bz

left outer join
(select Id, Caption from EDA_BalanceZoneGroup) bzg
on
bz.BalanceZoneGroupFK = bzg.Id

left outer join
(select Id, Caption from EDA_BalanceZoneType) bzt
on
bz.BalanceZoneTypeFK = bzt.Id

left outer join
(select Id, Caption from EDA_TSample) sam
on
bz.SampleFK = sam.Id

left outer join
(select count(Id) CountGrid, BalanceZoneFK from EDA_GridETrade group by BalanceZoneFK) get
on
bz.Id = get.BalanceZoneFK

left outer join
(select count(Id) CountMU, BalanceZoneFK from EDA_MU_BZ group by BalanceZoneFK) mubz
on
bz.Id = mubz.BalanceZoneFK

</Param>
    <Param Name="DynamicLoading">False</Param>
    <Param Name="ViewType">Sql</Param>
    <Param Name="PrimaryKeyName">ID</Param>
    <Param Name="WhereCondition" />
    <Param Name="Order">BalanceZoneGroupCaption,Caption</Param>
    <Param Name="Columns">
      <Param Name="Active">
        <Param Name="Label">Akt.</Param>
        <Param Name="DataType">Boolean</Param>
        <Param Name="Alignment">Center</Param>
        <Param Name="Width">40</Param>
      </Param>
      <Param Name="BalanceZoneGroupCaption" Value="Label=Skupina zón">
        <Param Name="DataType">String</Param>
        <Param Name="Alignment">Left</Param>
        <Param Name="Label">Skupina zón</Param>
        <Param Name="CalculateDistinctValues">True</Param>
      </Param>
      <Param Name="Caption" Value="Label=Název">
        <Param Name="Label">Zóna</Param>
        <Param Name="DataType">String</Param>
        <Param Name="Alignment">Left</Param>
      </Param>
      <Param Name="Key">
        <Param Name="Label">Klíč</Param>
        <Param Name="DataType">String</Param>
        <Param Name="Alignment">Left</Param>
        <Param Name="Width">120</Param>
      </Param>
      <Param Name="SampleCaption" Value="Label=Vyhodnocování odchylky">
        <Param Name="DataType">String</Param>
        <Param Name="Alignment">Center</Param>
        <Param Name="Label">Vzorek</Param>
        <Param Name="Width">60</Param>
        <Param Name="CalculateDistinctValues">True</Param>
      </Param>
      <Param Name="BalanceZoneTypeCaption">
        <Param Name="Label">Typ</Param>
        <Param Name="DataType">String</Param>
        <Param Name="Alignment">Left</Param>
        <Param Name="Width">80</Param>
        <Param Name="CalculateDistinctValues">True</Param>
      </Param>
      <Param Name="ExternalId">
        <Param Name="Label">Externí Id</Param>
        <Param Name="DataType">String</Param>
        <Param Name="Alignment">Left</Param>
        <Param Name="Width">80</Param>
      </Param>
      <Param Name="CountGrid">
        <Param Name="Label">Sítí</Param>
        <Param Name="Width">40</Param>
        <Param Name="DataType">Int16</Param>
        <Param Name="Alignment">Right</Param>
      </Param>
      <Param Name="CountMU">
        <Param Name="DataType">Int16</Param>
        <Param Name="Alignment">Right</Param>
        <Param Name="Width">40</Param>
        <Param Name="Label">OJ</Param>
      </Param>
    </Param>
    <Param Name="Export">
      <Param Name="Export do Excelu"></Param>
    </Param>
  </Params>
  <DetailsButton IsVisible="True" Form="egeBalanceZone" UnionTransaction="True" Target="@Window" />
  <SelectButton IsVisible="True" Form="egeBalanceZone" UnionTransaction="True" Target="@Window" />
</Form>