﻿<?xml version="1.0" encoding="utf-8"?>
<Form Type="Grid" Caption="Měny" WindowCaption="Měny" ProgId="EGCore.EGBaseBehavior,EGCore" EntityType="Enif.EDA.ETRM.Entities.CurrencyETrade,EnifETRMCommon" IsReadOnly="false" CanDelete="None" SelectMode="Multi">
  <Params>
    <Param Name="LocalParams">
      <Param Name="IsActive" Value="-1"/>
    </Param>
    <Param Name="VariablesBinding">
      <Param Name="IsActive" Value="{IsActive}"/>
    </Param>
    <Param Name="ViewName">
      select
      cet.Id Id, cet.Active Active, Currency.Key Key, cet.Caption Caption, cet.ShortCaption ShortCaption, Currency.N3 N3, Currency.A3 A3
      from eda_currencyetrade cet
      inner join eda_tcurrency Currency
      on  cet.currencyfk = Currency.id
      where
      (cet.Active={IsActive} or {IsActive}=-1)
    </Param>
    <Param Name="ViewType">Sql</Param>
    <Param Name="DynamicLoading">False</Param>
    <Param Name="PrimaryKeyName">ID</Param>
    <Param Name="WhereCondition" />
    <Param Name="Columns">
      <Param Name="ACTIVE" Value="Label=Aktivní">
        <Param Name="Label">Aktivní</Param>
        <Param Name="DataType">Boolean</Param>
        <Param Name="Width">60</Param>
      </Param>
      <Param Name="KEY" Value="Label=Klíč">
        <Param Name="Label">Klíč</Param>
        <Param Name="DataType">String</Param>
        <Param Name="Alignment">Left</Param>
        <Param Name="Width">60</Param>
      </Param>
      <Param Name="CAPTION" Value="Label=Název">
        <Param Name="Label">Název</Param>
        <Param Name="DataType">String</Param>
        <Param Name="Alignment">Left</Param>
        <Param Name="Width">1*</Param>
        <Param Name="MinWidth">100</Param>
      </Param>
      <Param Name="SHORTCAPTION" Value="Label=Krátky název">
        <Param Name="Label">Zkratka</Param>
        <Param Name="DataType">String</Param>
        <Param Name="Alignment">Left</Param>
        <Param Name="Width">100</Param>
      </Param>
      <Param Name="A3" Value="Label=A3 forma">
        <Param Name="Label">A3</Param>
        <Param Name="DataType">String</Param>
        <Param Name="Alignment">Left</Param>
        <Param Name="Width">50</Param>
      </Param>
      <Param Name="N3" Value="Label=N3 forma">
        <Param Name="Label">N3</Param>
        <Param Name="DataType">Int16</Param>
        <Param Name="Alignment">Left</Param>
        <Param Name="Width">50</Param>
      </Param>
    </Param>
    <Param Name="Export">
      <Param Name="Export do Excelu"></Param>
    </Param>
  </Params>
  <DetailsButton IsVisible="True" Form="egeCurrencyETrade" UnionTransaction="True" Target="@Window" />
  <SelectButton IsVisible="True" Form="egeCurrencyETrade" UnionTransaction="True" Target="@Window" />
</Form>