﻿<?xml version="1.0" encoding="utf-8"?>
<Form Type="Grid" EntityType="Enif.EDA.ETRM.Entities.Communication,EnifETRMCommon" Caption="Komunikace" WindowCaption="Komunikace jednotky" Scale="1.5">
  <Params>
    <Param Name="ViewName">Select Communication.Id as ID, 
                          Communication.MarketUnit.Subject.Company.Name as MarketUnit, 
                          Communication.Caption as Caption, 
                          Communication.Type.Caption as Type 
                          from MU_Commodity mucom
                          inner join mucom.MarketUnit mu 
                          inner join mu.bagCommunication Communication where mucom.Id = {MarketUnitCommodityMain}
    </Param>
    <Param Name="ViewType">HQL</Param>
    <Param Name="PrimaryKeyName">ID</Param>
    <Param Name="DynamicLoading">False</Param>
    <Param Name="Columns">
      <Param Name="ID">
        <Param Name="Label">SysID</Param>
        <Param Name="Width">110</Param>
      </Param>
      <Param Name="MarketUnit">
        <Param Name="Label">Obchodní jednotka</Param>
        <Param Name="Width">*</Param>
      </Param>
      <Param Name="Caption">
        <Param Name="Label">Název</Param>
        <Param Name="Width">*</Param>
      </Param>
      <Param Name="Type">
        <Param Name="Label">Typ</Param>
        <Param Name="Width">*</Param>
      </Param>
    </Param>
    <Param Name="VariablesBinding">
      <Param Name="MarketUnitCommodityMain" Value="{MarketUnitCommodityMain}" />
    </Param>
  </Params>
  <DetailsButton IsVisible="True" Form="egeCommunication" UnionTransaction="True" />
  <SelectButton IsVisible="True" Form="egeCommunication" UnionTransaction="True" />
</Form>