﻿<?xml version="1.0" encoding="utf-8"?>
<Form Type="Grid" Caption="Převodní křivky" WindowCaption="Převodní křivky" ProgId="EGCore.EGBaseBehavior,EGCore" EntityType="Enif.EDA.ETRM.Entities.ConversionSerie,EnifETRMCommon" Scale="100%-1border-1" CanDelete="Multi"
      IsReadOnly="{IsReadOnly}&#x9;Exp;bool IsReadOnly=!(RoleExp(&quot;ETRM_MDM_Curve_Settings&quot;))">
  <Params>
    <Param Name="ViewName">
      select
      cs.Id as Id,
      cs.Active as Active,
      cs.Caption Caption,
      unsrc.ShortCaption as CaptionSrc,
      untarg.ShortCaption as CaptionTarg,
      sam.ShortCaption as CaptionSam,
      zone.ShortCaption as CaptionZone

      from
      (select Id, Active, Caption, SourceUnitFK, TargetUnitFK, SampleFK, TimeZoneFK from EDA_ConversionSerie) cs

      left outer join
      (select Id, ShortCaption from EDA_TUnit) unsrc
      on
      cs.SourceUnitFK = unsrc.Id

      left outer join
      (select Id, ShortCaption from EDA_TUnit) untarg
      on
      cs.TargetUnitFK = untarg.Id

      left outer join
      (select Id, ShortCaption from EDA_SampleETrade) sam
      on
      cs.SampleFK = sam.Id

      left outer join
      (select Id, ShortCaption from EDA_TimeZoneETrade) zone
      on
      cs.TimeZoneFK = zone.Id
    </Param>
    <Param Name="ViewType">Sql</Param>
    <Param Name="PrimaryKeyName">ID</Param>
    <Param Name="DynamicLoading">False</Param>
    <Param Name="WhereCondition" />
    <Param Name="Order">Caption</Param>
    <Param Name="Columns">
      <Param Name="Active">
        <Param Name="Label">Akt.</Param>
        <Param Name="DataType">Boolean</Param>
        <Param Name="Alignment">Center</Param>
        <Param Name="Width">40</Param>
      </Param>
      <Param Name="Id">
        <Param Name="Label">Id</Param>
        <Param Name="DataType">Int64</Param>
        <Param Name="Alignment">Center</Param>
        <Param Name="Width">80</Param>
        <Param Name="IsVisible">True</Param>
      </Param>
      <Param Name="Caption">
        <Param Name="Label">Název</Param>
        <Param Name="DataType">String</Param>
        <Param Name="Alignment">Left</Param>
        <Param Name="Width">150</Param>
        <Param Name="MinWidth">150</Param>
      </Param>
      <Param Name="CaptionSrc">
        <Param Name="Label">Zdroj. jed.</Param>
        <Param Name="DataType">String</Param>
        <Param Name="Alignment">Right</Param>
        <Param Name="IsVisible">True</Param>
        <Param Name="Width">80</Param>
        <Param Name="CalculateDistinctValues">True</Param>
      </Param>
      <Param Name="CaptionTarg">
        <Param Name="Label">Cíl. jed.</Param>
        <Param Name="DataType">String</Param>
        <Param Name="Alignment">Right</Param>
        <Param Name="Width">80</Param>
        <Param Name="IsVisible">True</Param>
        <Param Name="CalculateDistinctValues">True</Param>
      </Param>
      <Param Name="CaptionSam">
        <Param Name="Label">Vzorek</Param>
        <Param Name="DataType">String</Param>
        <Param Name="Alignment">Right</Param>
        <Param Name="Width">80</Param>
        <Param Name="CalculateDistinctValues">True</Param>
      </Param>
      <Param Name="CaptionZone">
        <Param Name="Label">Čas. zóna</Param>
        <Param Name="DataType">String</Param>
        <Param Name="Alignment">Right</Param>
        <Param Name="Width">100</Param>
        <Param Name="CalculateDistinctValues">True</Param>
      </Param>
    </Param>
    <Param Name="Export">
      <Param Name="Export do Excelu"></Param>
    </Param>
    <Param Name="DeleteButton">
      <Param Name="EntityDelegates">
        <Param Name="Destroy_Gui" />
      </Param>
    </Param>
  </Params>
  <DetailsButton IsVisible="True" Form="egeConversionSerie" UnionTransaction="True" Target="@Window" />
  <SelectButton IsVisible="True" Form="egeConversionSerie" UnionTransaction="True" Target="@Window" />
</Form>