﻿<?xml version="1.0" encoding="utf-8"?>
<Form Type="Grid" Caption="Uzávírání knih" WindowCaption="Uzávírání knih" ProgId="Enif.EDA.ETRM.Gui.Behaviors.eggClosingBook,EnifETRMGui" EntityType="Enif.EDA.ETRM.Entities.Book,EnifETRMCommon" IsReadOnly="False" Scale="100%" ValidationLevel="0" CanDelete="None" SelectMode="Multi">
  <Params>
    <Param Name="ViewName">
      select
      bsfd.Id as Id,
      bsfd.ClosureDay as ClosureDay,
      co.Name as MarketUnit,
      bs.Caption as BookState,
      bo.Caption as Book_Caption,
      bo.ShortCaption as Book_ShortCaption,
      bz.Caption as BalanceZone,
      comm.Caption Commodity,
      po.Caption as Portfolio,
      bo.FULLPATH as Book_FullPath
      from eda_BookBZCommStateForDay bsfd
      left outer join eda_Book_BZComm bobc on (bobc.id=bsfd.BookBZCommFK)
      left outer join eda_Book_BZ bobz on (bobz.id=bobc.ParentFK)
      left outer join eda_book bo on (bo.id=bobz.BookFK)
      left outer join eda_CommodityETrade comm on (comm.id=bobc.CommodityFK)
      left outer join eda_portfolio po on (po.id=bo.PORTFOLIOFK)
      left outer join eda_marketunit mu on (mu.id=po.MarketUnitFK)
      left outer join eda_subject su on (su.id=mu.SUBJECTFK)
      left outer join eda_company co on (co.id=su.CompanyFK)
      left outer join eda_bookstate bs on (bs.id=bsfd.STATEFK)
      left outer join eda_balancezone bz on (bz.id=bobz.BALANCEZONEFK)
      order by bsfd.closureday, co.name, bo.caption, bs.Key desc
    </Param>
    <Param Name="DynamicLoading">False</Param>
    <Param Name="ViewType">Sql</Param>
    <Param Name="PrimaryKeyName">Id</Param>
    <Param Name="WhereCondition" />
    <Param Name="Columns">
      <Param Name="ClosureDay">
        <Param Name="Label">Datum uzavř.</Param>
        <Param Name="DataType">DateTime</Param>
        <Param Name="Alignment">Right</Param>
        <Param Name="Width">120</Param>
        <Param Name="Format">d.M.yyyy</Param>
        <Param Name="CalculateDistinctValues">True</Param>
      </Param>
      <Param Name="MarketUnit">
        <Param Name="DataType">String</Param>
        <Param Name="Alignment">Left</Param>
        <Param Name="Label">Obchodní jed.</Param>
        <Param Name="Width">150</Param>
        <Param Name="CalculateDistinctValues">True</Param>
      </Param>
      <Param Name="BookState">
        <Param Name="DataType">String</Param>
        <Param Name="Alignment">Left</Param>
        <Param Name="Label">Stav uzavření</Param>
        <Param Name="Width">120</Param>
        <Param Name="CalculateDistinctValues">True</Param>
      </Param>
      <Param Name="Book_Caption">
        <Param Name="DataType">String</Param>
        <Param Name="Alignment">Left</Param>
        <Param Name="Label">Název knihy</Param>
        <Param Name="Width">120</Param>
        <Param Name="CalculateDistinctValues">True</Param>
      </Param>
      <Param Name="Book_ShortCaption">
        <Param Name="DataType">String</Param>
        <Param Name="Alignment">Left</Param>
        <Param Name="Label">Zkr. knihy</Param>
        <Param Name="Width">100</Param>
        <Param Name="CalculateDistinctValues">True</Param>
      </Param>
      <Param Name="BalanceZone">
        <Param Name="DataType">String</Param>
        <Param Name="Alignment">Left</Param>
        <Param Name="Label">Bilanční zóna</Param>
        <Param Name="Width">150</Param>
        <Param Name="CalculateDistinctValues">True</Param>
      </Param>
      <Param Name="Commodity">
        <Param Name="DataType">String</Param>
        <Param Name="Alignment">Left</Param>
        <Param Name="Label">Subkomodita</Param>
        <Param Name="Width">200</Param>
        <Param Name="CalculateDistinctValues">True</Param>
      </Param>
      <Param Name="Portfolio">
        <Param Name="DataType">String</Param>
        <Param Name="Alignment">Left</Param>
        <Param Name="Label">Portfolio</Param>
        <Param Name="Width">120</Param>
        <Param Name="CalculateDistinctValues">True</Param>
      </Param>
      <Param Name="Book_FullPath">
        <Param Name="DataType">String</Param>
        <Param Name="Alignment">Left</Param>
        <Param Name="Label">Cesta knihy</Param>
        <Param Name="Width">200</Param>
        <Param Name="MinWidth">200</Param>
      </Param>
    </Param>
    <Param Name="DeleteButton">False</Param>
    <Param Name="Export">
      <Param Name="Export do Excelu"></Param>
    </Param>
    <Param Name="Buttons">
      <Param Name="btnClose" Value="Uzavřít">
        <Param Name="Tooltip" Value="Uzavře knihu a spustí pravidlo pro automatické uzavírání knih."/>
        <Param Name="IsVisible" Value="{IsVisible}&#x9;Exp;bool IsVisible=RoleExp(&quot;Admin or ETRM_MDM_Book_OpenClose&quot;)"/>
      </Param>
      <Param Name="btnOpen" Value="Otevřít">
        <Param Name="Tooltip" Value="Znovu otevře knihu."/>
        <Param Name="IsVisible" Value="{IsVisible}&#x9;Exp;bool IsVisible=RoleExp(&quot;Admin or ETRM_MDM_Book_OpenClose&quot;)"/>
      </Param>
    </Param>
  </Params>
</Form>