﻿<?xml version="1.0" encoding="utf-8"?>
<Form Type="Grid" Caption="Fakturační smlouvy" WindowCaption="Fakturační smlouvy" ProgId="EGCore.EGBaseBehavior,EGCore" EntityType="Enif.EDA.ETRM.Entities.ContractETrade,EnifETRMCommon" Scale="2">
  <Params>
    <Param Name="Columns">
      <Param Name="MarketUnitCaption">
        <Param Name="Label">Obch. jednotka</Param>
        <Param Name="Width">140</Param>
        <Param Name="CalculateDistinctValues">True</Param>
      </Param>
      <Param Name="CommodityCaption">
        <Param Name="Label">Komodita</Param>
        <Param Name="Width">80</Param>
        <Param Name="CalculateDistinctValues">True</Param>
      </Param>
      <Param Name="CounterPartyCaption">
        <Param Name="Label">Protistrana</Param>
        <Param Name="Width">140</Param>
        <Param Name="CalculateDistinctValues">True</Param>
      </Param>
      <Param Name="CurrencyCaption">
        <Param Name="Label">Měna</Param>
        <Param Name="Width">50</Param>
        <Param Name="CalculateDistinctValues">True</Param>
      </Param>
      <Param Name="ContractCaption">
        <Param Name="Label">Název</Param>
        <Param Name="Width">140</Param>
        <Param Name="CalculateDistinctValues">True</Param>
      </Param>
      <Param Name="ContractFrom">
        <Param Name="Label">Platnost od</Param>
        <Param Name="DataType">DateTime</Param>
        <Param Name="Format">d</Param>
        <Param Name="Width">90</Param>
        <Param Name="Alignment">Right</Param>
      </Param>
      <Param Name="ContractTo">
        <Param Name="Label">Platnost do</Param>
        <Param Name="DataType">DateTime</Param>
        <Param Name="Format">d</Param>
        <Param Name="Width">90</Param>
        <Param Name="Alignment">Right</Param>
      </Param>
      <Param Name="LokoId">
        <Param Name="Label">Back Office ID</Param>
        <Param Name="Width">120</Param>
        <Param Name="Alignment">Right</Param>
      </Param>
    </Param>
    <Param Name="PrimaryKeyName">ContractId</Param>
    <Param Name="DynamicLoading">False</Param>
    <Param Name="ViewType">HQL</Param>
    <Param Name="ViewName">select
      MU.Name as MarketUnitCaption,
      COM.Caption as CommodityCaption,
      CO.Name as CounterPartyCaption,
      CURR.Caption as CurrencyCaption,
      CON.Id as ContractId,
      CON.Caption as ContractCaption,
      CON.DateFrom as ContractFrom,
      (CON.DateToEx-1) as ContractTo,
      CON.LOKOID as LokoId
      from MU_Commodity mucom
      inner join mucom.MarketUnit mu 
      inner join mu.bagContractETrade CON
      left outer join CON.Commodity as COM
      left outer join CON.Subject.Company as CO
      left outer join CON.Currency.Currency as CURR
      left outer join CON.MarketUnit.Subject.Company as MU
      where mucom.Id={MarketUnitCommodityMain}
    </Param>
    <Param Name="RefreshColumns">True</Param>
    <Param Name="VariablesBinding">
      <Param Name="MarketUnitCommodityMain" Value="{MarketUnitCommodityMain}" />
    </Param>
  </Params>
  <DetailsButton IsVisible="True" Form="egeContractETrade" UnionTransaction="True" />
</Form>