﻿<?xml version="1.0" encoding="utf-8"?>
<Form Type="Grid" Caption="Šablony konfirmací" WindowCaption="Šablony konfirmací" ProgId="" EntityType="Enif.EDA.ETRM.Entities.ConfTemplate,EnifETRMCommon" Scale="1.5">
  <Params>
    <Param Name="ViewName">Select ConfTemplate.Id as ID, ConfTemplate.Name as Name, ConfTemplate.SignatureCount as SignatureCount,  Document.Name as Name2 from ConfTemplate as ConfTemplate left join ConfTemplate.Document as Document</Param>
    <Param Name="ViewType">HQL</Param>
    <Param Name="PrimaryKeyName">ID</Param>
    <Param Name="DynamicLoading">False</Param>
    <Param Name="Columns">
      <Param Name="Name">
        <Param Name="Label">Název</Param>
        <Param Name="Width">200</Param>
        <Param Name="CalculateDistinctValues">True</Param>
      </Param>
      <Param Name="Name2">
        <Param Name="Label">Dokument</Param>
        <Param Name="CalculateDistinctValues">True</Param>
      </Param>
      <Param Name="SignatureCount">
        <Param Name="Label">Počet podpisů</Param>
        <Param Name="Width">110</Param>
      </Param>
    </Param>
    <Param Name="Export">
      <Param Name="Export do Excelu"></Param>
    </Param>
  </Params>
  <DetailsButton IsVisible="True" Form="egeConfTemplate" UnionTransaction="True" />
  <SelectButton IsVisible="True" Form="egeConfTemplate" UnionTransaction="True" />
</Form>