﻿<?xml version="1.0" encoding="utf-8"?>
<Form Type="Grid" Caption="Tržní komodity" WindowCaption="Tržní komodity" ProgId="EGCore.EGBaseBehavior,EGCore" EntityType="Enif.EDA.ETRM.Entities.CommodityETrade,EnifETRMCommon" IsReadOnly="false" Scale="1.5" CanDelete="Multi">
  <Params>
    <Param Name="ViewName">select 
cet.Id as Id, cet.Active as Active, cet.Key as Key, cet.Caption as Caption,
bc.BaseCommodityCaption as BaseCommodityCaption,
tc.ExCommodityCaption as ExCommodityCaption,
COALESCE(mark.CountMark,0) CountMark,
COALESCE(muc.CountMUC,0) CountMUC

from 
(select Id, Active, Key, Caption, ExtendsCommodityFK, BaseCommodityFK from EDA_CommodityETrade) cet

left outer join
(select Id, Caption as BaseCommodityCaption from EDA_CommodityETrade) bc
on
bc.Id = cet.BaseCommodityFK

left outer join
(select Id, Caption as ExCommodityCaption from EDA_TCommodity) tc
on
tc.Id = cet.ExtendsCommodityFK

left outer join
(select count(Id) CountMark, CommodityFK from EDA_Market group by CommodityFK) mark
on
mark.CommodityFK = cet.Id

left outer join
(select count(Id) CountMUC, CommodityFK from EDA_MU_Commodity group by CommodityFK) muc
on
muc.CommodityFK = cet.Id
</Param>
    <Param Name="ViewType">Sql</Param>
    <Param Name="DynamicLoading">False</Param>
    <Param Name="PrimaryKeyName">ID</Param>
    <Param Name="WhereCondition" />
    <Param Name="Columns">
      <Param Name="ACTIVE" Value="Label=Aktivní">
        <Param Name="Label">Aktivní</Param>
        <Param Name="DataType">Boolean</Param>
        <Param Name="Width">60</Param>
      </Param>
      <Param Name="KEY" Value="Label=Klíč">
        <Param Name="DataType">String</Param>
        <Param Name="Alignment">Left</Param>
        <Param Name="Label">Klíč</Param>
        <Param Name="Width">100</Param>
      </Param>
      <Param Name="CAPTION" Value="Label=Název">
        <Param Name="Label">Název</Param>
        <Param Name="DataType">String</Param>
        <Param Name="Alignment">Left</Param>
        <Param Name="Width">*</Param>
      </Param>
      <Param Name="BaseCommodityCaption">
        <Param Name="Label">Základní kom.</Param>
        <Param Name="DataType">String</Param>
        <Param Name="Alignment">Left</Param>
        <Param Name="Width">120</Param>
        <Param Name="CalculateDistinctValues">True</Param>
      </Param>
      <Param Name="ExCommodityCaption">
        <Param Name="Label">Rozšíření kom.</Param>
        <Param Name="DataType">String</Param>
        <Param Name="Alignment">Left</Param>
        <Param Name="Width">120</Param>
        <Param Name="CalculateDistinctValues">True</Param>
      </Param>
      <Param Name="CountMark">
        <Param Name="Label">Trhy</Param>
        <Param Name="DataType">Int16</Param>
        <Param Name="Alignment">Right</Param>
        <Param Name="Width">50</Param>
      </Param>
      <Param Name="CountMUC">
        <Param Name="Label">OJ</Param>
        <Param Name="DataType">Int16</Param>
        <Param Name="Alignment">Right</Param>
        <Param Name="Width">50</Param>
      </Param>
    </Param>
    <Param Name="Export">
      <Param Name="Export do Excelu"></Param>
    </Param>
	<Param Name="DeleteButton">
	  <Param Name="RightsAdapters">
		<Param Name="Enif.EDA.ETRM.Validators.CommodityETradeValidator,EnifETRMCommon"/>
	  </Param>
      <Param Name="EntityDelegates">
        <Param Name="Destroy_With_Dependencies" />
      </Param>
    </Param>
  </Params>
  <DetailsButton IsVisible="True" Form="egeCommodityETrade" UnionTransaction="True" Target="@Window" />
  <SelectButton IsVisible="True" Form="egeCommodityETrade" UnionTransaction="True" Target="@Window" />
</Form>