﻿<?xml version="1.0" encoding="utf-8"?>
<Form Type="Grid" Caption="Podpisy konfirmací" WindowCaption="Podpisy konfirmací" ProgId="" EntityType="Enif.EDA.ETRM.Entities.ConfTemplate,EnifETRMCommon">
  <Params>
    <Param Name="ViewName">Select ConfTemplate.Id as ID, ConfTemplate.Name as Name, ConfTemplate.SignatureCount as SignatureCount  from ConfTemplate as ConfTemplate</Param>
    <Param Name="ViewType">HQL</Param>
    <Param Name="PrimaryKeyName">ID</Param>
    <Param Name="DynamicLoading">False</Param>
    <Param Name="Columns">
      <Param Name="Name">
        <Param Name="Label">Název šablony</Param>
        <Param Name="CalculateDistinctValues">True</Param>
      </Param>
      <Param Name="SignatureCount">
        <Param Name="Label">Počet podpisů</Param>
      </Param>
    </Param>
    <Param Name="DynamicLoading">False</Param>
    <Param Name="Export">
      <Param Name="Export do Excelu" />
    </Param>
  </Params>
  <DetailsButton IsVisible="True" Form="egeConfTemplateSignatures" UnionTransaction="True" />
</Form>