﻿<?xml version="1.0" encoding="utf-8"?>
<Form Type="Grid" Caption="Produkt obchodu" WindowCaption="Produkt obchodu" ProgId="EGCore.EGBaseBehavior,EGCore" EntityType="Enif.EDA.ETRM.Entities.ProductETrade,EnifETRMCommon" Scale="1" CanDelete="None">
  <Params>
    <Param Name="ViewNameXX">
      (select
      P.Id as Id,
      P.Name as Name,
      P.Description as Description,
      PC.ShortCaption as Calendar,
      PP.Caption as ProductPeriod
      from EDA_MarketProduct MP
      inner join EDA_ProductETrade P on (P.Id=MP.ProductFK)
      left outer join EDA_TEnCal PC on (PC.Id=P.CalendarFK)
      left outer join EDA_TSample PP on (PP.Id=P.ProductPeriodFK)
      WHERE MP.MarketFK={0})</Param>
    <Param Name="ViewName">
      (select
      P.Id as Id,
      P.Name as Name,
      P.Description as Description,
      PC.ShortCaption as Calendar,
      PP.Caption as ProductPeriod
      from EDA_ProductETrade P
      left outer join EDA_TEnCal PC on (PC.Id=P.CalendarFK)
      left outer join EDA_TSample PP on (PP.Id=P.ProductPeriodFK)
      where P.ParentProductFK is null)
    </Param>
    <Param Name="Export">
      <Param Name="Export do Excelu"></Param>
    </Param>
    <Param Name="DynamicLoading">True</Param>
    <Param Name="ViewType">Sql</Param>
    <Param Name="PrimaryKeyName">ID</Param>
    <Param Name="WhereCondition" />
    <Param Name="Columns">
      <Param Name="Name" Value="Label=Název;DataType=String">
        <Param Name="Label">Název</Param>
        <Param Name="DataType">String</Param>
        <Param Name="Alignment">Left</Param>
        <Param Name="Width">200</Param>
      </Param>
      <Param Name="Description" Value="Label=Popis;DataType=String">
        <Param Name="Label">Popis</Param>
        <Param Name="DataType">String</Param>
        <Param Name="Alignment">Left</Param>
      </Param>
      <Param Name="Calendar" Value="Label=Kalendář;DataType=String">
        <Param Name="Label">Kalendář</Param>
        <Param Name="DataType">String</Param>
        <Param Name="Alignment">Left</Param>
        <Param Name="Width">80</Param>
      </Param>
      <Param Name="ProductPeriod" Value="Label=Perioda;DataType=String">
        <Param Name="Label">Perioda</Param>
        <Param Name="DataType">String</Param>
        <Param Name="Alignment">Left</Param>
        <Param Name="Width">150</Param>
      </Param>
    </Param>
  </Params>
</Form>