﻿<?xml version="1.0" encoding="utf-8"?>
<Form Type="Grid" Caption="Výchozí Knihy" WindowCaption="Výchozí Knihy" ProgId="EGCore.EGBaseBehavior,EGCore" EntityType="Enif.EDA.ETRM.Entities.DealDefaultBook,EnifETRMCommon" IsReadOnly="{IsReadOnly}&#x9;Exp;bool IsReadOnly=!RoleExp(&quot;Admin or ETRM_MDM_PortfolioBook_Settings&quot;)" Scale="100%" ValidationLevel="0" CanDelete="Multi" SelectMode="Multi">
  <Params>
    <Param Name="ViewName">
      select
      ddb.Id as Id,
      dt.caption as DealType,
      dk.caption as DealKind,
      co.Name as MarketUnit,
      bo.Caption as Book,
      bo.FullPath as BookFullPath
      from eda_dealdefaultbook ddb
      left outer join eda_dealtype dt on (dt.id=ddb.DEALTYPEFK)
      left outer join eda_dealkind dk on (dk.id=ddb.DEALKINDFK)
      left outer join eda_book bo on (bo.id=ddb.BOOKFK)
      left outer join eda_portfolio po on (po.id=bo.PORTFOLIOFK)
      left outer join eda_marketunit mu on (mu.id=po.MARKETUNITFK)
      left outer join eda_subject su on (su.id=mu.SUBJECTFK)
      left outer join eda_company co on (co.id=su.CompanyFK)
      order by dt.Caption
    </Param>
    <Param Name="DynamicLoading">False</Param>
    <Param Name="ViewType">Sql</Param>
    <Param Name="PrimaryKeyName">Id</Param>
    <Param Name="WhereCondition" />
    <Param Name="Columns">
      <Param Name="Id" Value="Label=ID;DataType=Decimal;Width=60">
        <Param Name="IsVisible">True</Param>
        <Param Name="Label">ID</Param>
        <Param Name="DataType">Int64</Param>
        <Param Name="Alignment">Right</Param>
        <Param Name="Width">80</Param>
      </Param>
      <Param Name="DealType">
        <Param Name="DataType">String</Param>
        <Param Name="Alignment">Left</Param>
        <Param Name="Label">Typ obchodu</Param>
        <Param Name="Width">200</Param>
        <Param Name="MinWidth">150</Param>
        <Param Name="CalculateDistinctValues">True</Param>
      </Param>
      <Param Name="DealKind">
        <Param Name="DataType">String</Param>
        <Param Name="Alignment">Left</Param>
        <Param Name="Label">Druh obchodu</Param>
        <Param Name="Width">150</Param>
        <Param Name="CalculateDistinctValues">True</Param>
      </Param>
      <Param Name="MarketUnit">
        <Param Name="DataType">String</Param>
        <Param Name="Alignment">Left</Param>
        <Param Name="Label">Obchodní jednotka</Param>
        <Param Name="Width">200</Param>
        <Param Name="CalculateDistinctValues">True</Param>
      </Param>
      <Param Name="Book">
        <Param Name="DataType">String</Param>
        <Param Name="Alignment">Left</Param>
        <Param Name="Label">Výchozí kniha</Param>
        <Param Name="Width">150</Param>
        <Param Name="CalculateDistinctValues">True</Param>
      </Param>
      <Param Name="BookFullPath">
        <Param Name="DataType">String</Param>
        <Param Name="Alignment">Left</Param>
        <Param Name="Label">Cesta knihy</Param>
        <Param Name="Width">250</Param>
        <Param Name="MinWidth">150</Param>
        <Param Name="CalculateDistinctValues">True</Param>
      </Param>
    </Param>
    <Param Name="DeleteButton">False</Param>
    <Param Name="Export">
      <Param Name="Export do Excelu"></Param>
    </Param>
  </Params>
  <DetailsButton IsVisible="True" Form="egeDealDefaultBook" UnionTransaction="True" Target="@Window" />
  <SelectButton IsVisible="True" Form="egeDealDefaultBook" UnionTransaction="True" Target="@Window" />
</Form>