﻿<?xml version="1.0" encoding="utf-8"?>
<Form Type="Grid" Caption="Způsoby zaúčtování" WindowCaption="Způsoby zaúčtování" ProgId="EGCore.EGBaseBehavior,EGCore" EntityType="Enif.EDA.ETRM.Entities.DealAccType,EnifETRMCommon" IsReadOnly="False" Scale="100%" ValidationLevel="0">
  <Params>
    <Param Name="ViewName">
      select
      accType.Id as Id,
      accType.Key as Key,
      accType.ExternalId as ExternalId,
      accType.Caption as Caption,
      accType.ShortCaption as ShortCaption,
      accType.Active as Active
      from EDA_DealAccType accType
    </Param>
    <Param Name="DynamicLoading">False</Param>
    <Param Name="ViewType">Sql</Param>
    <Param Name="PrimaryKeyName">ID</Param>
    <Param Name="WhereCondition" />
    <Param Name="Order">Caption</Param>
    <Param Name="Columns">
      <Param Name="Active">
        <Param Name="Label">Akt.</Param>
        <Param Name="DataType">Boolean</Param>
        <Param Name="Alignment">Center</Param>
        <Param Name="Width">40</Param>
      </Param>
      <Param Name="Id">
        <Param Name="Label">ID</Param>
        <Param Name="Width">60</Param>
        <Param Name="DataType">Int64</Param>
        <Param Name="Alignment">Right</Param>
        <Param Name="IsVisible">True</Param>
      </Param>
      <Param Name="CAPTION">
        <Param Name="Label">Název</Param>
        <Param Name="Width">200</Param>
        <Param Name="DataType">String</Param>
        <Param Name="Alignment">Left</Param>
        <Param Name="MinWidth">200</Param>
      </Param>
      <Param Name="Key">
        <Param Name="Label">Klíč</Param>
        <Param Name="DataType">String</Param>
        <Param Name="Alignment">Left</Param>
        <Param Name="Width">150</Param>
      </Param>
      <Param Name="ShortCaption">
        <Param Name="Label">Zkratka</Param>
        <Param Name="DataType">String</Param>
        <Param Name="Alignment">Left</Param>
        <Param Name="Width">80</Param>
      </Param>
      <Param Name="EXTERNALID">
        <Param Name="Label">Externí ID</Param>
        <Param Name="Width">80</Param>
        <Param Name="DataType">String</Param>
        <Param Name="Alignment">Right</Param>
        <Param Name="IsVisible">True</Param>
      </Param>
    </Param>
    <Param Name="Export">
      <Param Name="Export do Excelu" />
    </Param>
  </Params>
  <DetailsButton IsVisible="True" Form="egeDealAccType" UnionTransaction="True" Target="@Window" />
  <SelectButton IsVisible="True" Form="egeDealAccType" UnionTransaction="True" Target="@Window" />
</Form>