﻿<?xml version="1.0" encoding="utf-8"?>
<Form Type="Grid" Caption="Cenové/výkonové křivky" WindowCaption="Cenové/výkonové křivky" ProgId="EGCore.EGBaseBehavior,EGCore" EntityType="Enif.EDA.ETRM.Entities.IndexCurve,EnifETRMCommon" Scale="1.5" CanDelete="Multi">
  <Params>
    <Param Name="ViewName">
      select
      ic.Id as Id,
      ic.Active as Active,
      ic.Caption as Caption,
      sam.Caption as CaptionSample,
      ict.Caption as CaptionICType,
      cet.Caption as CaptionComm,
      tc.Caption as CaptionCurr,
      COALESCE(icds.CountICDS, 0) as CountICDS,
      ict.Key as KeyICType
      from
      (select Id, IndexCurveTypeFK, SampleFK, CommodityFK, CurrencyFK, Caption, Active from EDA_IndexCurve) ic

      left outer join
      (select Id, Caption from EDA_TSample) sam
      on
      ic.SampleFK = sam.Id

      left outer join
      (select Id, Caption, Key from EDA_IndexCurveType) ict
      on
      ic.IndexCurveTypeFK = ict.Id

      left outer join
      (select Id, Caption from EDA_CommodityETrade) cet
      on
      ic.CommodityFK = cet.Id

      left outer join
      (select Id, CurrencyFK from EDA_CurrencyETrade) curet
      on
      ic.CurrencyFK = curet.Id

      left outer join
      (select Id, A3 as Caption from EDA_TCurrency) tc
      on
      curet.CurrencyFK = tc.Id

      left outer join
      (select count(Id) CountICDS, IndexCurveFK from EDA_IndexCurveDealState group by IndexCurveFK) icds
      on
      ic.Id = icds.IndexCurveFK
    </Param>
    <Param Name="ViewType">Sql</Param>
    <Param Name="PrimaryKeyName">ID</Param>
    <Param Name="DynamicLoading">False</Param>
    <Param Name="WhereCondition" />
    <Param Name="Columns">
      <Param Name="Active">
        <Param Name="Label">Akt.</Param>
        <Param Name="DataType">Boolean</Param>
        <Param Name="Alignment">Center</Param>
        <Param Name="Width">40</Param>
      </Param>
      <Param Name="Caption">
        <Param Name="Label">Název křivky</Param>
        <Param Name="DataType">String</Param>
        <Param Name="Alignment">Left</Param>
        <Param Name="Width">120*</Param>
        <Param Name="IsVisible">True</Param>
        <Param Name="MinWidth">100</Param>
      </Param>
      <Param Name="CaptionICType">
        <Param Name="Label">Typ křivky</Param>
        <Param Name="DataType">String</Param>
        <Param Name="Alignment">Left</Param>
        <Param Name="IsVisible">True</Param>
        <Param Name="Width">1*</Param>
        <Param Name="MinWidth">100</Param>
        <Param Name="CalculateDistinctValues">True</Param>
      </Param>
      <Param Name="CaptionSample">
        <Param Name="Label">Vzorek</Param>
        <Param Name="DataType">String</Param>
        <Param Name="Alignment">Left</Param>
        <Param Name="Width">80</Param>
        <Param Name="IsVisible">True</Param>
        <Param Name="CalculateDistinctValues">True</Param>
      </Param>
      <Param Name="CaptionComm">
        <Param Name="Label">Komodita</Param>
        <Param Name="DataType">String</Param>
        <Param Name="Alignment">Left</Param>
        <Param Name="Width">1*</Param>
        <Param Name="MinWidth">80</Param>
        <Param Name="CalculateDistinctValues">True</Param>
      </Param>
      <Param Name="CaptionCurr">
        <Param Name="Label">Měna</Param>
        <Param Name="DataType">String</Param>
        <Param Name="Alignment">Center</Param>
        <Param Name="Width">80</Param>
        <Param Name="CalculateDistinctValues">True</Param>
      </Param>
      <Param Name="CountICDS">
        <Param Name="Label">St.obch.</Param>
        <Param Name="DataType">Int16</Param>
        <Param Name="Alignment">Right</Param>
        <Param Name="Width">80</Param>
      </Param>
    </Param>
    <Param Name="Export">
      <Param Name="Export do Excelu" />
    </Param>
  </Params>
  <DetailsButton IsVisible="True" Form="egeIndexCurve" UnionTransaction="True" Target="@Window" />
  <SelectButton IsVisible="True" Form="egeIndexCurve" UnionTransaction="True" Target="@Window" />
</Form>