﻿<?xml version="1.0" encoding="utf-8"?>
<Form Type="Grid" Caption="Obchody" WindowCaption="Obchody" ProgId="Enif.EDA.ETRM.Gui.Behaviors.eggDealBase,EnifETRMGui" EntityType="Enif.EDA.ETRM.Entities.Deal,EnifETRMCommon" IsReadOnly="{IsReadOnly}&#x9;Exp;bool IsReadOnly=!RoleExp(&quot;ETRM_Trader_Settings&quot;)" Scale="100%" ValidationLevel="0" CanDelete="Multi" SelectMode="Multi">
  <Params>
    <Param Name="LocalParams">
      <Param Name="DealKindKey" Value="" />
    </Param>
    <Param Name="VariablesBinding">
      <Param Name="DealKindKey" Value="{DealKindKey}" />
      <Param Name="MarketUnitCommodityId" Value="{MarketUnitCommodityOrNull}&#9;Exp;string MarketUnitCommodityOrNull=nvl2(MarketUnitCommodityMain,&quot;-1&quot;)" />
    </Param>
    <Param Name="ViewName">
      select
      de.id,
      de.Name Name
      from eda_deal de
    </Param>
    <Param Name="DynamicLoading">False</Param>
    <Param Name="RefreshColumns">True</Param>
    <Param Name="ViewType">Sql</Param>
    <Param Name="PrimaryKeyName">ID</Param>
    <Param Name="WhereCondition" />
    <Param Name="Columns">
      <Param Name="Id">
        <Param Name="Label">SysID</Param>
        <Param Name="DataType">Int64</Param>
        <Param Name="Alignment">Center</Param>
        <Param Name="Width">70</Param>
      </Param>
    </Param>
    <Param Name="Export">
      <Param Name="Export do Excelu" />
    </Param>
    <Param Name="Buttons">
      <Param Name="btnStateChange" Value="Změnit stav">
        <Param Name="Tooltip" Value="Změní stav obcodu"/>
        <Param Name="IsVisible" Value="{IsVisible}&#x9;Exp;bool IsVisible=true"/>
      </Param>
    </Param>
  </Params>
  <DetailsButton IsVisible="True" Form="egeDeal" UnionTransaction="True" Target="@NewWindow" />
  <SelectButton IsVisible="True" Form="egeDeal" UnionTransaction="True" Target="@NewWindow" />
</Form>