﻿<?xml version="1.0" encoding="utf-8"?>
<Form Type="Grid" Caption="Obchody" WindowCaption="Obchody" ProgId="EGCore.EGBaseBehavior,EGCore" EntityType="Enif.EDA.ETRM.Entities.Deal,EnifETRMCommon" Scale="2">
  <Params>
    <Param Name="Columns">
      <Param Name="Id">
        <Param Name="Label">SysID</Param>
        <Param Name="Width">60</Param>
      </Param>
      <Param Name="BalanceZone">
        <Param Name="Label">Bilanční zóna</Param>
        <Param Name="Width">120</Param>
        <Param Name="CalculateDistinctValues">True</Param>
      </Param>
      <Param Name="Market">
        <Param Name="Label">Trh</Param>
        <Param Name="Width">160</Param>
        <Param Name="CalculateDistinctValues">True</Param>
      </Param>
      <Param Name="DealDirection">
        <Param Name="Label">Směr</Param>
        <Param Name="Width">120</Param>
        <Param Name="CalculateDistinctValues">True</Param>
      </Param>
      <Param Name="GridPoint">
        <Param Name="Label">Bod</Param>
        <Param Name="DataType">String</Param>
        <Param Name="Alignment">Left</Param>
        <Param Name="Width">120</Param>
          <Param Name="CalculateDistinctValues">True</Param>
      </Param>
      <Param Name="CounterParty">
        <Param Name="Label">Protistrana</Param>
        <Param Name="Width">120</Param>
        <Param Name="CalculateDistinctValues">True</Param>
      </Param>
      <Param Name="Product">
        <Param Name="Label">Produkt</Param>
        <Param Name="Width">160</Param>
        <Param Name="CalculateDistinctValues">True</Param>
      </Param>
      <Param Name="DeliveryFrom">
        <Param Name="Label">Od</Param>
        <Param Name="DataType">DateTime</Param>
        <Param Name="Format">d</Param>
        <Param Name="Width">80</Param>
      </Param>
      <Param Name="DeliveryTo">
        <Param Name="Label">Do</Param>
        <Param Name="DataType">DateTime</Param>
        <Param Name="Format">d</Param>
        <Param Name="Width">80</Param>
      </Param>
      <Param Name="Currency">
        <Param Name="Label">Měna</Param>
        <Param Name="Width">80</Param>
        <Param Name="CalculateDistinctValues">True</Param>
      </Param>
      <Param Name="Portfolio">
        <Param Name="Label">Portfolio</Param>
        <Param Name="DataType">String</Param>
        <Param Name="Alignment">Left</Param>
        <Param Name="Width">100</Param>
        <Param Name="CalculateDistinctValues">True</Param>
      </Param>
      <Param Name="BookHiearchyPath">
        <Param Name="Label">Kniha</Param>
        <Param Name="Width">140</Param>
        <Param Name="CalculateDistinctValues">True</Param>
      </Param>
      <Param Name="DealKind">
        <Param Name="Label">Druh obchodu</Param>
        <Param Name="DataType">String</Param>
        <Param Name="Alignment">Left</Param>
        <Param Name="Width">120</Param>
        <Param Name="CalculateDistinctValues">True</Param>
      </Param>
      <Param Name="State">
        <Param Name="Label">Stav obchodu</Param>
        <Param Name="Width">120</Param>
        <Param Name="CalculateDistinctValues">True</Param>
      </Param>
      <Param Name="VolumeAvgHourly">
        <Param Name="Label">Ø Energie hod</Param>
        <Param Name="DataType">Decimal</Param>
        <Param Name="Alignment">Right</Param>
        <Param Name="Width">120</Param>
        <Param Name="Format">#,##0.000</Param>
      </Param>
      <Param Name="VolumeAvg">
        <Param Name="Label">Ø Energie den</Param>
        <Param Name="DataType">Decimal</Param>
        <Param Name="Width">120</Param>
        <Param Name="Alignment">Right</Param>
        <Param Name="Format">#,##0.000</Param>
      </Param>
      <Param Name="Volume">
        <Param Name="Label">Energie</Param>
        <Param Name="DataType">Decimal</Param>
        <Param Name="Width">100</Param>
        <Param Name="Alignment">Right</Param>
        <Param Name="Format">#,##0.000</Param>
      </Param>
      <Param Name="Price">
        <Param Name="Label">Cena</Param>
        <Param Name="DataType">Decimal</Param>
        <Param Name="Width">100</Param>
        <Param Name="Alignment">Right</Param>
        <Param Name="Format">#,##0.000</Param>
      </Param>
      <Param Name="Payment">
        <Param Name="Label">Platba</Param>
        <Param Name="DataType">Decimal</Param>
        <Param Name="Width">160</Param>
        <Param Name="Alignment">Right</Param>
        <Param Name="Format">#,##0.000</Param>
      </Param>
      <Param Name="PriceMU">
        <Param Name="Label">Cena zákl.</Param>
        <Param Name="DataType">Decimal</Param>
        <Param Name="Width">160</Param>
        <Param Name="Alignment">Right</Param>
        <Param Name="Format">#,##0.000</Param>
      </Param>
      <Param Name="PaymentMU">
        <Param Name="Label">Platba zákl.</Param>
        <Param Name="DataType">Decimal</Param>
        <Param Name="Width">160</Param>
        <Param Name="Alignment">Right</Param>
        <Param Name="Format">#,##0.000</Param>
      </Param>
      <Param Name="DealID">
        <Param Name="Label">Id Obchodu</Param>
        <Param Name="Width">100</Param>
        <Param Name="IsVisible">False</Param>
      </Param>
      <Param Name="DealTypeCaption">
        <Param Name="Label">Typ obchodu</Param>
        <Param Name="DataType">String</Param>
        <Param Name="Alignment">Left</Param>
        <Param Name="Width">120</Param>
        <Param Name="CalculateDistinctValues">True</Param>
        <Param Name="IsVisible">False</Param>
      </Param>
      <Param Name="StateAggType">
        <Param Name="Label">Agr.</Param>
        <Param Name="DataType">Byte</Param>
        <Param Name="Alignment">Center</Param>
        <Param Name="Width">80</Param>
        <Param Name="CalculateDistinctValues">True</Param>
        <Param Name="IsVisible">False</Param>
      </Param>
      <Param Name="DealCreate">
        <Param Name="Label">Čas vytvoření</Param>
        <Param Name="DataType">DateTime</Param>
        <Param Name="Alignment">Center</Param>
        <Param Name="Width">160</Param>
      </Param>
    </Param>
    <Param Name="PrimaryKeyName">Id</Param>
    <Param Name="DynamicLoading">False</Param>
    <Param Name="ViewType">HQL</Param>
    <Param Name="ViewName">
      select
      T.Id as Id,
      T.DealID as DealID,
      DT.Caption as DealTypeCaption,
      CO.Name as CounterParty,
      P.Name as Product,
      GP.Grid.Grid.Caption || '-' || GP.Caption as GridPoint,
      DD.Caption as DealDirection,
      T.DeliveryFrom as DeliveryFrom,
      (T.DeliveryTo-1) as DeliveryTo,
      B.FullPath as BookHiearchyPath,
      BZG.Caption || '-' || BZ.Caption as BalanceZone,
      M.Caption || '-' || DT.Caption as Market,
      DS.Caption as State,
      DS.AggType as StateAggType,
      T.VolumeAvg as VolumeAvg,
      T.VolumeHourlyAvg as VolumeAvgHourly,
      T.Volume as Volume,
      CR.A3 as Currency,
      T.Price as Price,
      T.Payment as Payment,
      T.PriceMU as PriceMU,
      T.PaymentMU as PaymentMU,
      PO.Caption as Portfolio,
      DK.Caption as DealKind,
      T.CreatedAt as DealCreate
      from Deal T
      left outer join T.Book as B
      left outer join T.Market as M
      left outer join T.Product as P
      left outer join T.DealDirection as DD
      left outer join T.DealState as DS
      left outer join T.CurrencyETrade as CRE
      left outer join T.Coparty as CP
      left outer join T.DealType as DT
      left outer join T.GridETrade as GR
      left outer join T.DealKind as DK
      left outer join T.MarketUnit as MU
      left outer join T.Commodity as COM
      left outer join T.EntryGridPoint as GP
      left outer join GR.BalanceZone as BZ
      left outer join BZ.BalanceZoneGroup as BZG
      left outer join CP.Subject.Company as CO
      left outer join CRE.Currency as CR
      left outer join B.Portfolio as PO
      where
      ({MarketUnitBalanceZoneCommodityId}!=-1
      and
      MU.Id in (select muc.Parent.MarketUnit.Id from MU_BZComm muc where muc.Id={MarketUnitBalanceZoneCommodityId})
      and
      BZ.Id in (select muc.Parent.BalanceZone.Id from MU_BZComm muc where muc.Id={MarketUnitBalanceZoneCommodityId})
      and
      COM.Id in (select muc.Comm.Id from MU_BZComm muc where muc.Id={MarketUnitBalanceZoneCommodityId})
      )
      or
      (
      ({MarketUnitBalanceZoneCommodityMainId}!=-1 and {MarketUnitBalanceZoneCommodityId}=-1
      and
      MU.Id in (select muc.Parent.MarketUnit.Id from MU_BZComm muc where muc.Id={MarketUnitBalanceZoneCommodityMainId})
      and
      BZ.Id in (select muc.Parent.BalanceZone.Id from MU_BZComm muc where muc.Id={MarketUnitBalanceZoneCommodityMainId})
      )
      or
      (
      ({MarketUnitBalanceZoneGroupCommodityId}!=-1 and {MarketUnitBalanceZoneCommodityId}=-1  and {MarketUnitBalanceZoneCommodityMainId}=-1
      and
      MU.Id in (select muc.Parent.MarketUnit.Id from MU_BZGComm muc where muc.Id={MarketUnitBalanceZoneGroupCommodityId})
      and
      BZG.Id in (select muc.Parent.BalanceZoneGroup.Id from MU_BZGComm muc where muc.Id={MarketUnitBalanceZoneGroupCommodityId})
      and
      COM.Id in (select muc.Comm.Id from MU_BZGComm muc where muc.Id={MarketUnitBalanceZoneGroupCommodityId})
      )
      or
      (
      ({MarketUnitBalanceZoneGroupCommodityMainId}!=-1 and {MarketUnitBalanceZoneCommodityId}=-1  and {MarketUnitBalanceZoneCommodityMainId}=-1 and {MarketUnitBalanceZoneGroupCommodityId}=-1
      and
      MU.Id in (select muc.Parent.MarketUnit.Id from MU_BZGComm muc where muc.Id={MarketUnitBalanceZoneGroupCommodityMainId})
      and
      BZG.Id in (select muc.Parent.BalanceZoneGroup.Id from MU_BZGComm muc where muc.Id={MarketUnitBalanceZoneGroupCommodityMainId})
      )
      or
      (
      ({MarketUnitCommodityId}!=-1 and {MarketUnitBalanceZoneCommodityId}=-1 and {MarketUnitBalanceZoneCommodityMainId}=-1 and {MarketUnitBalanceZoneGroupCommodityId}=-1  and {MarketUnitBalanceZoneGroupCommodityMainId}=-1
      and
      MU.Id in (select muc.MarketUnit.Id from MU_Commodity muc where muc.Id={MarketUnitCommodityId})
      and
      COM.Id in (select muc.Commodity.Id from MU_Commodity muc where muc.Id={MarketUnitCommodityId})
      )
      or
      (
      ({MarketUnitCommodityMainId}!=-1 and {MarketUnitCommodityId}=-1 and {MarketUnitBalanceZoneCommodityId}=-1 and {MarketUnitBalanceZoneCommodityMainId}=-1 and {MarketUnitBalanceZoneGroupCommodityId}=-1  and {MarketUnitBalanceZoneGroupCommodityMainId}=-1
      and MU.Id in (select muc.MarketUnit.Id from MU_Commodity muc where muc.Id={MarketUnitCommodityMainId})
      )
      )
      )
      )
      )
      )
    </Param>
    <Param Name="RefreshColumns">True</Param>
    <Param Name="Export">
      <Param Name="Export do Excelu"></Param>
    </Param>
    <Param Name="VariablesBinding">
      <Param Name="MarketUnitCommodityMainId" Value="{MarketUnitCommodityMainOrNull}&#9;Exp;string MarketUnitCommodityMainOrNull=nvl2(MarketUnitCommodityMain,&quot;-1&quot;)" />
      <Param Name="MarketUnitCommodityId" Value="{MarketUnitCommodityOrNull}&#9;Exp;string MarketUnitCommodityOrNull=nvl2(MarketUnitCommodity,&quot;-1&quot;)" />
      <Param Name="MarketUnitBalanceZoneCommodityMainId" Value="{MarketUnitBalanceZoneCommodityMainOrNull}&#9;Exp;string MarketUnitBalanceZoneCommodityMainOrNull=nvl2(MarketUnitBalanceZoneCommodityMain,&quot;-1&quot;)" />
      <Param Name="MarketUnitBalanceZoneCommodityId" Value="{MarketUnitBalanceZoneCommodityOrNull}&#9;Exp;string MarketUnitBalanceZoneCommodityOrNull=nvl2(MarketUnitBalanceZoneCommodity,&quot;-1&quot;)" />
      <Param Name="MarketUnitBalanceZoneGroupCommodityMainId" Value="{MarketUnitBalanceZoneGroupCommodityMainOrNull}&#9;Exp;string MarketUnitBalanceZoneGroupCommodityMainOrNull=nvl2(MarketUnitBalanceZoneGroupCommodityMain,&quot;-1&quot;)" />
      <Param Name="MarketUnitBalanceZoneGroupCommodityId" Value="{MarketUnitBalanceZoneGroupCommodityOrNull}&#9;Exp;string MarketUnitBalanceZoneGroupCommodityOrNull=nvl2(MarketUnitBalanceZoneGroupCommodity,&quot;-1&quot;)" />
    </Param>
  </Params>
  <DetailsButton IsVisible="True" Form="egeDeal" UnionTransaction="True" Target="@NewWindow" />
  <SelectButton IsVisible="True" Form="egeDeal" UnionTransaction="True" Target="@NewWindow" />
</Form>