﻿<?xml version="1.0" encoding="utf-8"?>
<Form Type="Grid" Caption="Obchody" WindowCaption="Obchody" ProgId="Enif.EDA.ETRM.Gui.Behaviors.eggDealBase,EnifETRMGui" EntityType="Enif.EDA.ETRM.Entities.Deal,EnifETRMCommon" IsReadOnly="True" Scale="100%" CanDelete="Multi">
  <Params>
    <Param Name="VariablesBinding">
      <Param Name="SourceMarketUnitId" Value="{SourceMarketUnitId}" />
      <Param Name="CommodityId" Value="{CommodityId}" />
    </Param>
    <Param Name="ViewName">
      select
      de.Id as Id,
      de.Book.Caption as Book,
      de.DealType.Commodity.Caption as Commodity,
      de.Market.Caption as Market,
      de.DealType.Caption as DealType,
      de.DealDirection.Caption as DealDirection,
      de.GridPointInternal.GridPointType.ShortCaption ||' '|| de.GridPointInternal.Caption ||' ('||de.GridPointInternal.IOType.Key||') '||de.GridPointInternal.Grid.ShortCaption as GridPoint,
      de.GridPointInternal.Grid.Caption as Grid,
      de.Product.Name as Product,
      de.DeliveryFrom as DeliveryFrom,
      de.DeliveryTo as DeliveryTo,
      de.CurrencyETrade.Currency.Key as Currency,
      de.DealKind.Caption as DealKind,
      de.SettledAt as SettledAt,
      de.Payment as Payment,
      de.Price as Price
      from Deal de
      where
      (de.DealType.Key='UNI_BOOKTRANSCOMM') or (de.DealType.Key='UNI_BOOKTRANSFUTURES'))and
      de.Product.EnergySource.Key='USER_DIAGRAM' and de.Product.EnergyPeriod.Key='Day' and (de.Product.PriceSource.Key='DEAL_DIAGRAM' or de.Product.PriceSource.Key='PRODUCT_DIAGRAM')
      (de.MarketUnitFK={SourceMarketUnitId}) and
      (de.DealType.CommodityFK={CommodityId})
    </Param>
    <Param Name="DynamicLoading">False</Param>
    <Param Name="ViewType">Hql</Param>
    <Param Name="PrimaryKeyName">ID</Param>
    <Param Name="WhereCondition" />
    <Param Name="Columns">
      <Param Name="Id">
        <Param Name="Label">SysID</Param>
        <Param Name="DataType">Int64</Param>
        <Param Name="Alignment">Center</Param>
        <Param Name="Width">60</Param>
      </Param>
      <Param Name="Book">
        <Param Name="Label">Zdrojová kniha</Param>
        <Param Name="DataType">String</Param>
        <Param Name="Alignment">Left</Param>
        <Param Name="Width">120</Param>
          <Param Name="CalculateDistinctValues">True</Param>
      </Param>
      <Param Name="Commodity">
        <Param Name="Label">Subkomodita</Param>
        <Param Name="DataType">String</Param>
        <Param Name="Alignment">Left</Param>
        <Param Name="Width">150</Param>
          <Param Name="CalculateDistinctValues">True</Param>
      </Param>
      <Param Name="Market">
        <Param Name="Label">Trh</Param>
        <Param Name="DataType">String</Param>
        <Param Name="Alignment">Left</Param>
        <Param Name="Width">150</Param>
          <Param Name="CalculateDistinctValues">True</Param>
      </Param>
      <Param Name="DealType">
        <Param Name="Label">Typ obchodu</Param>
        <Param Name="DataType">String</Param>
        <Param Name="Alignment">Left</Param>
        <Param Name="Width">150</Param>
          <Param Name="CalculateDistinctValues">True</Param>
      </Param>
      <Param Name="DealDirection">
        <Param Name="Label">Směr obch.</Param>
        <Param Name="DataType">String</Param>
        <Param Name="Alignment">Left</Param>
        <Param Name="Width">80</Param>
          <Param Name="CalculateDistinctValues">True</Param>
      </Param>
      <Param Name="GridPoint">
        <Param Name="Label">Bod</Param>
        <Param Name="DataType">String</Param>
        <Param Name="Alignment">Left</Param>
        <Param Name="Width">150</Param>
          <Param Name="CalculateDistinctValues">True</Param>
      </Param>
      <Param Name="Grid">
        <Param Name="Label">Síť</Param>
        <Param Name="DataType">String</Param>
        <Param Name="Alignment">Left</Param>
        <Param Name="Width">120</Param>
          <Param Name="CalculateDistinctValues">True</Param>
      </Param>
      <Param Name="Product">
        <Param Name="Label">Produkt</Param>
        <Param Name="DataType">String</Param>
        <Param Name="Alignment">Left</Param>
        <Param Name="Width">100</Param>
          <Param Name="CalculateDistinctValues">True</Param>
      </Param>
      <Param Name="DeliveryFrom">
        <Param Name="Label">Platnost od</Param>
        <Param Name="DataType">DateTime</Param>
        <Param Name="Format">d</Param>
        <Param Name="Width">80</Param>
      </Param>
      <Param Name="DeliveryTo">
        <Param Name="Label">Platnost do</Param>
        <Param Name="DataType">DateTime</Param>
        <Param Name="Format">d</Param>
        <Param Name="Width">80</Param>
      </Param>
      <Param Name="Currency">
        <Param Name="Label">Měna</Param>
        <Param Name="DataType">String</Param>
        <Param Name="Alignment">Left</Param>
        <Param Name="Width">80</Param>
          <Param Name="CalculateDistinctValues">True</Param>
      </Param>
      <Param Name="DealKind">
        <Param Name="Label">Druh obchodu</Param>
        <Param Name="DataType">String</Param>
        <Param Name="Alignment">Left</Param>
        <Param Name="Width">120</Param>
          <Param Name="CalculateDistinctValues">True</Param>
      </Param>
      <Param Name="SettledAt">
        <Param Name="Label">Datum uzavření</Param>
        <Param Name="DataType">DateTime</Param>
        <Param Name="Format">d</Param>
        <Param Name="Width">80</Param>
      </Param>
      <Param Name="Price">
        <Param Name="Label">Cena</Param>
        <Param Name="DataType">Decimal</Param>
        <Param Name="Alignment">Right</Param>
        <Param Name="Format">#,##0.000</Param>
        <Param Name="Width">100</Param>
      </Param>
      <Param Name="Payment">
        <Param Name="Label">Platba</Param>
        <Param Name="DataType">Decimal</Param>
        <Param Name="Alignment">Right</Param>
        <Param Name="Format">#,##0.000</Param>
        <Param Name="Width">100</Param>
      </Param>
    </Param>
    <Param Name="Export">
      <Param Name="Export do Excelu" />
    </Param>
  </Params>
  <DetailsButton IsVisible="False" Form="egeDeal" UnionTransaction="True" Target="@NewWindow" />
  <SelectButton IsVisible="False" Form="egeDeal" UnionTransaction="True" Target="@NewWindow" />
</Form>