﻿<?xml version="1.0" encoding="utf-8"?>
<Form Type="Grid" Caption="Konfirmace" WindowCaption="Konfirmace"  ProgId="Enif.EDA.ETRM.Gui.Behaviors.eggDealConfirmation,EnifETRMGui" EntityType="Enif.EDA.ETRM.Entities.DealConfirmation,EnifETRMCommon" Scale="2.1" SelectMode="Multi">
  <Params>
    <Param Name="ViewName">
      select dealConf.Id as ID,
      deal.Id as DealID,
      deal.SettledAt as SettledAt,
      deal.DeliveryFrom as DealDeliveryFrom,
      deal.DeliveryTo as DealDeliveryTo,
      dealConf.DeliveryFrom as DeliveryFrom,
      dealConf.DeliveryTo as DeliveryTo,
      dealConf.ConfKey as ConfKey,
      confState.Caption as ConfirmationProcessState,
      docuState.Caption as ConfirmationDocumentState,
      template.Name as ConfirmationTemplateName,
      copCompany.Name as CounterPartyName,
      CONCAT (dealCreatedBy.FirstName,' ',dealCreatedBy.LastName) as DealCreatedBy,
      dealDirection.Caption as DealType,
      dealState.Caption as DealState,
      deal.Payment as Payment,
      deal.Price as Price,
      dealProduct.Name as ProductName,
      deal.Volume as Volume,
      confType.Caption as ConfirmationType,
      deal.Sleeve as Sleeve,
      Market.Caption as Market,
      case when confState.Key = 'VYST' and docuState.Key = 'NEAKT'  then '#FF0000' else '#000000' end as FOREGROUND_COLOR
      from MU_Commodity mucom
      inner join mucom.MarketUnit mu
      inner join mu.bagDeal deal
      inner join deal.Coparty coparty
      inner join coparty.Subject copSubject
      inner join copSubject.Company copCompany
      inner join deal.CreatedBy dealCreatedBy
      inner join deal.DealDirection dealDirection
      inner join deal.DealState dealState
      inner join deal.Product dealProduct
      inner join deal.bagDealConfirmation dealConf
      inner join deal.Market as Market
      left join dealConf.MU_ConfTemplate confTemplate
      left join confTemplate.ConfTemplate template
      inner join dealConf.TConfirmationType confType
      inner join dealConf.ConfProcessState confState
      inner join dealConf.ConfDocumentState docuState
      where mucom.Id = {MarketUnitCommodityMain} and deal.MarketUnitFK=mucom.MarketUnitFK and confState.Key in ({ConfStateKey})
    </Param>
    <Param Name="ViewType">HQL</Param>
    <Param Name="PrimaryKeyName">ID</Param>
    <Param Name="DynamicLoading">False</Param>
    <Param Name="Columns">
      <Param Name="DealID">
        <Param Name="Label">ID obchodu</Param>
        <Param Name="DataType">Int64</Param>
        <Param Name="Alignment">Right</Param>
        <Param Name="Width">50</Param>
        <Param Name="Foreground">FOREGROUND_COLOR</Param>
      </Param>
      <Param Name="ConfKey">
        <Param Name="Label">ID konfirmace</Param>
        <Param Name="DataType">String</Param>
        <Param Name="Alignment">Center</Param>
        <Param Name="Width">100</Param>
        <Param Name="Foreground">FOREGROUND_COLOR</Param>
      </Param>
      <Param Name="CounterPartyName">
        <Param Name="Label">Protistrana</Param>
        <Param Name="Alignment">Left</Param>
        <Param Name="Width">160</Param>
        <Param Name="CalculateDistinctValues">True</Param>
        <Param Name="Foreground">FOREGROUND_COLOR</Param>
      </Param>
      <Param Name="ProductName">
        <Param Name="Label">Produkt</Param>
        <Param Name="Width">160</Param>
        <Param Name="CalculateDistinctValues">True</Param>
        <Param Name="Foreground">FOREGROUND_COLOR</Param>
      </Param>
      <Param Name="Market">
        <Param Name="Label">Trh obchodu</Param>
        <Param Name="Width">150</Param>
        <Param Name="CalculateDistinctValues">True</Param>
        <Param Name="Foreground">FOREGROUND_COLOR</Param>
      </Param>
      <Param Name="SettledAt">
        <Param Name="Label">Datum vytvoření obchodu</Param>
        <Param Name="DataType">DateTime</Param>
        <Param Name="Alignment">Left</Param>
        <Param Name="Width">150</Param>
        <Param Name="Format">d</Param>
        <Param Name="Foreground">FOREGROUND_COLOR</Param>
      </Param>
      <Param Name="DealDeliveryFrom">
        <Param Name="Label">Platnost obchodu od</Param>
        <Param Name="DataType">DateTime</Param>
        <Param Name="Alignment">Left</Param>
        <Param Name="Width">150</Param>
        <Param Name="Format">d</Param>
        <Param Name="Foreground">FOREGROUND_COLOR</Param>
      </Param>
      <Param Name="DealDeliveryTo">
        <Param Name="Label">Platnost obchodu do</Param>
        <Param Name="DataType">DateTime</Param>
        <Param Name="Alignment">Left</Param>
        <Param Name="Width">150</Param>
        <Param Name="Format">d</Param>
        <Param Name="Foreground">FOREGROUND_COLOR</Param>
      </Param>
      <Param Name="DealType">
        <Param Name="Label">Typ obchodu</Param>
        <Param Name="DataType">String</Param>
        <Param Name="Alignment">Left</Param>
        <Param Name="Width">120</Param>
        <Param Name="CalculateDistinctValues">True</Param>
        <Param Name="Foreground">FOREGROUND_COLOR</Param>
      </Param>
      <Param Name="DealState">
        <Param Name="Label">Stav obchodu</Param>
        <Param Name="DataType">String</Param>
        <Param Name="Alignment">Left</Param>
        <Param Name="Width">120</Param>
        <Param Name="CalculateDistinctValues">True</Param>
        <Param Name="Foreground">FOREGROUND_COLOR</Param>
      </Param>
      <Param Name="DealCreatedBy">
        <Param Name="Label">Obchod vytvořen</Param>
        <Param Name="DataType">String</Param>
        <Param Name="Alignment">Left</Param>
        <Param Name="Width">140</Param>
        <Param Name="CalculateDistinctValues">True</Param>
        <Param Name="Foreground">FOREGROUND_COLOR</Param>
      </Param>
      <Param Name="Volume">
        <Param Name="Label">Množství</Param>
        <Param Name="Width">100</Param>
        <Param Name="Alignment">Right</Param>
        <Param Name="DataType">Decimal</Param>
        <Param Name="Format">#,##0.000</Param>
        <Param Name="Foreground">FOREGROUND_COLOR</Param>
      </Param>
      <Param Name="Price">
        <Param Name="Label">Cena</Param>
        <Param Name="DataType">Decimal</Param>
        <Param Name="Alignment">Right</Param>
        <Param Name="Width">100</Param>
        <Param Name="Format">#,##0.00</Param>
        <Param Name="Foreground">FOREGROUND_COLOR</Param>
      </Param>
      <Param Name="Payment">
        <Param Name="Label">Platba</Param>
        <Param Name="DataType">Decimal</Param>
        <Param Name="Width">120</Param>
        <Param Name="Alignment">Right</Param>
        <Param Name="Format">#,##0.00</Param>
        <Param Name="Foreground">FOREGROUND_COLOR</Param>
      </Param>
      <Param Name="Sleeve">
        <Param Name="Label">Sleeve</Param>
        <Param Name="Width">70</Param>
        <Param Name="DataType">Boolean</Param>
        <Param Name="CalculateDistinctValues">True</Param>
        <Param Name="Foreground">FOREGROUND_COLOR</Param>
      </Param>
      <Param Name="ConfirmationTemplateName">
        <Param Name="Label">Šablona</Param>
        <Param Name="DataType">String</Param>
        <Param Name="Alignment">Left</Param>
        <Param Name="Width">100</Param>
        <Param Name="CalculateDistinctValues">True</Param>
        <Param Name="Foreground">FOREGROUND_COLOR</Param>
      </Param>
      <Param Name="ConfirmationProcessState">
        <Param Name="Label">Stav konfirmace</Param>
        <Param Name="DataType">String</Param>
        <Param Name="Alignment">Left</Param>
        <Param Name="Width">120</Param>
        <Param Name="CalculateDistinctValues">True</Param>
        <Param Name="Foreground">FOREGROUND_COLOR</Param>
      </Param>
      <Param Name="ConfirmationDocumentState">
        <Param Name="Label">Stav přílohy</Param>
        <Param Name="DataType">String</Param>
        <Param Name="Alignment">Left</Param>
        <Param Name="Width">120</Param>
        <Param Name="CalculateDistinctValues">True</Param>
        <Param Name="Foreground">FOREGROUND_COLOR</Param>
      </Param>
      <Param Name="ConfirmationType">
        <Param Name="Label">Typ konfirmace</Param>
        <Param Name="DataType">String</Param>
        <Param Name="Alignment">Left</Param>
        <Param Name="Width">120</Param>
        <Param Name="CalculateDistinctValues">True</Param>
        <Param Name="Foreground">FOREGROUND_COLOR</Param>
      </Param>
      <Param Name="FOREGROUND_COLOR">
        <Param Name="Width">0</Param>
        <Param Name="MinWidth">0</Param>
      </Param>
      <!--<Param Name="DeliveryFrom">
        <Param Name="Label">Platnost konf. od</Param>
        <Param Name="Width">130</Param>
        <Param Name="Alignment">Left</Param>
        <Param Name="DataType">DateTime</Param>
        <Param Name="Format">d</Param>
      </Param>
      <Param Name="DeliveryTo">
        <Param Name="Label">Platnost konf. do</Param>
        <Param Name="Width">130</Param>
        <Param Name="Alignment">Left</Param>
        <Param Name="DataType">DateTime</Param>
        <Param Name="Format">d</Param>
      </Param>-->
    </Param>
    <Param Name="Buttons">
      <Param Name="GenerateConfirmation" Value="Vystavit konfirmace">
        <Param Name="UnionTransaction">True</Param>
        <Param Name="IsVisible" Value="{IsVisible}&#9;Exp;bool IsVisible=(ConfStateKey != &quot;VYST&quot;)" />
      </Param>
      <Param Name="ChangeConfirmationState" Value="Změnit stav konfirmací">
        <Param Name="UnionTransaction">True</Param>
      </Param>
      <!--
      <Param Name="ChangeDocumentState" Value="Změnit stav přílohy">
        <Param Name="UnionTransaction">True</Param>
      </Param>
      -->
      <Param Name="SetTemplate" Value="Nastavit šablonu">
        <Param Name="UnionTransaction">True</Param>
        <Param Name="IsVisible" Value="{IsVisible}&#9;Exp;bool IsVisible=(ConfStateKey == &quot;WaitOnConf&quot; || ConfStateKey == &quot;%&quot;)" />
      </Param>
      <Param Name="DownloadSelected" Value="Stáhnout vybrané">
        <Param Name="UnionTransaction">True</Param>
        <Param Name="IsVisible" Value="{IsVisible}&#9;Exp;bool IsVisible=(ConfStateKey == &quot;VYST&quot;)" />
      </Param>
    </Param>
    <Param Name="Export">
      <Param Name="Export do Excelu"/>
    </Param>
    <Param Name="VariablesBinding">
      <Param Name="MarketUnitCommodityMain" Value="{MarketUnitCommodityMain}" />
      <Param Name="ConfStateKey" Value="{ConfStateKey}" />
    </Param>
  </Params>
  <DetailsButton IsVisible="True" Form="egeDealConfirmation" UnionTransaction="True"/>
  <SelectButton IsVisible="False" UnionTransaction="True" />
</Form>