﻿<?xml version="1.0" encoding="utf-8"?>
<Form Type="Grid" Caption="Sdružené meziknihové obchody" WindowCaption="Sdružené meziknihové obchody" ProgId="Enif.EDA.ETRM.Gui.Behaviors.eggDealBase,EnifETRMGui" EntityType="Enif.EDA.ETRM.Entities.Deal,EnifETRMCommon" IsReadOnly="{IsReadOnly}&#x9;Exp;bool IsReadOnly=!RoleExp(&quot;ETRM_Trader_Settings&quot;)" Scale="100%" ValidationLevel="0" CanDelete="Multi" SelectMode="Multi">
  <Params>
    <Param Name="PropagatedParams">
      <Param Name="AllowedDealDirections" Value="Sale" />
      <Param Name="AllowedDealTypes" Value="UNI_BOOKTRANSCOMM,UNI_BOOKTRANSFUTURES" />
    </Param>
    <Param Name="LocalParams">
      <Param Name="DealKindKey" Value="" />
    </Param>
    <Param Name="VariablesBinding">
      <Param Name="DealKindKey" Value="{DealKindKey}" />
      <Param Name="MarketUnitCommodityId" Value="{MarketUnitCommodityOrNull}&#9;Exp;string MarketUnitCommodityOrNull=nvl2(MarketUnitCommodityMain,&quot;-1&quot;)" />
    </Param>
    <Param Name="ViewName">
      select
      de.Id,
      de.Name Name,
      com.Name MarketUnit,
      comm.Caption MainCommodity,
      sub.ShortCaption SubCommodity,
      bzg.Caption||' - '||bz.Caption BalanceZone,
      dt.Caption DealType,
      gpgg.Caption GridPointGroup,
      ma.Caption Market,
      agr.Caption Agreement,
      pr.NAME Product,
      de.DeliveryFrom DeliveryFrom,
      (de.DeliveryTo - 1) DeliveryTo,
      dk.Caption DealKind,
      cu.Caption CURRENCY,
      ersagg.Caption AggExchangeRates,
      ersacc.Caption AccExchangeRates,
      pos.Caption PortfolioSource,
      bos.FULLPATH BookHiearchyPathSource,
      pot.Caption PortfolioTarget,
      bot.FULLPATH BookHiearchyPathTarget,
      at.Caption DealAccType,
      dp.Caption DealPurpose,
      ds.Caption DealState,
      dsw.Caption DealStateWanted,
      de.SettledAt,
      pec.LASTNAME||' '||pec.FIRSTNAME CreatedBy,
      pea.LASTNAME||' '||pea.FIRSTNAME AcceptedBy,
      de.AcceptedAt,
      de.ResetTimeStamp,
      de.VolumeHourlyAvg,
      de.Volume,
      de.Price,
      de.Payment,
      de.PriceMU,
      de.PaymentMU,
      de.ExternalId,
      case when (de.Volume != de.NomVolume or de.Volume != de.InvVolume) then '#FFDA00' else '' end as VOLUMEBACKGROUND
      from eda_deal de
      left outer join EDA_MarketUnit mu on (mu.Id=de.MarketUnitFK)
      left outer join EDA_Subject su on (su.Id=mu.SubjectFK)
      left outer join EDA_Company com on (com.Id=su.CompanyFK)
      left outer join EDA_CommodityETrade comm on (comm.Id = de.COMMODITYETRADEFK)
      left outer join EDA_BalanceZone bz on (bz.Id = de.BalanceZoneFK)
      left outer join EDA_BALANCEZONEGROUP bzg on (bzg.Id = bz.BALANCEZONEGROUPFK)
      left outer join EDA_DealType dt on (dt.Id = de.DEALTYPEFK)
      left outer join EDA_CommodityETrade sub on (sub.Id = dt.CommodityFK)
      left outer join EDA_GridPoint gpi on (gpi.Id = de.GRIDPOINTINTERNALFK)
      left outer join EDA_GridPointType gpti on (gpti.Id = gpi.GRIDPOINTTYPEFK)
      left outer join EDA_GridPointIOType gpioi on (gpioi.Id = gpi.IOTYPEFK)
      left outer join EDA_GridETrade gpri on (gpri.Id = gpi.GRIDFK)
      left outer join EDA_GPGGrid gpgg on (gpgg.Id = de.GPGGRIDFK)
      left outer join EDA_Market ma on (ma.Id = de.MARKETFK)
      left outer join EDA_Agreement agr on (agr.Id=de.AGREEMENTFK)
      left outer join EDA_ProductETrade pr on (pr.Id = de.PRODUCTFK)
      left outer join EDA_DealKind dk on (dk.Id = de.DEALKINDFK)
      left outer join EDA_CurrencyETrade cu on (cu.Id = de.CURRENCYETRADEFK)
      left outer join EDA_ExchangeRateSerie ersagg on (ersagg.Id = de.EXCHANGERATEFK)
      left outer join EDA_ExchangeRateSerie ersacc on (ersacc.Id = de.EXCHANGERATEACCFK)
      left outer join EDA_Book bos on (bos.Id = de.BOOKFK)
      left outer join EDA_Portfolio pos on (pos.Id = bos.PORTFOLIOFK)
      left outer join EDA_Book bot on (bot.Id = de.TARGET_BOOKFK)
      left outer join EDA_Portfolio pot on (pot.Id = bot.PORTFOLIOFK)
      left outer join EDA_DealAccType at on (at.Id = de.DEALACCTYPEFK)
      left outer join EDA_DealPurpose dp on (dp.Id = de.DEALPURPOSEFK)
      left outer join EDA_DealState ds on (ds.Id = de.DEALSTATEFK)
      left outer join EDA_DealState dsw on (dsw.Id = de.DEALSTATEWANTEDFK)
      left outer join EDA_IdentityView iwc on (iwc.Id = de.CREATEDBYFK)
      left outer join EDA_ContactPerson cpc on (cpc.IDENTITYVIEWFK = iwc.Id)
      left outer join EDA_Person pec on (pec.Id = cpc.PERSONFK)
      left outer join EDA_IdentityView iwa on (iwa.Id = de.ACCEPTEDBYFK)
      left outer join EDA_ContactPerson cpa on (cpa.IDENTITYVIEWFK = iwa.Id)
      left outer join EDA_Person pea on (pea.Id = cpa.PERSONFK)
      where
      de.ISUNITEDDEAL=1 and (DT.Key = 'UNI_BOOKTRANSCOMM' or DT.Key = 'UNI_BOOKTRANSFUTURES') and (dk.Key='{DealKindKey}' or '{DealKindKey}' is null)
      and
      (
      {MarketUnitCommodityId}!=-1
      and
      mu.Id in (select muc.MarketUnitFK from EDA_MU_Commodity muc where muc.Id={MarketUnitCommodityId})
      and
      comm.Id in (select muc.CommodityFK from EDA_MU_Commodity muc where muc.Id={MarketUnitCommodityId})
      )
    </Param>
    <Param Name="DynamicLoading">False</Param>
    <Param Name="RefreshColumns">True</Param>
    <Param Name="ViewType">Sql</Param>
    <Param Name="PrimaryKeyName">ID</Param>
    <Param Name="WhereCondition" />
    <Param Name="Columns">
      <Param Name="Id">
        <Param Name="Label">SysID</Param>
        <Param Name="DataType">Int64</Param>
        <Param Name="Alignment">Center</Param>
        <Param Name="Width">70</Param>
      </Param>
      <Param Name="SubCommodity">
        <Param Name="Label">Subkomodita</Param>
        <Param Name="DataType">String</Param>
        <Param Name="Alignment">Left</Param>
        <Param Name="Width">120</Param>
        <Param Name="CalculateDistinctValues">True</Param>
      </Param>
      <Param Name="GridPointGroup">
        <Param Name="Label">Obchodní bod</Param>
        <Param Name="DataType">String</Param>
        <Param Name="Alignment">Left</Param>
        <Param Name="Width">150</Param>
        <Param Name="CalculateDistinctValues">True</Param>
      </Param>
      <Param Name="Product">
        <Param Name="Label">Produkt</Param>
        <Param Name="DataType">String</Param>
        <Param Name="Alignment">Left</Param>
        <Param Name="Width">160</Param>
        <Param Name="CalculateDistinctValues">True</Param>
      </Param>
      <Param Name="DeliveryFrom">
        <Param Name="Label">Od</Param>
        <Param Name="DataType">DateTime</Param>
        <Param Name="Format">d</Param>
        <Param Name="Width">80</Param>
      </Param>
      <Param Name="DeliveryTo">
        <Param Name="Label">Do</Param>
        <Param Name="DataType">DateTime</Param>
        <Param Name="Format">d</Param>
        <Param Name="Width">80</Param>
      </Param>
      <Param Name="VolumeHourlyAvg">
        <Param Name="Label">Ø Energie hod</Param>
        <Param Name="DataType">Decimal</Param>
        <Param Name="Alignment">Right</Param>
        <Param Name="Format">#,##0.000</Param>
        <Param Name="Width">120</Param>
      </Param>
      <Param Name="Volume">
        <Param Name="Label">Energie</Param>
        <Param Name="DataType">Decimal</Param>
        <Param Name="Alignment">Right</Param>
        <Param Name="Format">#,##0.000</Param>
        <Param Name="Width">100</Param>
      </Param>
      <Param Name="Price">
        <Param Name="Label">Cena</Param>
        <Param Name="DataType">Decimal</Param>
        <Param Name="Alignment">Right</Param>
        <Param Name="Format">#,##0.000</Param>
        <Param Name="Width">100</Param>
      </Param>
      <Param Name="Payment">
        <Param Name="Label">Platba</Param>
        <Param Name="DataType">Decimal</Param>
        <Param Name="Alignment">Right</Param>
        <Param Name="Format">#,##0.00</Param>
        <Param Name="Width">100</Param>
      </Param>
      <Param Name="Currency">
        <Param Name="Label">Měna</Param>
        <Param Name="DataType">String</Param>
        <Param Name="Alignment">Left</Param>
        <Param Name="Width">80</Param>
        <Param Name="CalculateDistinctValues">True</Param>
      </Param>
      <Param Name="Market">
        <Param Name="Label">Trh</Param>
        <Param Name="DataType">String</Param>
        <Param Name="Alignment">Left</Param>
        <Param Name="Width">160</Param>
        <Param Name="CalculateDistinctValues">True</Param>
      </Param>
      <Param Name="BookHiearchyPathSource">
        <Param Name="Label">Kniha - zdroj</Param>
        <Param Name="DataType">String</Param>
        <Param Name="Alignment">Left</Param>
        <Param Name="Width">170</Param>
        <Param Name="CalculateDistinctValues">True</Param>
      </Param>

      <Param Name="BookHiearchyPathTarget">
        <Param Name="Label">Kniha - cíl</Param>
        <Param Name="DataType">String</Param>
        <Param Name="Alignment">Left</Param>
        <Param Name="Width">170</Param>
        <Param Name="CalculateDistinctValues">True</Param>
      </Param>
      <Param Name="DealState">
        <Param Name="Label">Stav obchodu</Param>
        <Param Name="DataType">String</Param>
        <Param Name="Alignment">Left</Param>
        <Param Name="Width">120</Param>
        <Param Name="CalculateDistinctValues">True</Param>
      </Param>
      <Param Name="SettledAt">
        <Param Name="Label">Datum uzavření</Param>
        <Param Name="DataType">DateTime</Param>
        <Param Name="Format">d.M.yyyy HH:mm</Param>
        <Param Name="Width">80</Param>
      </Param>
      <Param Name="DealKind">
        <Param Name="Label">Druh obchodu</Param>
        <Param Name="DataType">String</Param>
        <Param Name="Alignment">Left</Param>
        <Param Name="Width">120</Param>
        <Param Name="CalculateDistinctValues">True</Param>
      </Param>
      <Param Name="PortfolioSource">
        <Param Name="Label">Portfolio - zdroj</Param>
        <Param Name="DataType">String</Param>
        <Param Name="Alignment">Left</Param>
        <Param Name="Width">100</Param>
        <Param Name="CalculateDistinctValues">True</Param>
      </Param>

      <Param Name="PortfolioTarget">
        <Param Name="Label">Portfolio - cíl</Param>
        <Param Name="DataType">String</Param>
        <Param Name="Alignment">Left</Param>
        <Param Name="Width">100</Param>
        <Param Name="CalculateDistinctValues">True</Param>
      </Param>
      <Param Name="CreatedBy">
        <Param Name="Label">Obchodník</Param>
        <Param Name="DataType">String</Param>
        <Param Name="Alignment">Left</Param>
        <Param Name="Width">120</Param>
        <Param Name="CalculateDistinctValues">True</Param>
      </Param>
      <Param Name="DealType">
        <Param Name="Label">Typ obchodu</Param>
        <Param Name="DataType">String</Param>
        <Param Name="Alignment">Left</Param>
        <Param Name="Width">170</Param>
        <Param Name="CalculateDistinctValues">True</Param>
      </Param>
      <Param Name="Name">
        <Param Name="Label">Název obchodu</Param>
        <Param Name="DataType">String</Param>
        <Param Name="Alignment">Left</Param>
        <Param Name="Width">170</Param>
      </Param>
      <Param Name="MarketUnit">
        <Param Name="Label">Obchodní jednotka</Param>
        <Param Name="DataType">String</Param>
        <Param Name="Alignment">Left</Param>
        <Param Name="Width">150</Param>
        <Param Name="CalculateDistinctValues">True</Param>
      </Param>
      <Param Name="BalanceZone">
        <Param Name="Label">Bilanční zóna</Param>
        <Param Name="DataType">String</Param>
        <Param Name="Alignment">Left</Param>
        <Param Name="Width">120</Param>
        <Param Name="CalculateDistinctValues">True</Param>
      </Param>
      <Param Name="Agreement">
        <Param Name="Label">Rámcová smlouva</Param>
        <Param Name="DataType">String</Param>
        <Param Name="Alignment">Left</Param>
        <Param Name="Width">120</Param>
        <Param Name="CalculateDistinctValues">True</Param>
      </Param>
      <Param Name="AggExchangeRates">
        <Param Name="Label">Kurz agregace</Param>
        <Param Name="DataType">String</Param>
        <Param Name="Alignment">Left</Param>
        <Param Name="Width">120</Param>
        <Param Name="CalculateDistinctValues">True</Param>
      </Param>
      <Param Name="AccExchangeRates">
        <Param Name="Label">Kurz účetní</Param>
        <Param Name="DataType">String</Param>
        <Param Name="Alignment">Left</Param>
        <Param Name="Width">120</Param>
        <Param Name="CalculateDistinctValues">True</Param>
      </Param>
      <Param Name="DealPurpose">
        <Param Name="Label">Důvod</Param>
        <Param Name="DataType">String</Param>
        <Param Name="Alignment">Left</Param>
        <Param Name="Width">100</Param>
        <Param Name="CalculateDistinctValues">True</Param>
      </Param>
      <Param Name="DealAccType">
        <Param Name="Label">Způsob zaúčtování</Param>
        <Param Name="DataType">String</Param>
        <Param Name="Alignment">Left</Param>
        <Param Name="Width">100</Param>
        <Param Name="CalculateDistinctValues">True</Param>
      </Param>
      <Param Name="DealStateWanted">
        <Param Name="Label">Požadovaný stav</Param>
        <Param Name="DataType">String</Param>
        <Param Name="Alignment">Left</Param>
        <Param Name="Width">120</Param>
        <Param Name="CalculateDistinctValues">True</Param>
      </Param>
      <Param Name="AcceptedBy">
        <Param Name="Label">Schválil</Param>
        <Param Name="DataType">String</Param>
        <Param Name="Alignment">Left</Param>
        <Param Name="Width">120</Param>
        <Param Name="CalculateDistinctValues">True</Param>
      </Param>
      <Param Name="AcceptedAt">
        <Param Name="Label">Naposledy scháleno</Param>
        <Param Name="DataType">DateTime</Param>
        <Param Name="Format">d.M.yyyy HH:mm</Param>
        <Param Name="Width">80</Param>
      </Param>
      <Param Name="ResetTimeStamp">
        <Param Name="Label">Naposledy přetočeno</Param>
        <Param Name="DataType">DateTime</Param>
        <Param Name="Format">d.M.yyyy HH:mm</Param>
        <Param Name="Width">80</Param>
      </Param>
      <Param Name="PriceMU">
        <Param Name="Label">Cena v měně OJ</Param>
        <Param Name="DataType">Decimal</Param>
        <Param Name="Alignment">Right</Param>
        <Param Name="Format">#,##0.000</Param>
        <Param Name="Width">100</Param>
      </Param>
      <Param Name="PaymentMU">
        <Param Name="Label">Platba v měně OJ</Param>
        <Param Name="DataType">Decimal</Param>
        <Param Name="Alignment">Right</Param>
        <Param Name="Format">#,##0.00</Param>
        <Param Name="Width">100</Param>
      </Param>
      <Param Name="ExternalId">
        <Param Name="Label">Externí ID</Param>
        <Param Name="DataType">String</Param>
        <Param Name="Alignment">Left</Param>
        <Param Name="Width">80</Param>
      </Param>
      <Param Name="VOLUMEBACKGROUND">
        <Param Name="Width">0</Param>
        <Param Name="MinWidth">0</Param>
      </Param>
    </Param>
    <Param Name="Export">
      <Param Name="Export do Excelu" />
    </Param>
    <Param Name="Buttons">
      <Param Name="btnStateChange" Value="Změnit stav">
        <Param Name="Tooltip" Value="Změní stav obcodu"/>
        <Param Name="IsVisible" Value="{IsVisible}&#x9;Exp;bool IsVisible=RoleExp(&quot;ETRM_Trader_Settings&quot;)"/>
      </Param>
    </Param>
  </Params>
  <DetailsButton IsVisible="True" Form="egeDeal" UnionTransaction="True" Target="@NewWindow" />
  <SelectButton IsVisible="True" Form="egeDeal" UnionTransaction="True" Target="@NewWindow" />
</Form>