﻿<?xml version="1.0" encoding="utf-8"?>
<Form Type="Grid" Caption="Kurzové křivky" WindowCaption="Kurzové křivky" ProgId="EGCore.EGBaseBehavior,EGCore" EntityType="Enif.EDA.ETRM.Entities.ExchangeRateSerie,EnifETRMCommon" Scale="1.8" IsReadOnly="false" CanDelete="None" SelectMode="Multi">
  <SelectButton IsVisible="False" />
  <Params>
    <Param Name="PropagatedParams">
      <!-- kontext otvorenia egeExchangeRateSerie -->
      <!-- NotSpecified - možnosť vybrať zo všetkých dostupných ExchangeRateProvider, alebo Id predvybraného -->
      <Param Name="ExchangeRateProviderId" Value="NotSpecified" />
      <Param Name="MarketUnitCurrField" Value="NotSpecified" />
      <Param Name="MarketUnitId" Value="NotSpecified" />
    </Param>
    <Param Name="VariablesBinding">
      <Param Name="MarketUnitCurrField" Value="{MarketUnitCurrField}" />
      <Param Name="MarketUnitId" Value="{MarketUnitId}" />
    </Param>
    <Param Name="ViewName">
      select
      cs.Id as Id,
      cs.Active as Active,
      cs.Key as Key,
      cs.Caption Caption,
      cs.Description Description,
      basecuret.ShortCaption as CaptionBaseCurr,
      countercuret.ShortCaption as CaptionCounterCurr,
      erp.Caption as CaptionERP

      from
      (select Active, Id, Key, Caption, Description, BaseCurrencyFK, ExchangeRateProviderFK, SampleFK, TimeZoneFK from EDA_ExchangeRateSerie) cs

      left outer join
      (select Id, ShortCaption from EDA_CurrencyETrade) basecuret
      on
      cs.BaseCurrencyFK = basecuret.Id

      left outer join
      (select Id, Caption, CounterCurrencyFK from EDA_ExchangeRateProvider) erp
      on
      cs.ExchangeRateProviderFK = erp.Id

      left outer join
      (select Id, ShortCaption from EDA_CurrencyETrade) countercuret
      on
      erp.CounterCurrencyFK = countercuret.Id

      where
      (countercuret.ShortCaption = (
      select cet.shortcaption
      from eda_marketunit mu
      left outer join EDA_CURRENCYETRADE cet on (cet.id=mu.{MarketUnitCurrField})
      where
      (mu.id={MarketUnitId})
      ))
    </Param>
    <Param Name="ViewType">Sql</Param>
    <Param Name="PrimaryKeyName">ID</Param>
    <Param Name="DynamicLoading">False</Param>
    <Param Name="Order">Caption</Param>
    <Param Name="WhereCondition" />
    <Param Name="Columns">
      <Param Name="Active">
        <Param Name="Label">Akt.</Param>
        <Param Name="DataType">Boolean</Param>
        <Param Name="Alignment">Center</Param>
        <Param Name="Width">40</Param>
      </Param>
      <Param Name="Id">
        <Param Name="Label">Id</Param>
        <Param Name="DataType">Int64</Param>
        <Param Name="Alignment">Right</Param>
        <Param Name="Width">80</Param>
        <Param Name="IsVisible">True</Param>
      </Param>
      <Param Name="Caption">
        <Param Name="Label">Název</Param>
        <Param Name="DataType">String</Param>
        <Param Name="Alignment">Left</Param>
        <Param Name="IsVisible">True</Param>
        <Param Name="Width">1*</Param>
        <Param Name="MinWidth">150</Param>
      </Param>
      <Param Name="Key">
        <Param Name="Label">Klíč</Param>
        <Param Name="DataType">String</Param>
        <Param Name="Alignment">Left</Param>
        <Param Name="IsVisible">True</Param>
        <Param Name="Width">120</Param>
      </Param>
      <Param Name="Description">
        <Param Name="Label">Popis</Param>
        <Param Name="DataType">String</Param>
        <Param Name="Alignment">Left</Param>
        <Param Name="Width">1*</Param>
        <Param Name="IsVisible">True</Param>
        <Param Name="MinWidth">150</Param>
      </Param>
      <Param Name="CaptionBaseCurr">
        <Param Name="Label">Base měna</Param>
        <Param Name="DataType">String</Param>
        <Param Name="Alignment">Right</Param>
        <Param Name="Width">100</Param>
        <Param Name="CalculateDistinctValues">True</Param>
      </Param>
      <Param Name="CaptionCounterCurr">
        <Param Name="Label">Counter měna</Param>
        <Param Name="DataType">String</Param>
        <Param Name="Alignment">Right</Param>
        <Param Name="Width">120</Param>
        <Param Name="CalculateDistinctValues">True</Param>
      </Param>
      <Param Name="CaptionERP">
        <Param Name="Label">Poskytovatel</Param>
        <Param Name="DataType">String</Param>
        <Param Name="Alignment">Left</Param>
        <Param Name="MinWidth">110</Param>
        <Param Name="Width">1*</Param>
        <Param Name="CalculateDistinctValues">True</Param>
      </Param>
    </Param>
    <Param Name="Export">
      <Param Name="Export do Excelu"></Param>
    </Param>
    <Param Name="DeleteButton">
      <Param Name="RightsAdapters">
        <Param Name="Enif.EDA.ETRM.Validators.ExchangeRateSerieDeleteValidator,EnifETRMCommon"/>
      </Param>
      <Param Name="EntityDelegates">
        <Param Name="Destroy_Gui" />
      </Param>
    </Param>
  </Params>
  <DetailsButton IsVisible="True" Form="egeExchangeRateSerie" UnionTransaction="True" Target="@Window" />
  <SelectButton IsVisible="True" Form="egeExchangeRateSerie" UnionTransaction="True" Target="@Window" />
</Form>