﻿<?xml version="1.0" encoding="utf-8"?>
<Form Type="Grid" Caption="Verze kurzových křivek" WindowCaption="Verze kurzových křivek" ProgId="EGCore.EGBaseBehavior,EGCore" EntityType="Enif.EDA.ETRM.Entities.ExchangeRateSerieV,EnifETRMCommon" Scale="100%" CanDelete="Multi"
      IsReadOnly="{IsReadOnly}&#x9;Exp;bool IsReadOnly=!(RoleExp(&quot;ETRM_MDM_ExchangeRate_Settings&quot;))">
  <Params>
    <Param Name="PropagatedParams">
      <!-- kontext otvorenia egeExchangeRateSerie -->
      <!-- NotSpecified - možnosť vybrať zo všetkých dostupných ExchangeRateProvider, alebo Id predvybraného -->
      <Param Name="ExchangeRateSerieId" Value="NotSpecified" />
    </Param>
    <Param Name="ViewName">
      select
      ersv.Id as Id, 
      ersv.Active as Active,  
      ersv.ValidFrom as ValidFrom,
      ersv.Overridable as Overridable,
      ersv.Description as Description,
      ers.Caption as CaptionSerie,
      ersr.Name as CaptionRule,
      basecuret.ShortCaption as CaptionBaseCurr,
      sample.ShortCaption as CaptionSample,
      zone.ShortCaption as CaptionTimeZone,
      erp.Caption as CaptionERP,
      countercuret.ShortCaption as CaptionCounterCurr

      from
      (select Id, Active, ValidFrom, Overridable, Description, ExchangeRateSerieFK, ExchangeRateSerieRuleFK from EDA_ExchangeRateSerieV) ersv

      left outer join
      (select Id, Caption, BaseCurrencyFK, ExchangeRateProviderFK, SampleFK, TimeZoneFK from EDA_ExchangeRateSerie) ers
      on
      ersv.ExchangeRateSerieFK = ers.Id
      
      left outer join
      (select Id, Name from EDA_ExchangeRateSerieRule) ersr
      on
      ersv.ExchangeRateSerieRuleFK = ersr.Id

      left outer join
      (select Id, ShortCaption from EDA_CurrencyETrade) basecuret
      on
      ers.BaseCurrencyFK = basecuret.Id
      
      left outer join
      (select Id, ShortCaption from EDA_SampleETrade) sample
      on
      ers.SampleFK = sample.Id
      
      left outer join
      (select Id, ShortCaption from EDA_TimeZoneETrade) zone
      on
      ers.TimeZoneFK = zone.Id

      left outer join
      (select Id, Caption, CounterCurrencyFK from EDA_ExchangeRateProvider) erp
      on
      ers.ExchangeRateProviderFK = erp.Id

      left outer join
      (select Id, ShortCaption from EDA_CurrencyETrade) countercuret
      on
      erp.CounterCurrencyFK = countercuret.Id
    </Param>
    <Param Name="ViewType">Sql</Param>
    <Param Name="PrimaryKeyName">ID</Param>
    <Param Name="DynamicLoading">False</Param>
    <Param Name="Order">Name,ValidFrom</Param>
    <Param Name="WhereCondition" />
    <Param Name="Columns">
      <Param Name="Active">
        <Param Name="Label">Akt.</Param>
        <Param Name="DataType">Boolean</Param>
        <Param Name="Alignment">Center</Param>
        <Param Name="Width">40</Param>
      </Param>
      <Param Name="Id">
        <Param Name="Label">Id</Param>
        <Param Name="DataType">Int64</Param>
        <Param Name="Alignment">Right</Param>
        <Param Name="Width">80</Param>
        <Param Name="IsVisible">True</Param>
      </Param>
      <Param Name="CaptionSerie">
        <Param Name="Label">Kurzová křivka</Param>
        <Param Name="DataType">String</Param>
        <Param Name="Alignment">Left</Param>
        <Param Name="IsVisible">True</Param>
        <Param Name="Width">150</Param>
        <Param Name="MinWidth">150</Param>
        <Param Name="CalculateDistinctValues">True</Param>
      </Param>
      <Param Name="ValidFrom">
        <Param Name="Label">Platnost od</Param>
        <Param Name="DataType">DateTime</Param>
        <Param Name="Alignment">Right</Param>
        <Param Name="Width">100</Param>
        <Param Name="Format">d.M.yyyy HH</Param>
      </Param>
      <Param Name="Description">
        <Param Name="Label">Popis</Param>
        <Param Name="DataType">String</Param>
        <Param Name="Alignment">Left</Param>
        <Param Name="Width">200</Param>
        <Param Name="IsVisible">True</Param>
        <Param Name="MinWidth">100</Param>
      </Param>
      <Param Name="Overridable">
        <Param Name="Label">Přepis.</Param>
        <Param Name="DataType">Boolean</Param>
        <Param Name="Alignment">Center</Param>
        <Param Name="Width">80</Param>
        <Param Name="CalculateDistinctValues">True</Param>
      </Param>
      <Param Name="CaptionRule">
        <Param Name="Label">Pravidlo</Param>
        <Param Name="DataType">String</Param>
        <Param Name="Alignment">Left</Param>
        <Param Name="Width">120</Param>
        <Param Name="CalculateDistinctValues">True</Param>
      </Param>
      <Param Name="CaptionBaseCurr">
        <Param Name="Label">Base měna</Param>
        <Param Name="DataType">String</Param>
        <Param Name="Alignment">Left</Param>
        <Param Name="Width">100</Param>
        <Param Name="CalculateDistinctValues">True</Param>
      </Param>
      <Param Name="CaptionCounterCurr">
        <Param Name="Label">Counter měna</Param>
        <Param Name="DataType">String</Param>
        <Param Name="Alignment">Left</Param>
        <Param Name="Width">100</Param>
        <Param Name="CalculateDistinctValues">True</Param>
      </Param>
      <Param Name="CaptionERP">
        <Param Name="Label">Poskytovatel</Param>
        <Param Name="DataType">String</Param>
        <Param Name="Alignment">Left</Param>
        <Param Name="Width">120</Param>
        <Param Name="CalculateDistinctValues">True</Param>
      </Param>
      <Param Name="CaptionSample">
        <Param Name="Label">Vzorek</Param>
        <Param Name="DataType">String</Param>
        <Param Name="Alignment">Left</Param>
        <Param Name="Width">80</Param>
        <Param Name="CalculateDistinctValues">True</Param>
      </Param>
      <Param Name="CaptionTimeZone">
        <Param Name="Label">Čas. zóna</Param>
        <Param Name="DataType">String</Param>
        <Param Name="Alignment">Left</Param>
        <Param Name="Width">100</Param>
        <Param Name="CalculateDistinctValues">True</Param>
      </Param>
    </Param>
    <Param Name="Export">
      <Param Name="Export do Excelu"></Param>
    </Param>
    <Param Name="DeleteButton">
      <Param Name="RightsAdapters">
        <Param Name="Enif.EDA.ETRM.Validators.ExchangeRateSerieVDeleteValidator,EnifETRMCommon"/>
      </Param>
    </Param>
  </Params>
  <DetailsButton IsVisible="True" Form="egeExchangeRateSerieV" UnionTransaction="True" Target="@Window" />
  <SelectButton IsVisible="True" Form="egeExchangeRateSerieV" UnionTransaction="True" Target="@Window" />
</Form>