﻿<?xml version="1.0" encoding="utf-8"?>
<Form Type="Grid" Caption="Seznam nabídek" WindowCaption="Seznam nabídek" ProgId="Enif.EDA.ETRM.OTE.Behaviors.EEDM.eggEEDM_Bid, EnifETRMCOMOTEGui" EntityType="Enif.EDA.ETRM.OTE.EEDM.Entities.EEDM_Bid,EnifETRMCOMOTE" IsReadOnly="{IsReadOnly}&#x9;Exp;bool IsReadOnly=RoleExp(&quot;HN&quot;)" Scale="100%" ValidationLevel="0" CanDelete="Multi" GridGroupableDisable="False">
  <DetailsButton IsVisible="True" ToolTip="Editovat" Form="egeEEDM_Bid" />
  <SelectButton IsVisible="True" ToolTip="Nový" Form="egdEEDM_Bid_New" Target="@ModalWindow" UnionTransaction="True" />
  <!--<SelectButton IsVisible="True" ToolTip="Nový" Form="egeEEDMBid" Target="@Window" UnionTransaction="False" />-->
  <!--<CopyButton IsVisible="True" ToolTip="Zkopírovat" Form="egeEEDMBid" Target="@ModalWindow" UnionTransaction="False" />-->
  <Params>
    <Param Name="ViewName">
      (
      select
      bid.Id as ID,
      bid.BidDate as BIDDATE,
      bid.IDOTE as IDOTE,
      BidDirection.Caption as DirectionCaption,
      BidState.Caption as StateCaption,
      Config.Id as ConfigId
      from EEDM_Bid Bid
      left join EEDM_BidDirection BidDirection on BidDirection.Id = bid.DirectionFK
      left join EEDM_BidState BidState on BidState.Id = bid.StateFK
      left join EEDM_Configuration Config on Config.Id = bid.ConfigurationFK
      )
    </Param>
    <Param Name="PrimaryKeyName">ID</Param>
    <Param Name="WhereCondition"></Param>
    <Param Name="Order">ID Descending</Param>
    <Param Name="DynamicLoading">True</Param>
    <Param Name="RefreshOnNotifyEnabled">True</Param>
    <Param Name="AskOnDelete">Opravdu odstranit?</Param>    
    <Param Name="DeleteButton">
      <Param Name="RightsAdapters">
        <Param Name="EnifGEValidator.OfferDeleteValidator,EnifGEValidator"/>
      </Param>
      <Param Name="EntityDelegates">
        <Param Name="Destroy_Gui"></Param>
      </Param>
    </Param>
    <Param Name="Columns">
      <Param Name="ID">
        <Param Name="Label">ID</Param>
        <Param Name="DataType">String</Param>
        <Param Name="Width">120</Param>
      </Param>
      <!--<Param Name="BIDDATE">
        <Param Name="Label">Datum oceňování</Param>
        <Param Name="DataType">DateTime</Param>
        <Param Name="Format">d.M.yyyy</Param>
        <Param Name="Width">120</Param>
      </Param>-->
      <Param Name="DirectionCaption">
        <Param Name="Label">Směr</Param>
        <Param Name="DataType">String</Param>
        <Param Name="Width">120</Param>
      </Param>
      <Param Name="IDOTE">
        <Param Name="Label">ID OTE</Param>
        <Param Name="DataType">String</Param>
        <Param Name="Width">120</Param>
      </Param>
      <Param Name="StateCaption">
        <Param Name="Label">Stav</Param>
        <Param Name="DataType">String</Param>
        <Param Name="Width">120</Param>
      </Param>      
    </Param>
    <!--<Param Name="Buttons">
      <Param Name="New" Value="Copy modal">
        <Param Name="Form">egdCopy</Param>
        <Param Name="Target">@ModalWindow</Param>
      </Param>
    </Param>-->
  </Params>
</Form>