﻿<?xml version="1.0" encoding="utf-8"?>
<Form Type="Grid" Caption="Poskytovatelé kurzů" WindowCaption="Poskytovatelé kurzů" ProgId="EGCore.EGBaseBehavior,EGCore" EntityType="Enif.EDA.ETRM.Entities.ExchangeRateProvider,EnifETRMCommon" Scale="100%" CanDelete="Multi" SelectMode="Single"
      IsReadOnly="{IsReadOnly}&#x9;Exp;bool IsReadOnly=!(RoleExp(&quot;ETRM_MDM_ExchangeRate_Settings&quot;))">
  <Params>
    <Param Name="ViewName">
      select
      erp.Id as Id,
      erp.Key as Key,
      erp.Active as Active,
      erp.Caption Caption,
      erp.Description Description,
      curet.ShortCaption as CaptionCurr,
      COALESCE(ers.CountERS, 0) CountERS,
      COALESCE(ersv.CountERSV, 0) CountERSV

      from
      (select Id, Active, Key, Caption, Description, CounterCurrencyFK from EDA_ExchangeRateProvider) erp

      left outer join
      (select Id, ShortCaption from EDA_CurrencyETrade) curet
      on
      erp.CounterCurrencyFK = curet.Id

      left outer join
      (select count(Id) CountERS, ExchangeRateProviderFK from EDA_ExchangeRateSerie group by ExchangeRateProviderFK) ers
      on
      ers.ExchangeRateProviderFK = erp.Id
      
      left outer join
      (select count(serie.Id) as CountERSV, serie.ExchangeRateProviderFK as ProvFK from EDA_ExchangeRateSerie serie inner join EDA_ExchangeRateSerieV serieV on serieV.ExchangeRateSerieFK=serie.Id group by serie.ExchangeRateProviderFK) ersv
      on
      ersv.ProvFK = erp.Id
    </Param>
    <Param Name="ViewType">Sql</Param>
    <Param Name="PrimaryKeyName">ID</Param>
    <Param Name="DynamicLoading">False</Param>
    <Param Name="Order">Caption</Param>
    <Param Name="WhereCondition" />
    <Param Name="Columns">
      <Param Name="Active">
        <Param Name="Label">Akt.</Param>
        <Param Name="DataType">Boolean</Param>
        <Param Name="Alignment">Center</Param>
        <Param Name="Width">40</Param>
      </Param>
      <Param Name="Key">
        <Param Name="Label">Klíč</Param>
        <Param Name="DataType">String</Param>
        <Param Name="Alignment">Left</Param>
        <Param Name="Width">100</Param>
      </Param>
      <Param Name="Id">
        <Param Name="Label">Id</Param>
        <Param Name="DataType">Int64</Param>
        <Param Name="Alignment">Right</Param>
        <Param Name="Width">100</Param>
        <Param Name="IsVisible">True</Param>
      </Param>
      <Param Name="Caption">
        <Param Name="Label">Název</Param>
        <Param Name="DataType">String</Param>
        <Param Name="Alignment">Left</Param>
        <Param Name="IsVisible">True</Param>
        <Param Name="Width">200</Param>
        <Param Name="MinWidth">150</Param>
      </Param>
      <Param Name="CaptionCurr">
        <Param Name="Label">Counter měna</Param>
        <Param Name="DataType">String</Param>
        <Param Name="Alignment">Left</Param>
        <Param Name="Width">150</Param>
        <Param Name="CalculateDistinctValues">True</Param>
      </Param>
      <Param Name="Description">
        <Param Name="Label">Popis</Param>
        <Param Name="DataType">String</Param>
        <Param Name="Alignment">Left</Param>
        <Param Name="Width">250</Param>
        <Param Name="IsVisible">True</Param>
        <Param Name="MinWidth">150</Param>
      </Param>
      <Param Name="CountERS">
        <Param Name="Label">Kurz. kř.</Param>
        <Param Name="DataType">Int16</Param>
        <Param Name="Alignment">Right</Param>
        <Param Name="Width">80</Param>
      </Param>
      <Param Name="CountERSV">
        <Param Name="Label">Ver. kurz. kř.</Param>
        <Param Name="DataType">Int16</Param>
        <Param Name="Alignment">Right</Param>
        <Param Name="Width">80</Param>
      </Param>
    </Param>
    <Param Name="Export">
      <Param Name="Export do Excelu"></Param>
    </Param>
    <Param Name="DeleteButton">
      <Param Name="RightsAdapters">
        <Param Name="Enif.EDA.ETRM.Validators.ExchangeRateProviderDeleteValidator,EnifETRMCommon"/>
      </Param>
      <Param Name="EntityDelegates">
        <Param Name="Destroy_Gui" />
      </Param>
    </Param>
  </Params>
  <DetailsButton IsVisible="True" Form="egeExchangeRateProvider" UnionTransaction="True" Target="@Window" />
  <SelectButton IsVisible="True" Form="egeExchangeRateProvider" UnionTransaction="True" Target="@Window" />
</Form>