﻿<?xml version="1.0" encoding="utf-8"?>
<Form Type="Grid" Caption="Přenosové profily" WindowCaption="Přenosové profily" ProgId="EGCore.EGBaseBehavior,EGCore" EntityType="Enif.EDA.ETRM.Entities.GridLine,EnifETRMCommon" IsReadOnly="False" Scale="2" ValidationLevel="0" CanDelete="Multi">
  <Params>
    <Param Name="ViewName">select 
gl.Id as Id, gl.ExternalId ExternalId, gl.Caption Caption, gl.Active as Active,
en.Caption as EntryCaption,
ex.Caption as ExitCaption,
COALESCE(mgl.CountMGL,0) CountMGL,
gren.Caption as GridEntryCaption,
grex.Caption as GridExitCaption

from 
(select Id, Caption, Active, EntryGridPointFK, ExitGridPointFK, ExternalID from EDA_GridLine) gl

left outer join
(select Id, Caption, GridFK from EDA_GridPoint) en
on
gl.EntryGridPointFK = en.Id

left outer join
(select Id, Caption, GridFK from EDA_GridPoint) ex
on
gl.ExitGridPointFK = ex.Id

left outer join
(select count(Id) CountMGL, GridLineFK from EDA_Market_GridLine group by GridLineFK) mgl
on
mgl.GridLineFK = gl.Id

left outer join
(select Id, GridFK from EDA_GridETrade) greten
on
en.GridFK = greten.Id

left outer join
(select Id, GridFK from EDA_GridETrade) gretex
on
ex.GridFK = gretex.Id

left outer join
(select Id, Caption from EDA_Grid) gren
on
greten.GridFK = gren.Id

left outer join
(select Id, Caption from EDA_Grid) grex
on
gretex.GridFK = grex.Id</Param>
    <Param Name="DynamicLoading">False</Param>
    <Param Name="ViewType">Sql</Param>
    <Param Name="PrimaryKeyName">ID</Param>
    <Param Name="WhereCondition" />
    <Param Name="Columns">
      <Param Name="Active">
        <Param Name="Label">Aktivní</Param>
        <Param Name="DataType">Boolean</Param>
        <Param Name="Alignment">Center</Param>
        <Param Name="Width">40</Param>
      </Param>
      <Param Name="Id">
        <Param Name="Label">ID</Param>
        <Param Name="Width">70</Param>
        <Param Name="DataType">Int64</Param>
        <Param Name="Alignment">Center</Param>
      </Param>
      <Param Name="CAPTION">
        <Param Name="Label">Název</Param>
        <Param Name="Width">1*</Param>
        <Param Name="DataType">String</Param>
        <Param Name="Alignment">Left</Param>
        <Param Name="MinWidth">200</Param>
      </Param>
      <Param Name="EntryCaption">
        <Param Name="Label">Entry bod</Param>
        <Param Name="Width">120</Param>
        <Param Name="DataType">String</Param>
        <Param Name="Alignment">Left</Param>
        <Param Name="CalculateDistinctValues">True</Param>
      </Param>
      <Param Name="GridEntryCaption">
        <Param Name="DataType">String</Param>
        <Param Name="Alignment">Left</Param>
        <Param Name="Width">120</Param>
        <Param Name="Label">Entry síť</Param>
        <Param Name="CalculateDistinctValues">True</Param>
      </Param>
      <Param Name="ExitCaption">
        <Param Name="Label">Exit bod</Param>
        <Param Name="Width">120</Param>
        <Param Name="DataType">String</Param>
        <Param Name="Alignment">Left</Param>
        <Param Name="CalculateDistinctValues">True</Param>
      </Param>
      <Param Name="GridExitCaption">
        <Param Name="DataType">String</Param>
        <Param Name="Alignment">Left</Param>
        <Param Name="Width">120</Param>
        <Param Name="Label">Exit síť</Param>
        <Param Name="CalculateDistinctValues">True</Param>
      </Param>
      <Param Name="ExternalId">
        <Param Name="Label">EIC kód</Param>
        <Param Name="Width">100</Param>
        <Param Name="DataType">String</Param>
        <Param Name="Alignment">Left</Param>
      </Param>
      <Param Name="CountMGL">
        <Param Name="Label">Trhy</Param>
        <Param Name="DataType">Int16</Param>
        <Param Name="Alignment">Right</Param>
        <Param Name="Width">50</Param>
      </Param>
    </Param>
    <Param Name="Export">
      <Param Name="Export do Excelu"></Param>
    </Param>
  </Params>
  <DetailsButton IsVisible="True" Form="egeGridLine" UnionTransaction="True" Target="@Window" />
  <SelectButton IsVisible="True" Form="egeGridLine" UnionTransaction="True" Target="@Window" />
</Form>