﻿<?xml version="1.0" encoding="utf-8"?>
<Form Type="Grid" Caption="Skupiny bodů sítě" WindowCaption="Skupiny bodů sítě" ProgId="EGCore.EGBaseBehavior,EGCore" EntityType="Enif.EDA.ETRM.Entities.GridPointGroup,EnifETRMCommon" IsReadOnly="False" Scale="1" ValidationLevel="0" CanDelete="Multi">
  <Params>
    <Param Name="ViewName">select 
gpg.Id as Id, gpg.Caption Caption, gpg.Active as Active,
COALESCE(gp.CountGP,0) CountGP

from 
(select Id, Caption, Active from EDA_GridPointGroup) gpg

left outer join
(select count(Id) CountGP, GridPointGroupFK from EDA_GridPoint group by GridPointGroupFK) gp
on
gp.GridPointGroupFK = gpg.Id

</Param>
    <Param Name="DynamicLoading">False</Param>
    <Param Name="ViewType">Sql</Param>
    <Param Name="PrimaryKeyName">ID</Param>
    <Param Name="WhereCondition" />
    <Param Name="Order">Caption</Param>
    <Param Name="Columns">
      <Param Name="Active">
        <Param Name="Label">Akt.</Param>
        <Param Name="DataType">Boolean</Param>
        <Param Name="Alignment">Center</Param>
        <Param Name="Width">40</Param>
      </Param>
      <Param Name="Id">
        <Param Name="Label">ID</Param>
        <Param Name="Width">70</Param>
        <Param Name="IsVisible">True</Param>
        <Param Name="DataType">Int64</Param>
        <Param Name="Alignment">Center</Param>
      </Param>
      <Param Name="CAPTION">
        <Param Name="Label">Název</Param>
        <Param Name="Width">1*</Param>
        <Param Name="DataType">String</Param>
        <Param Name="Alignment">Left</Param>
        <Param Name="MinWidth">150</Param>
      </Param>
      <Param Name="CountGP">
        <Param Name="Label">GP</Param>
        <Param Name="DataType">Int16</Param>
        <Param Name="Alignment">Right</Param>
        <Param Name="Width">40</Param>
      </Param>
    </Param>
    <Param Name="Export">
      <Param Name="Export do Excelu"></Param>
    </Param>
  </Params>
  <DetailsButton IsVisible="True" Form="egeGridPointGroup" UnionTransaction="True" Target="@Window" />
  <SelectButton IsVisible="True" Form="egeGridPointGroup" UnionTransaction="True" Target="@Window" />
</Form>