﻿<?xml version="1.0" encoding="utf-8"?>
<Form Type="Grid" Caption="Sítě" WindowCaption="Sítě" ProgId="EGCore.EGBaseBehavior,EGCore" EntityType="Enif.EDA.EDA.Entities.Grid,EnifGECommon" IsReadOnly="False" Scale="1.62" ValidationLevel="0" CanDelete="Multi">
  <Params>
    <Param Name="ViewName">select 
grid.Id as Id, grid.Key as Key, grid.ExternalId ExternalId, grid.Caption Caption, grid.Active as Active,
com.Caption as CommodityCaption,
sam.Caption as SampleCaption,
tz.Caption as TimezoneCaption,
unit.Caption as UnitCaption

from 
(select Id, Key, Caption, Active, SampleFK, CommodityFK, TimezoneFK, UnitFK, ExternalID from EDA_Grid) grid

left outer join
(select Id, Caption from EDA_TCommodity) com
on
grid.CommodityFK = com.Id

left outer join
(select Id, Caption from EDA_TTimezone) tz
on
grid.TimezoneFK = tz.Id

left outer join
(select Id, Caption from EDA_TUnit) unit
on
grid.UnitFK = unit.Id

left outer join
(select Id, Caption from EDA_TSample) sam
on
grid.SampleFK = sam.Id</Param>
    <Param Name="ViewType">Sql</Param>
    <Param Name="PrimaryKeyName">Id</Param>
    <Param Name="WhereCondition" />
    <Param Name="Columns">
      <Param Name="Active">
        <Param Name="Label">Aktivní</Param>
        <Param Name="DataType">Boolean</Param>
        <Param Name="Alignment">Center</Param>
        <Param Name="Width">60</Param>
      </Param>
      <Param Name="Key">
        <Param Name="Label">Klíč</Param>
        <Param Name="Width">110</Param>
      </Param>
      <Param Name="Caption">
        <Param Name="Label">Název</Param>
        <Param Name="Width">130</Param>
      </Param>
      <Param Name="CommodityCaption">
        <Param Name="Label">Kom.</Param>
        <Param Name="Width">60</Param>
        <Param Name="DataType">String</Param>
        <Param Name="Alignment">Center</Param>
        <Param Name="CalculateDistinctValues">True</Param>
      </Param>
      <Param Name="SampleCaption">
        <Param Name="Label">Vzorek</Param>
        <Param Name="Width">80</Param>
        <Param Name="DataType">String</Param>
        <Param Name="Alignment">Center</Param>
        <Param Name="CalculateDistinctValues">True</Param>
      </Param>
      <Param Name="UnitCaption">
        <Param Name="Label">Jednotka</Param>
        <Param Name="DataType">String</Param>
        <Param Name="Alignment">Center</Param>
        <Param Name="Width">80</Param>
        <Param Name="CalculateDistinctValues">True</Param>
      </Param>
      <Param Name="TimezoneCaption">
        <Param Name="Label">Čas. zóna</Param>
        <Param Name="Width">100</Param>
        <Param Name="DataType">String</Param>
        <Param Name="Alignment">Center</Param>
        <Param Name="CalculateDistinctValues">True</Param>
      </Param>
      <Param Name="ExternalId">
        <Param Name="Label">Externí Id</Param>
        <Param Name="DataType">String</Param>
        <Param Name="Alignment">Left</Param>
        <Param Name="Width">120</Param>
      </Param>
    </Param>
    <Param Name="DynamicLoading">False</Param>
    <Param Name="Export">
      <Param Name="Export do Excelu"></Param>
    </Param>
  </Params>
  <DetailsButton IsVisible="True" Form="egeGrid" UnionTransaction="True" Target="@Window" />
  <SelectButton IsVisible="True" Form="egeGrid" UnionTransaction="True" Target="@Window" />
</Form>