﻿<?xml version="1.0" encoding="utf-8"?>
<Form Type="Grid" Caption="Sítě" WindowCaption="Sítě" ProgId="EGCore.EGBaseBehavior,EGCore" EntityType="Enif.EDA.ETRM.Entities.GridETrade,EnifETRMCommon" IsReadOnly="False" Scale="1.8" ValidationLevel="0" CanDelete="Multi">
  <Params>
    <Param Name="ViewName">select 
getr.Id as Id, gr.Key as Key, gr.Active as Active,
bz.Caption as BZCaption,
bzg.Caption as BZGCaption,
gr.Caption as GridCaption,
sam.Caption as GridSampleCaption,
COALESCE(mug.CountMU,0) as CountMU,
COALESCE(gp.CountGP,0) as CountGP,
tcom.Caption as CommodityCaption

from 
(select Id, BalanceZoneFK, GridFK from EDA_GRIDETRADE) getr

left outer join
(select Id, Caption, BalanceZoneGroupFK from EDA_BalanceZone) bz
on
getr.BalanceZoneFK = bz.Id

left outer join
(select Id, Caption from EDA_BalanceZoneGroup) bzg
on
bz.BalanceZoneGroupFK = bzg.Id

left outer join
(select Id, Key, Active, Caption, SampleFK, CommodityFK from EDA_GRID) gr
on
getr.GridFK = gr.Id

left outer join
(select count(Id) CountMU, GridFK from EDA_MU_Grid group by GridFK) mug
on
getr.Id = mug.GridFK

left outer join
(select count(Id) CountGP, GridFK from EDA_GridPoint group by GridFK) gp
on
getr.Id = gp.GridFK

left outer join
(select Id, Caption from EDA_TSample) sam
on
gr.SampleFK = sam.Id

left outer join
(select Id, Caption from EDA_TCommodity) tcom
on
gr.CommodityFK = tcom.Id
</Param>
    <Param Name="DynamicLoading">False</Param>
    <Param Name="ViewType">Sql</Param>
    <Param Name="PrimaryKeyName">ID</Param>
    <Param Name="WhereCondition" />
    <Param Name="Order">BZGCaption,BZCaption,GridCaption</Param>
    <Param Name="Columns">
      <Param Name="ACTIVE">
        <Param Name="Label">Aktivní</Param>
        <Param Name="DataType">Boolean</Param>
        <Param Name="Alignment">Center</Param>
        <Param Name="Width">60</Param>
      </Param>
      <Param Name="BZGCaption">
        <Param Name="Label">Skupina zón</Param>
        <Param Name="Width">170</Param>
        <Param Name="DataType">String</Param>
        <Param Name="Alignment">Left</Param>
        <Param Name="CalculateDistinctValues">True</Param>
      </Param>
      <Param Name="BZCaption">
        <Param Name="Label">Bilanční zóna</Param>
        <Param Name="Width">170</Param>
        <Param Name="DataType">String</Param>
        <Param Name="Alignment">Left</Param>
        <Param Name="CalculateDistinctValues">True</Param>
      </Param>
      <Param Name="GridCaption">
        <Param Name="Label">Síť</Param>
        <Param Name="Width">130</Param>
        <Param Name="DataType">String</Param>
        <Param Name="Alignment">Left</Param>
        <Param Name="CalculateDistinctValues">True</Param>
      </Param>
      <Param Name="KEY">
        <Param Name="Label">Klíč</Param>
        <Param Name="Width">110</Param>
        <Param Name="IsVisible">True</Param>
        <Param Name="DataType">String</Param>
        <Param Name="Alignment">Left</Param>
      </Param>
      <Param Name="CommodityCaption">
        <Param Name="Label">Kom.</Param>
        <Param Name="DataType">String</Param>
        <Param Name="Alignment">Center</Param>
        <Param Name="Width">60</Param>
        <Param Name="CalculateDistinctValues">True</Param>
      </Param>
      <Param Name="GridSampleCaption">
        <Param Name="DataType">String</Param>
        <Param Name="Alignment">Center</Param>
        <Param Name="Width">60</Param>
        <Param Name="Label">Vzorek sítě</Param>
        <Param Name="CalculateDistinctValues">True</Param>
      </Param>
      <Param Name="CountMU">
        <Param Name="Label">OJ</Param>
        <Param Name="DataType">Int16</Param>
        <Param Name="Alignment">Right</Param>
        <Param Name="Width">40</Param>
      </Param>
      <Param Name="CountGP">
        <Param Name="Label">GP</Param>
        <Param Name="DataType">Int16</Param>
        <Param Name="Alignment">Right</Param>
        <Param Name="Width">40</Param>
      </Param>
    </Param>
    <Param Name="Export">
      <Param Name="Export do Excelu" />
    </Param>
    <Param Name="DeleteButton">
	  <Param Name="RightsAdapters">
		<Param Name="Enif.EDA.ETRM.Validators.GridETradeValidator,EnifETRMCommon"/>
	  </Param>
      <Param Name="EntityDelegates">
        <Param Name="Destroy_With_Dependencies" />
      </Param>
    </Param>
  </Params>
  <DetailsButton IsVisible="True" Form="egeGridETrade" UnionTransaction="True" Target="@Window" />
  <SelectButton IsVisible="True" Form="egeGridETrade" UnionTransaction="True" Target="@Window" />
</Form>