﻿<?xml version="1.0" encoding="utf-8"?>
<Form Type="Grid" Caption="Orientované (půl)body sítě" WindowCaption="Orientované (půl)body sítě" ProgId="EGCore.EGBaseBehavior,EGCore" EntityType="Enif.EDA.ETRM.Entities.GridPoint,EnifETRMCommon" IsReadOnly="False" Scale="2.4" ValidationLevel="0" CanDelete="Multi" >
  <Params>
    <Param Name="LocalParams">
      <Param Name="BalanceZoneId" Value="-1"/>
    </Param>
    <Param Name="VariablesBinding">
      <Param Name="BalanceZoneId" Value="{BalanceZoneId}"/>
    </Param>
    <Param Name="ViewName">
      select
      gp.Id as Id, gp.ExternalId ExternalId, gp.Caption Caption, gp.Active as Active,
      gpt.Caption as GridPointTypeCaption,
      gpg.Caption as GridPointGroupCaption,
      griot.ShortCaption as IOTypeCaption,
      gr.Caption as GridCaption,
      bzo.Caption as BalanceZoneCaption,
      bzg.Caption as BalanceZoneGroupCaption,
      COALESCE(mgp.CountMGP,0) CountMGP,
      tcom.Caption as CommodityCaption,
      COALESCE(engl.CountENGL,0) CountENGL,
      COALESCE(exgl.CountEXGL,0) CountEXGL

      from
      (select Id, Caption, Active, ExternalID, GridFK, IOTypeFK, GridPointTypeFK, GridPointGroupFK from EDA_GridPoint) gp

      left outer join
      (select Id, Caption from EDA_GridPointType) gpt
      on
      gp.GridPointTypeFK = gpt.Id

      left outer join
      (select Id, Caption from EDA_GridPointGroup) gpg
      on
      gp.GridPointGroupFK = gpg.Id

      left outer join
      (select Id, GridFK, BalanceZoneFK from EDA_GridETrade) get
      on
      gp.GridFK = get.Id

      left outer join
      (select Id, Caption, BalanceZoneGroupFK from EDA_BalanceZone) bzo
      on
      get.BalanceZoneFK = bzo.Id

      left outer join
      (select Id, Caption from EDA_BalanceZoneGroup) bzg
      on
      bzo.BalanceZoneGroupFK = bzg.Id

      left outer join
      (select Id, ShortCaption from EDA_GridPointIOType) griot
      on
      gp.IOTypeFK = griot.Id

      left outer join
      (select Id, Caption, CommodityFK from EDA_Grid) gr
      on
      get.GridFK = gr.Id

      left outer join
      (select count(Id) CountMGP, GridPointFK from EDA_Market_GridPoint group by GridPointFK) mgp
      on
      mgp.GridPointFK = gp.Id

      left outer join
      (select Id, Caption from EDA_TCommodity) tcom
      on
      gr.CommodityFK = tcom.Id

      left outer join
      (select count(Id) CountENGL, EntryGridPointFK from EDA_GridLine group by EntryGridPointFK) engl
      on
      engl.EntryGridPointFK = gp.Id

      left outer join
      (select count(Id) CountEXGL, ExitGridPointFK from EDA_GridLine group by ExitGridPointFK) exgl
      on
      exgl.ExitGridPointFK = gp.Id
      where (get.BalanceZoneFK={BalanceZoneId} or {BalanceZoneId}=-1) and gp.Active=1
    </Param>
    <Param Name="DynamicLoading">False</Param>
    <Param Name="ViewType">Sql</Param>
    <Param Name="PrimaryKeyName">ID</Param>
    <Param Name="WhereCondition" />
    <Param Name="Order">BalanceZoneGroupCaption,BalanceZoneCaption,GridCaption,Caption</Param>
    <Param Name="Columns">
      <Param Name="Active">
        <Param Name="Label">Akt.</Param>
        <Param Name="DataType">Boolean</Param>
        <Param Name="Alignment">Center</Param>
        <Param Name="Width">40</Param>
      </Param>
      <Param Name="Id">
        <Param Name="Label">ID</Param>
        <Param Name="Width">70</Param>
        <Param Name="IsVisible">True</Param>
        <Param Name="DataType">Int64</Param>
        <Param Name="Alignment">Center</Param>
      </Param>
      <Param Name="IOTypeCaption">
        <Param Name="Label">IO</Param>
        <Param Name="DataType">String</Param>
        <Param Name="Alignment">Center</Param>
        <Param Name="Width">40</Param>
        <Param Name="CalculateDistinctValues">True</Param>
      </Param>
      <Param Name="BalanceZoneGroupCaption">
        <Param Name="Label">Skupina bilančních zón</Param>
        <Param Name="Width">50</Param>
        <Param Name="DataType">String</Param>
        <Param Name="Alignment">Left</Param>
        <Param Name="CalculateDistinctValues">True</Param>
      </Param>
      <Param Name="BalanceZoneCaption">
        <Param Name="Label">Bilanční zóna</Param>
        <Param Name="Width">120</Param>
        <Param Name="DataType">String</Param>
        <Param Name="Alignment">Left</Param>
        <Param Name="CalculateDistinctValues">True</Param>
      </Param>
      <Param Name="GridCaption">
        <Param Name="Label">Síť</Param>
        <Param Name="Width">120</Param>
        <Param Name="DataType">String</Param>
        <Param Name="Alignment">Left</Param>
        <Param Name="CalculateDistinctValues">True</Param>
      </Param>
      <Param Name="CAPTION">
        <Param Name="Label">Bod</Param>
        <Param Name="Width">200</Param>
        <Param Name="DataType">String</Param>
        <Param Name="Alignment">Left</Param>
      </Param>
      <Param Name="GridPointTypeCaption">
        <Param Name="Label">Typ bodu</Param>
        <Param Name="Width">200</Param>
        <Param Name="DataType">String</Param>
        <Param Name="Alignment">Left</Param>
        <Param Name="CalculateDistinctValues">True</Param>
      </Param>
      <Param Name="GridPointGroupCaption">
        <Param Name="Label">Skupina bodů</Param>
        <Param Name="Width">200</Param>
        <Param Name="DataType">String</Param>
        <Param Name="Alignment">Left</Param>
        <Param Name="CalculateDistinctValues">True</Param>
      </Param>
      <Param Name="CommodityCaption">
        <Param Name="Label">Kom.</Param>
        <Param Name="DataType">String</Param>
        <Param Name="Alignment">Center</Param>
        <Param Name="Width">50</Param>
        <Param Name="CalculateDistinctValues">True</Param>
      </Param>
      <Param Name="ExternalId">
        <Param Name="Label">EIC kód</Param>
        <Param Name="DataType">String</Param>
        <Param Name="Alignment">Left</Param>
        <Param Name="Width">80</Param>
      </Param>
      <Param Name="CountMGP">
        <Param Name="Label">Trhy</Param>
        <Param Name="DataType">Int16</Param>
        <Param Name="Alignment">Right</Param>
        <Param Name="Width">50</Param>
      </Param>
      <Param Name="CountENGL">
        <Param Name="Label">Entry</Param>
        <Param Name="DataType">Int16</Param>
        <Param Name="Alignment">Right</Param>
        <Param Name="Width">50</Param>
      </Param>
      <Param Name="CountEXGL">
        <Param Name="Label">Exit</Param>
        <Param Name="DataType">Int16</Param>
        <Param Name="Alignment">Right</Param>
        <Param Name="Width">50</Param>
      </Param>
    </Param>
    <Param Name="Export">
      <Param Name="Export do Excelu" />
    </Param>
    <Param Name="DeleteButton">
	  <Param Name="RightsAdapters">
		<Param Name="Enif.EDA.ETRM.Validators.GridPointValidator,EnifETRMCommon"/>
	  </Param>
      <Param Name="EntityDelegates">
        <Param Name="Destroy_With_Dependencies" />
      </Param>
    </Param>
  </Params>
  <DetailsButton IsVisible="True" Form="egeGridPoint" UnionTransaction="True" Target="@Window" />
  <SelectButton IsVisible="False" Form="egeGridPoint" UnionTransaction="True" Target="@Window" />
</Form>