﻿<?xml version="1.0" encoding="utf-8"?>
<Form Type="Grid" Caption="Typy indexové křivky" WindowCaption="Typy indexové křivky" ProgId="EGCore.EGBaseBehavior,EGCore" EntityType="Enif.EDA.ETRM.Entities.IndexCurveType,EnifETRMCommon" IsReadOnly="true" CanDelete="None">
  <Params>
    <Param Name="ViewName">Id, Active, Key, Caption</Param>
    <Param Name="ViewType">Path</Param>
    <Param Name="DynamicLoading">False</Param>
    <Param Name="PrimaryKeyName">ID</Param>
    <Param Name="WhereCondition" />
    <Param Name="Columns">
      <Param Name="ACTIVE" Value="Label=Aktivní">
        <Param Name="DataType">Boolean</Param>
        <Param Name="Width">60</Param>
        <Param Name="Label">Aktivní</Param>
      </Param>
      <Param Name="KEY" Value="Label=Klíč">
        <Param Name="DataType">String</Param>
        <Param Name="Label">Klíč</Param>
        <Param Name="Alignment">Left</Param>
        <Param Name="Width">120</Param>
      </Param>
      <Param Name="CAPTION" Value="Label=Název">
        <Param Name="Label">Název</Param>
        <Param Name="DataType">String</Param>
        <Param Name="Alignment">Left</Param>
        <Param Name="Width">1*</Param>
      </Param>
    </Param>
    <Param Name="Export">
      <Param Name="Export do Excelu"></Param>
    </Param>
  </Params>
  <DetailsButton IsVisible="True" Form="egeIndexCurveType" UnionTransaction="True" Target="@Window" />
  <SelectButton IsVisible="True" Form="egeIndexCurveType" UnionTransaction="True" Target="@Window" />
</Form>