﻿<?xml version="1.0" encoding="utf-8"?>
<Form Type="Grid" Caption="Mezibilanční pozice" WindowCaption="Mezibilanční pozice" ProgId="" EntityType="Enif.EDA.ETRM.Entities.Deal,EnifETRMCommon" Scale="2.5" CanDelete="None" GridGroupableDisable="True"
      IsReadOnly="False">
  <Params>
    <Param Name="VariablesBinding">
      <Param Name="dFrom" Value="" />
      <Param Name="dTo" Value="" />
      <Param Name="portfolio" Value="" />
      <Param Name="book" Value="" />
      <Param Name="aggPeriod" Value="" />
    </Param>
    <Param Name="ViewName">
      select O_PERIOD Period,
      SUM_UP SumUP,
      SUM_PRED SumPred,
      SUM_UP+SUM_PRED SumOP,
      OTE_UP OTEUP,
      OTE_PRED OTEPred,
      OTE_UP+OTE_PRED OTEOP,
      NCG_UP NCGUP,
      NCG_PRED NCGPred,
      NCG_UP+NCG_PRED NCGOP,
      GASPOOL_UP GASPOOLUP,
      GASPOOL_PRED GASPOOLPred,
      GASPOOL_UP+GASPOOL_PRED GASPOOLOP,
      RWE_UP InnogyGSUP,
      RWE_PRED InnogyGSPred,
      RWE_UP+RWE_PRED InnogyGSOP,
      MND_UP MNDGSUP,
      MND_PRED MNDGSPred,
      MND_UP+MND_PRED MNDGSOP
      from table(ETRM_POSITION_REPORTS.get_interBZ_position(TO_DATE('{dFrom}','yyyy-mm-dd'),TO_DATE('{dTo}','yyyy-mm-dd'),{portfolio},{book},{aggPeriod}))
    </Param>
    <Param Name="DynamicLoading">False</Param>
    <Param Name="ViewType">Sql</Param>
    <Param Name="PrimaryKeyName">ID</Param>
    <Param Name="FilterForm">egdInterBZPositionFilter</Param>
    <Param Name="WhereCondition" />
    <Param Name="Order">Caption</Param>
    <Param Name="Columns">
      <Param Name="Period">
        <Param Name="Label">Období</Param>
        <Param Name="DataType">String</Param>
        <Param Name="Alignment">Left</Param>
        <Param Name="Width">160</Param>
      </Param>
      <Param Name="SumUP">
        <Param Name="Label">Suma UP</Param>
        <Param Name="DataType">Decimal</Param>
        <Param Name="Alignment">Right</Param>
        <Param Name="Format">#,##0.000</Param>
        <Param Name="Width">110</Param>
      </Param>
      <Param Name="SumPred">
        <Param Name="Label">Suma Pred.</Param>
        <Param Name="DataType">Decimal</Param>
        <Param Name="Alignment">Right</Param>
        <Param Name="Format">#,##0.000</Param>
        <Param Name="Width">110</Param>
      </Param>
      <Param Name="SumOP">
        <Param Name="Label">Suma OP</Param>
        <Param Name="DataType">Decimal</Param>
        <Param Name="Alignment">Right</Param>
        <Param Name="Format">#,##0.000</Param>
        <Param Name="Width">110</Param>
      </Param>
      <Param Name="OTEUP">
        <Param Name="Label">OTE UP</Param>
        <Param Name="DataType">Decimal</Param>
        <Param Name="Alignment">Right</Param>
        <Param Name="Format">#,##0.000</Param>
        <Param Name="Width">110</Param>
      </Param>
      <Param Name="OTEPred">
        <Param Name="Label">OTE Pred.</Param>
        <Param Name="DataType">Decimal</Param>
        <Param Name="Alignment">Right</Param>
        <Param Name="Format">#,##0.000</Param>
        <Param Name="Width">110</Param>
      </Param>
      <Param Name="OTEOP">
        <Param Name="Label">OTE OP</Param>
        <Param Name="DataType">Decimal</Param>
        <Param Name="Alignment">Right</Param>
        <Param Name="Format">#,##0.000</Param>
        <Param Name="Width">110</Param>
      </Param>
      <Param Name="NCGUP">
        <Param Name="Label">NCG UP</Param>
        <Param Name="DataType">Decimal</Param>
        <Param Name="Alignment">Right</Param>
        <Param Name="Format">#,##0.000</Param>
        <Param Name="Width">110</Param>
      </Param>
      <Param Name="NCGPred">
        <Param Name="Label">NCG Pred.</Param>
        <Param Name="DataType">Decimal</Param>
        <Param Name="Alignment">Right</Param>
        <Param Name="Format">#,##0.000</Param>
        <Param Name="Width">110</Param>
      </Param>
      <Param Name="NCGOP">
        <Param Name="Label">NCG OP</Param>
        <Param Name="DataType">Decimal</Param>
        <Param Name="Alignment">Right</Param>
        <Param Name="Format">#,##0.000</Param>
        <Param Name="Width">110</Param>
      </Param>
      <Param Name="GASPOOLUP">
        <Param Name="Label">GASPOOL UP</Param>
        <Param Name="DataType">Decimal</Param>
        <Param Name="Alignment">Right</Param>
        <Param Name="Format">#,##0.000</Param>
        <Param Name="Width">110</Param>
      </Param>
      <Param Name="GASPOOLPred">
        <Param Name="Label">GASPOOL Pred.</Param>
        <Param Name="DataType">Decimal</Param>
        <Param Name="Alignment">Right</Param>
        <Param Name="Format">#,##0.000</Param>
        <Param Name="Width">110</Param>
      </Param>
      <Param Name="GASPOOLOP">
        <Param Name="Label">GASPOOL OP</Param>
        <Param Name="DataType">Decimal</Param>
        <Param Name="Alignment">Right</Param>
        <Param Name="Format">#,##0.000</Param>
        <Param Name="Width">110</Param>
      </Param>
      <Param Name="InnogyGSUP">
        <Param Name="Label">Innogy GS UP</Param>
        <Param Name="DataType">Decimal</Param>
        <Param Name="Alignment">Right</Param>
        <Param Name="Format">#,##0.000</Param>
        <Param Name="Width">110</Param>
      </Param>
      <Param Name="InnogyGSPred">
        <Param Name="Label">Innogy GS Pred.</Param>
        <Param Name="DataType">Decimal</Param>
        <Param Name="Alignment">Right</Param>
        <Param Name="Format">#,##0.000</Param>
        <Param Name="Width">110</Param>
      </Param>
      <Param Name="InnogyGSOP">
        <Param Name="Label">Innogy GS OP</Param>
        <Param Name="DataType">Decimal</Param>
        <Param Name="Alignment">Right</Param>
        <Param Name="Format">#,##0.000</Param>
        <Param Name="Width">110</Param>
      </Param>
      <Param Name="MNDGSUP">
        <Param Name="Label">MND GS UP</Param>
        <Param Name="DataType">Decimal</Param>
        <Param Name="Alignment">Right</Param>
        <Param Name="Format">#,##0.000</Param>
        <Param Name="Width">110</Param>
      </Param>
      <Param Name="MNDGSPred">
        <Param Name="Label">MND GS Pred.</Param>
        <Param Name="DataType">Decimal</Param>
        <Param Name="Alignment">Right</Param>
        <Param Name="Format">#,##0.000</Param>
        <Param Name="Width">110</Param>
      </Param>
      <Param Name="MNDGSOP">
        <Param Name="Label">MND GS OP</Param>
        <Param Name="DataType">Decimal</Param>
        <Param Name="Alignment">Right</Param>
        <Param Name="Format">#,##0.000</Param>
        <Param Name="Width">110</Param>
      </Param>
    </Param>
    <Param Name="Export">
      <Param Name="Export do Excelu" />
    </Param>
  </Params>
  <DetailsButton IsVisible="False" />
  <SelectButton IsVisible="False" />
</Form>