﻿<?xml version="1.0" encoding="utf-8"?>
<Form Type="Grid" Caption="Uživatelé" WindowCaption="Uživatelé" ProgId="" EntityType="Enif.EDA.ENV.Entities.IdentityView,EnifGECommon">
  <Params>
    <Param Name="ViewName">Select IdentityView.Id as ID, IdentityView.FirstName as FirstName, IdentityView.LastName as LastName  from IdentityView as IdentityView</Param>
    <Param Name="ViewType">HQL</Param>
    <Param Name="PrimaryKeyName">ID</Param>
    <Param Name="Columns">
      <Param Name="FirstName">
        <Param Name="Label">Jméno</Param>
      </Param>
      <Param Name="LastName">
        <Param Name="Label">Příjmení</Param>
      </Param>
    </Param>
    <Param Name="DynamicLoading">False</Param>
    <Param Name="Export">
      <Param Name="Export do Excelu"></Param>
    </Param>
  </Params>
  <DetailsButton IsVisible="True" Form="egeIdentityView" UnionTransaction="True" />
</Form>