﻿<?xml version="1.0" encoding="utf-8"?>
<Form Type="Grid" Caption="Dlouhodobá pozice" WindowCaption="Dlouhodobá pozice" ProgId="Enif.EDA.ETRM.Gui.Behaviors.egdLongPosition,EnifETRMGui" EntityType="Enif.EDA.ETRM.Entities.Deal,EnifETRMCommon" Scale="2.5" CanDelete="None" GridGroupableDisable="True"
      IsReadOnly="False">
  <Params>
    <Param Name="VariablesBinding">
      <Param Name="type" Value="" />
      <Param Name="dFrom" Value="" />
      <Param Name="dTo" Value="" />
      <Param Name="portfolio" Value="" />
      <Param Name="book" Value="" />
      <Param Name="bZone" Value="" />
      <Param Name="currency" Value="" />
      <Param Name="fwd" Value="" />
    </Param>
    <Param Name="ViewName">
      select ROWCOLOR, Subcommodity, Book, Product, MW, MWh, EurMWh, Eur, CzkMWh, Czk
      from table(ETRM_POSITION_REPORTS.get_lt_position({type},TO_DATE('{dFrom}','yyyy-mm-dd'),TO_DATE('{dTo}','yyyy-mm-dd'),{portfolio},{book},{bZone},{currency},{fwd}))
    </Param>
    <Param Name="DynamicLoading">False</Param>
    <Param Name="ViewType">Sql</Param>
    <Param Name="PrimaryKeyName">ID</Param>
    <Param Name="FilterForm">egdLongPositionFilter</Param>
    <Param Name="WhereCondition" />
    <Param Name="Order">Caption</Param>
    <Param Name="Columns">
      <Param Name="Subcommodity">
        <Param Name="Label">Subkomodita</Param>
        <Param Name="DataType">String</Param>
        <Param Name="Alignment">Left</Param>
        <Param Name="MinWidth">80</Param>
        <Param Name="Width">200</Param>
        <Param Name="Background">ROWCOLOR</Param>
      </Param>
      <Param Name="Book">
        <Param Name="Label">Kniha</Param>
        <Param Name="DataType">String</Param>
        <Param Name="Alignment">Left</Param>
        <Param Name="Width">80</Param>
        <Param Name="Background">ROWCOLOR</Param>
      </Param>
      <Param Name="Product">
        <Param Name="Label">Produkt s obdobím</Param>
        <Param Name="DataType">String</Param>
        <Param Name="Alignment">Left</Param>
        <Param Name="Width">150</Param>
        <Param Name="Background">ROWCOLOR</Param>
      </Param>
      <Param Name="MW">
        <Param Name="Label">MW</Param>
        <Param Name="DataType">String</Param>
        <Param Name="Alignment">Right</Param>
        <Param Name="Width">80</Param>
        <Param Name="Background">ROWCOLOR</Param>
      </Param>
      <Param Name="MWh">
        <Param Name="Label">MWh</Param>
        <Param Name="DataType">String</Param>
        <Param Name="Alignment">Right</Param>
        <Param Name="Width">80</Param>
        <Param Name="Background">ROWCOLOR</Param>
      </Param>
      <Param Name="EurMWh">
        <Param Name="Label">EUR/MWh</Param>
        <Param Name="DataType">String</Param>
        <Param Name="Alignment">Right</Param>
        <Param Name="Width">80</Param>
        <Param Name="Background">ROWCOLOR</Param>
      </Param>
      <Param Name="Eur">
        <Param Name="Label">EUR</Param>
        <Param Name="DataType">String</Param>
        <Param Name="Alignment">Right</Param>
        <Param Name="Width">80</Param>
        <Param Name="Background">ROWCOLOR</Param>
      </Param>
      <Param Name="CzkMWh">
        <Param Name="Label">CZK/MWh</Param>
        <Param Name="DataType">String</Param>
        <Param Name="Alignment">Right</Param>
        <Param Name="Width">80</Param>
        <Param Name="Background">ROWCOLOR</Param>
      </Param>
      <Param Name="Czk">
        <Param Name="Label">CZK</Param>
        <Param Name="DataType">String</Param>
        <Param Name="Alignment">Right</Param>
        <Param Name="Width">80</Param>
        <Param Name="Background">ROWCOLOR</Param>
      </Param>
      <Param Name="ROWCOLOR">
        <Param Name="Width">0</Param>
        <Param Name="MinWidth">0</Param>
      </Param>
    </Param>
    <Param Name="Export">
      <Param Name="Export do Excelu" />
    </Param>
  </Params>
  <DetailsButton IsVisible="False" />
  <SelectButton IsVisible="False" />
</Form>