﻿<?xml version="1.0" encoding="utf-8"?>
<Form Type="Grid" EntityType="Enif.EDA.ETRM.Entities.MU_ConfTemplate,EnifETRMCommon" Caption="Šablony obchodních jednotek" WindowCaption="Šablony obchodních jednotek" >
	<Params>
		<Param Name="ViewName">select MU_ConfTemplate.Id as Id, ConfTemplate.Name as ConfTemplateName, Company.Name as CompanyName from MU_ConfTemplate as MU_ConfTemplate left join MU_ConfTemplate.ConfTemplate as ConfTemplate left join MU_ConfTemplate.MarketUnit as MU left join MU.Subject as Subject left join Subject.Company as Company</Param>
		<Param Name="ViewType">HQL</Param>
		<Param Name="PrimaryKeyName">ID</Param>
		<Param Name="Columns">
			<Param Name="ID">
				<Param Name="IsVisible">True</Param>
				<Param Name="DataType">Int64</Param>
				<Param Name="Alignment">Left</Param>
				<Param Name="Label">SysID</Param>
				<Param Name="Width">200</Param>
			</Param>
			<Param Name="ConfTemplateName">
				<Param Name="IsVisible">True</Param>
				<Param Name="DataType">String</Param>
				<Param Name="Alignment">Left</Param>
				<Param Name="Label">Šablona</Param>
				<Param Name="Width">200</Param>
				<Param Name="CalculateDistinctValues">True</Param>
			</Param>
			<Param Name="CompanyName">
				<Param Name="IsVisible">True</Param>
				<Param Name="DataType">String</Param>
				<Param Name="Alignment">Left</Param>
				<Param Name="Label">Obchodní jednotka</Param>
				<Param Name="Width">200</Param>
				<Param Name="CalculateDistinctValues">True</Param>
			</Param>
		</Param>
    <Param Name="DynamicLoading">False</Param>
  </Params>
	<DetailsButton IsVisible="True" Form="egeMU_ConfTemplate" UnionTransaction="True" Target="@Window" />
	<SelectButton  IsVisible="True" Form="egeMU_ConfTemplate" UnionTransaction="True" Target="@Window" />
</Form>