﻿<?xml version="1.0" encoding="utf-8"?>
<Form Type="Grid" Caption="Nepřiřazené kombinace protistrany, profily, trhy, obch. jednotky" WindowCaption="Nepřiřazené kombinace protistrany, profily, trhy, obch. jednotky" ProgId="Enif.EDA.ETRM.Gui.Behaviors.eggMUMarketGridLineCopartyAssign,EnifETRMGui" EntityType="Enif.EDA.ETRM.Entities.MU_Market_GL_Coparty,EnifETRMCommon" IsReadOnly="False" Scale="1.5" ValidationLevel="0" CanDelete="None" SelectMode="Multi">
  <Params>
    <Param Name="ViewName">
      select ROWNUM as Id, OPT.MarketId,OPT.MarketUnitId, OPT.GridLineId, OPT.CopartyId,OPT.MARKET, OPT.MarketUnit, OPT.COPARTY, OPT.GRIDLINE from
      (select M.Id as MarketId, MU.Id as MarketUnitId, GL.Id as GridLineId, CO.Id as CopartyId,M.CAPTION as MARKET, C_MU.Name MarketUnit, C_CO.NAME as COPARTY, GL.CAPTION as GRIDLINE from
      EDA_MARKET M,
      EDA_MARKETUNIT MU
      left outer join EDA_SUBJECT S_MU on MU.SUBJECTFK=S_MU.ID
      left outer join EDA_COMPANY C_MU on S_MU.COMPANYFK=C_MU.ID,
      EDA_GRIDLINE GL ,
      EDA_COPARTYETRADE CO
      left outer join EDA_SUBJECT S_CO on CO.SUBJECTFK=S_CO.ID
      left outer join EDA_COMPANY C_CO on S_CO.COMPANYFK=C_CO.ID,
      EDA_MARKET_GRIDLINE M_GL
      where
      GL.ID = M_GL.GridLineFK AND
      M.ID = M_GL.MarketFK
      and MU.Active = '1'
      and M.Active = '1'
      and GL.Active = '1') OPT
      left outer join EDA_MU_MARKET_GL_COPARTY GLCOP on (GLCOP.MarketFK=OPT.MarketId and GLCOP.MarketUnitFK=OPT.MarketUnitId and GLCOP.GridLineFK=OPT.GridLineId and GLCOP.CopartyFK=OPT.CopartyId)
      where GLCOP.ID is null
      order by OPT.MarketUnit, OPT.MARKET, OPT.GRIDLINE, OPT.COPARTY
    </Param>
    <Param Name="ViewType">Sql</Param>
    <Param Name="PrimaryKeyName">Id</Param>
    <Param Name="DynamicLoading">False</Param>
    <Param Name="Columns">
      <Param Name="MarketUnit">
        <Param Name="Label">Obch. jednotka</Param>
        <Param Name="DataType">String</Param>
        <Param Name="Alignment">Left</Param>
        <Param Name="CalculateDistinctValues">True</Param>
        <Param Name="Width">150</Param>
      </Param>
      <Param Name="Market">
        <Param Name="Label">Trh</Param>
        <Param Name="DataType">String</Param>
        <Param Name="Alignment">Left</Param>
        <Param Name="CalculateDistinctValues">True</Param>
        <Param Name="Width">100</Param>
      </Param>
      <Param Name="GridLine">
        <Param Name="Label">Přenosový profil</Param>
        <Param Name="DataType">String</Param>
        <Param Name="Alignment">Left</Param>
        <Param Name="CalculateDistinctValues">True</Param>
        <Param Name="Width">150</Param>
      </Param>
      <Param Name="Coparty">
        <Param Name="Label">Protistrana</Param>
        <Param Name="DataType">String</Param>
        <Param Name="Alignment">Left</Param>
        <Param Name="CalculateDistinctValues">True</Param>
        <Param Name="Width">150</Param>
      </Param>
    </Param>
    <Param Name="Buttons">
      <Param Name="btnAssign" Value="Přidat vybrané">
        <Param Name="Tooltip">Přidá vybrané kombinace protistrany, přenosového profilu, trhu, obch. jednotky</Param>
      </Param>
    </Param>
    <Param Name="Export">
      <Param Name="Export do Excelu"></Param>
    </Param>
  </Params>
  <DetailsButton IsVisible="False" UnionTransaction="False" />
  <SelectButton IsVisible="False" UnionTransaction="False" />
</Form>