﻿<?xml version="1.0" encoding="utf-8"?>
<Form Type="Grid" Caption="Trhy, OJ a sítě" WindowCaption="Trhy, OJ a sítě"  EntityType="Enif.EDA.ETRM.Entities.MU_Market_Grid,EnifETRMCommon" IsReadOnly="False" Scale="1.3" ValidationLevel="0" CanDelete="Multi">
  <Params>
    <Param Name="ViewName">select 
mumg.Id as Id, 
m.Caption as MarketCaption,
comp.Name as MUCaption,
gr.Caption as GridCaption,
m.Id as MarketId,
comp.Id as CompanyId

from
(select Id, GridFK, MUGridFK, MarketFK, MarketUnitFK from EDA_MU_Market_Grid) mumg

left outer join
(select Id, Caption from EDA_Market) m
on 
mumg.MarketFK = m.Id

left outer join
(select Id, SubjectFK from EDA_MarketUnit) mu
on 
mumg.MarketUnitFK = mu.Id

left outer join
(select Id, CompanyFK from EDA_Subject) su
on 
mu.SubjectFK = su.Id

left outer join
(select Id, Name from EDA_Company) comp
on 
su.CompanyFK = comp.Id

left outer join
(select Id, GridFK from EDA_GridETrade) get
on 
mumg.GridFK = get.Id

left outer join
(select Id, Caption from EDA_Grid) gr
on 
get.GridFK = gr.Id

order by comp.Name ASC, m.Caption ASC</Param>
    <Param Name="ViewType">Sql</Param>
    <Param Name="PrimaryKeyName">Id</Param>
    <Param Name="DynamicLoading">False</Param>
    <Param Name="Columns">
      <Param Name="Id">
        <Param Name="Label">ID</Param>
        <Param Name="DataType">Int64</Param>
        <Param Name="Alignment">Left</Param>
        <Param Name="Width">80</Param>
      </Param>
      <Param Name="MUCaption">
        <Param Name="Label">Obch. jednotka</Param>
        <Param Name="DataType">String</Param>
        <Param Name="Alignment">Left</Param>
        <Param Name="CalculateDistinctValues">True</Param>
      </Param>
      <Param Name="MarketCaption">
        <Param Name="Label">Trh</Param>
        <Param Name="DataType">String</Param>
        <Param Name="Alignment">Left</Param>
        <Param Name="CalculateDistinctValues">True</Param>
      </Param>
      <Param Name="GridCaption">
        <Param Name="Label">Síť</Param>
        <Param Name="DataType">String</Param>
        <Param Name="Alignment">Left</Param>
        <Param Name="CalculateDistinctValues">True</Param>
      </Param>
    </Param>
    <Param Name="Export">
      <Param Name="Export do Excelu"></Param>
    </Param>
  </Params>
  <DetailsButton IsVisible="True" Form="egeMUMarketGrid" UnionTransaction="True" />
  <SelectButton IsVisible="True" Form="egeMUMarketGrid" UnionTransaction="True" />
</Form>