﻿<?xml version="1.0" encoding="utf-8"?>
<Form Type="Grid" EntityType="Enif.EDA.ETRM.Entities.MU_GridPoint_Coparty,EnifETRMCommon" Caption="Protistrany, body sítě, identifikátory" WindowCaption="Protistrany, body sítě, identifikátory" Scale="1.5" ValidationLevel="0" CanDelete="Multi"
      IsReadOnly="{IsReadOnly}&#x9;Exp;bool IsReadOnly=!(RoleExp(&quot;ETRM_MDM_MarketParty_IDs_Settings&quot;))">
	<Params>
		<Param Name="ViewName">Select MU_GridPoint_Coparty.Id as ID,
                           companyCoparty.Name as CopartyName,
                           MU_GP_Cop_SubjectID.ValidFrom as ValidFrom,
                           (MU_GP_Cop_SubjectID.ValidToEx - 1) as ValidToEx,
                           MU_GP_Cop_SubjectID.MUGPCopartyFK as MUGPCopartyFK,
                           MUcompany.Name as MUName,
                           SubjectIdentifier.IdentifierTypeFK as IdentifierTypeFK,
                           SubjectIdentifier.IdentifierValue as IdentifierValue,
                           IDtype.Caption as TypeName,
                           GP.Caption as GridPointName,
                           GPType.ShortCaption as GPDir, 
                           GPcoparty.ParentFK as parentFK
                           from MU_GP_Cop_SubjectID as MU_GP_Cop_SubjectID,
                           MU_GridPoint_Coparty as MU_GridPoint_Coparty
                           left join MU_GP_Cop_SubjectID.MU_GridPoint_Coparty as GPcoparty
                           left join MU_GP_Cop_SubjectID.MarketUnit as MU
                           left join MU_GP_Cop_SubjectID.CopartyETrade as coparty
                           left join coparty.Subject as subjectCoparty
                           left join subjectCoparty.Company as companyCoparty
                           left join MU.Subject as MUSubject
                           left join MUSubject.Company as MUcompany
                           left join MU_GP_Cop_SubjectID.GridPoint as GP
                           left join GP.IOType as GPType
                           left join MU_GP_Cop_SubjectID.SubjectIdentifier as SubjectIdentifier
                           left join SubjectIdentifier.IdentifierType as IDtype
                           where MU_GP_Cop_SubjectID.MU_GridPoint_Coparty=MU_GridPoint_Coparty</Param>
		<Param Name="ViewType">HQL</Param>
		<Param Name="PrimaryKeyName">ID</Param>
		<Param Name="DynamicLoading">False</Param>
		<Param Name="Columns">
    	<Param Name="CopartyName">
				<Param Name="Label">Protistrana</Param>
				<Param Name="DataType">String</Param>
				<Param Name="Alignment">Left</Param>
				<Param Name="CalculateDistinctValues">False</Param>
				<Param Name="Width">150</Param>
			</Param>
      <Param Name="GridPointName">
				<Param Name="Label">Bod</Param>
				<Param Name="DataType">String</Param>
				<Param Name="Alignment">Left</Param>
				<Param Name="CalculateDistinctValues">False</Param>
				<Param Name="Width">150</Param>
			</Param>
      <Param Name="GPDir">
				<Param Name="Label">Směr bodu</Param>
				<Param Name="DataType">String</Param>
				<Param Name="Alignment">Left</Param>
				<Param Name="CalculateDistinctValues">False</Param>
				<Param Name="Width">80</Param>
			</Param>
      <Param Name="IdentifierValue">
				<Param Name="Label">Hodnota identifikátoru</Param>
				<Param Name="DataType">String</Param>
				<Param Name="Alignment">Left</Param>
				<Param Name="CalculateDistinctValues">False</Param>
				<Param Name="Width">160</Param>
			</Param>
      <Param Name="ValidFrom">
				<Param Name="Label">Platnost od</Param>
        <Param Name="DataType">DateTime</Param>
        <Param Name="Alignment">Right</Param>
        <Param Name="Width">80</Param>
        <Param Name="Format">d.M.yyyy</Param>
			</Param>
			<Param Name="ValidToEx">
				<Param Name="Label">Platnost do</Param>
        <Param Name="DataType">DateTime</Param>
        <Param Name="Alignment">Right</Param>
        <Param Name="Width">80</Param>
        <Param Name="Format">d.M.yyyy</Param>
			</Param>
			<Param Name="MUName">
				<Param Name="Label">Obchodní jednotka</Param>
				<Param Name="DataType">String</Param>
				<Param Name="Alignment">Left</Param>
				<Param Name="CalculateDistinctValues">False</Param>
				<Param Name="Width">150</Param>
			</Param>
			<Param Name="TypeName">
				<Param Name="Label">Typ identifikátoru</Param>
				<Param Name="DataType">String</Param>
				<Param Name="Alignment">Left</Param>
				<Param Name="CalculateDistinctValues">False</Param>
				<Param Name="Width">150</Param>
			</Param>
		</Param>
		<Param Name="Buttons">
			<Param Name="btnAssign" Value="Přidat přiřazení">
				<Param Name="Form" Value="egeMU_GridPoint_Coparty"/>
				<Param Name="Target" Value="@Window"/>
				<Param Name="Tooltip" Value="Otevře seznam možných přiřazení obchodní jednotky, protistrany, bodu a identifikátoru"/>
        <Param Name="IsVisible" Value="{IsVisible}&#x9;Exp;bool IsVisible=RoleExp(&quot;ETRM_MDM_MarketParty_IDs_Settings&quot;)" />
			</Param>    
		</Param>
    <Param Name="DeleteButton">
      <!-- <Param Name="RightsAdapters">
          <Param Name="Enif.EDA.ETRM.Validators.CopartyETradeDeleteValidator,EnifETRMCommon"/>
      </Param> -->
			<Param Name="EntityDelegates">
				<Param Name="Destroy_Gui"></Param>
			</Param>
    </Param>
	</Params>
	<DetailsButton IsVisible="True" Form="egeMU_GridPoint_Coparty" UnionTransaction="True" Target="@Window" />
</Form>