﻿<?xml version="1.0" encoding="utf-8"?>
<Form Type="Grid" EntityType="Enif.EDA.ETRM.Entities.MU_Market_Coparty,EnifETRMCommon" Caption="Obch. jednotka, trh, protistrana" WindowCaption="Protistrany na trzích" Scale="1.4" >
	<Params>
		<Param Name="ViewName">Select MU_Market_Coparty.Id as ID,
                           MUCompany.Name as MUname,
                           Market.Caption as marketCaption,
                           copartyCompany.Name as copartyName
                           from MU_Market_Coparty as MU_Market_Coparty 
                           left join MU_Market_Coparty.Market as Market
                           left join MU_Market_Coparty.Coparty as coparty
                           left join coparty.Subject as copartySubject
                           left join copartySubject.Company as copartyCompany
                           left join MU_Market_Coparty.MarketUnit as MU
                           left join MU.Subject as MUSubject
                           left join MUSubject.Company as MUCompany</Param>
		<Param Name="ViewType">HQL</Param>
		<Param Name="PrimaryKeyName">ID</Param>
	    <Param Name="DynamicLoading">False</Param>
		<Param Name="Columns">
			<Param Name="MUname">
				<Param Name="Label">Obchodní jednotka</Param>
				<Param Name="DataType">String</Param>
				<Param Name="Alignment">Left</Param>
				<Param Name="Width">220</Param>
				<Param Name="IsVisible">True</Param>
			</Param>
			<Param Name="marketCaption">
				<Param Name="Label">Trh</Param>
				<Param Name="DataType">String</Param>
				<Param Name="Alignment">Left</Param>
				<Param Name="Width">220</Param>
				<Param Name="IsVisible">True</Param>
			</Param>
			<Param Name="copartyName">
				<Param Name="Label">Protistrana</Param>
				<Param Name="DataType">String</Param>
				<Param Name="Alignment">Left</Param>
				<Param Name="Width">220</Param>
				<Param Name="IsVisible">True</Param>
			</Param>
		</Param>
	</Params>
	<DetailsButton IsVisible="True" Form="egeMU_Market_Coparty" UnionTransaction="True" />
</Form>