<?xml version="1.0" encoding="utf-8"?>
<Form Type="Grid" Caption="Nepřiřazené kombinace obchodní jednotky, protistrany a bodu" WindowCaption="Nepřiřazené kombinace obchodní jednotky, protistrany a bodu" EntityType="Enif.EDA.ETRM.Entities.MU_GridPoint_Coparty,EnifETRMCommon" IsReadOnly="False" Scale="1.5" ValidationLevel="0" CanDelete="None" SelectMode="Multi">
	<Params>
		<Param Name="ViewName">Select MU_GridPoint_Coparty.Id as ID,
                               MUcompany.Name as MUname,
                               CopartyCompany.Name as CopartyCompanyName,
                               GridPoint.Caption as GPcaption,
                               IO.Caption as IOcaption
                               from MU_GridPoint_Coparty as MU_GridPoint_Coparty
                               left join MU_GridPoint_Coparty.Coparty as Coparty
                               left join MU_GridPoint_Coparty.MarketUnit as MU
                               left join MU.Subject as MUsubject
                               left join MUsubject.Company as MUcompany
                               left join Coparty.Subject as CopartySubject
                               left join CopartySubject.Company as CopartyCompany
                               left join MU_GridPoint_Coparty.GridPoint as GridPoint
                               left join GridPoint.IOType as IO
                           </Param>
		<Param Name="ViewType">HQL</Param>
		<Param Name="PrimaryKeyName">ID</Param>
		<Param Name="DynamicLoading">False</Param>
		<Param Name="Columns">
			<Param Name="MUname">
				<Param Name="Label">Obchodní jednotka</Param>
				<Param Name="DataType">String</Param>
				<Param Name="Alignment">Left</Param>
				<Param Name="CalculateDistinctValues">False</Param>
				<Param Name="Width">150</Param>
			</Param>
			<Param Name="CopartyCompanyName">
				<Param Name="Label">Protistrana</Param>
				<Param Name="DataType">String</Param>
				<Param Name="Alignment">Left</Param>
				<Param Name="CalculateDistinctValues">False</Param>
				<Param Name="Width">150</Param>
			</Param>
			<Param Name="GPcaption">
				<Param Name="Label">Bod sítě</Param>
				<Param Name="DataType">String</Param>
				<Param Name="Alignment">Left</Param>
				<Param Name="CalculateDistinctValues">False</Param>
				<Param Name="Width">150</Param>
			</Param>
			<Param Name="IOcaption">
				<Param Name="Label">Směr</Param>
				<Param Name="DataType">String</Param>
				<Param Name="Alignment">Left</Param>
				<Param Name="CalculateDistinctValues">False</Param>
				<Param Name="Width">150</Param>
			</Param>
		</Param>
	</Params>
	<DetailsButton IsVisible="False" UnionTransaction="False" />
	<SelectButton IsVisible="False" UnionTransaction="False" />
</Form>