﻿<?xml version="1.0" encoding="utf-8"?>
<Form Type="Grid" Caption="Nepřiřazené kombinace protistrany, identifikátoru, trhu a obch. jednotky" WindowCaption="Nepřiřazené kombinace protistrany, identifikátoru, trhu a obch. jednotky" ProgId="Enif.EDA.ETRM.Gui.Behaviors.eggMUCopartyMarketGridIdTypeAssign,EnifETRMGui" EntityType="Enif.EDA.ETRM.Entities.MU_Market_GP_Coparty,EnifETRMCommon" IsReadOnly="False" Scale="1.5" ValidationLevel="0" CanDelete="None" SelectMode="Multi">
  <Params>
    <Param Name="ViewName">
      select
      ROWNUM as Id,
      mumgc.id as MUMarketGridCopartyId,
      si.id as SubjectIdentifierId,
      muc.name as MarketUnit,
      cc.name as Coparty,
      m.caption as Market,
      g.caption as Grid,
      it.caption as IdentifierType,
      si.identifiervalue as IdentifierValue
      from        eda_subjectidentifier si
      inner join  eda_identifiertype it on it.id = si.identifiertypefk,
      eda_mu_market_grid_coparty mumgc
      inner join  eda_marketunit mu on mu.id = mumgc.marketunitfk
      inner join  eda_subject mus on mus.id = mu.subjectfk
      inner join  eda_company muc on muc.id = mus.companyfk
      inner join  eda_copartyetrade c on c.id = mumgc.copartyfk
      inner join  eda_subject cs on cs.id = c.subjectfk
      inner join  eda_company cc on cc.id = cs.companyfk
      inner join  eda_market m on m.id = mumgc.marketfk
      inner join  eda_grid g on g.id = mumgc.gridfk
      where not exists (select * from eda_mu_market_copartyid cid where cid.MarketCopartyFK = mumgc.id and cid.SubjectIdentifierFK = si.id)
      order by MarketUnit, Coparty, Market, Grid, IdentifierType
    </Param>
    <Param Name="ViewType">Sql</Param>
    <Param Name="PrimaryKeyName">Id</Param>
    <Param Name="DynamicLoading">False</Param>
    <Param Name="Columns">
      <Param Name="MarketUnit">
        <Param Name="Label">Obch. jednotka</Param>
        <Param Name="DataType">String</Param>
        <Param Name="Alignment">Left</Param>
        <Param Name="CalculateDistinctValues">True</Param>
        <Param Name="Width">150</Param>
      </Param>
      <Param Name="Coparty">
        <Param Name="Label">Protistrana</Param>
        <Param Name="DataType">String</Param>
        <Param Name="Alignment">Left</Param>
        <Param Name="CalculateDistinctValues">True</Param>
        <Param Name="Width">150</Param>
      </Param>
      <Param Name="Market">
        <Param Name="Label">Trh</Param>
        <Param Name="DataType">String</Param>
        <Param Name="Alignment">Left</Param>
        <Param Name="CalculateDistinctValues">True</Param>
        <Param Name="Width">100</Param>
      </Param>
      <Param Name="Grid">
        <Param Name="Label">Síť</Param>
        <Param Name="DataType">String</Param>
        <Param Name="Alignment">Left</Param>
        <Param Name="CalculateDistinctValues">True</Param>
        <Param Name="Width">100</Param>
      </Param>
      <Param Name="IdentifierType">
        <Param Name="Label">Typ</Param>
        <Param Name="DataType">String</Param>
        <Param Name="Alignment">Left</Param>
        <Param Name="CalculateDistinctValues">True</Param>
        <Param Name="Width">150</Param>
      </Param>
      <Param Name="IdentifierValue">
        <Param Name="Label">Identifikátor</Param>
        <Param Name="DataType">String</Param>
        <Param Name="Alignment">Left</Param>
        <Param Name="CalculateDistinctValues">True</Param>
        <Param Name="Width">150</Param>
      </Param>
    </Param>
    <Param Name="Buttons">
      <Param Name="btnAssign" Value="Přidat vybrané">
        <Param Name="Tooltip">Přidá vybrané kombinace protistrany, body sítě, trhy, obch. jednotky</Param>
      </Param>
    </Param>
    <Param Name="Export">
      <Param Name="Export do Excelu"></Param>
    </Param>
  </Params>
  <DetailsButton IsVisible="False" UnionTransaction="False" />
  <SelectButton IsVisible="False" UnionTransaction="False" />
</Form>