﻿<?xml version="1.0" encoding="utf-8"?>
<Form Type="Grid" Caption="Trhy" WindowCaption="Trhy" ProgId="EGCore.EGBaseBehavior,EGCore" EntityType="Enif.EDA.ETRM.Entities.Market,EnifETRMCommon" IsReadOnly="False" Scale="100%" ValidationLevel="0">
  <Params>
    <Param Name="ViewName">
      select
      mark.Id as Id,
      mark.Key as Key,
      mark.ExternalId as ExternalId,
      mark.Caption as Caption,
      mark.Active as Active,
      mark.HasSleeveDeals as HasSleeveDeals,
      mark.HasNominations as HasNominations,
      com.ShortCaption as CommodityShortCaption,
      tz.ShortCaption as TimeZoneShortCaption,
      sam.ShortCaption as SampleShortCaption,
      dc.ShortCaption as DefaultCurrShortCaption,
      dp.Name as DefaultProductName,
      COALESCE(mum.CountMUM,0) as CountMUM,
      COALESCE(mc.CountMC,0) as CountMC,
      COALESCE(mdl.CountMDL,0) as CountMDL,
      COALESCE(mgp.CountMGP,0) as CountMGP,
      COALESCE(mp.CountMP,0) as CountMP,
      COALESCE(mch.CountMCH,0) as CountMCH,
      COALESCE(mdtc.CountMDTC,0) as CountMDTC

      from
      (select Id, Key, Caption, Active, HasSleeveDeals, HasNominations, TimeZoneFK, SampleFK, DefaultCurrFK, DefaultProdFK, CommodityFK, ExternalID from EDA_Market) mark

      left outer join
      (select Id, Caption, ShortCaption from EDA_CommodityETrade) com
      on
      mark.CommodityFK = com.Id

      left outer join
      (select Id, ShortCaption from EDA_TIMEZONEETRADE) tz
      on
      mark.TimeZoneFK = tz.Id

      left outer join
      (select Id, ShortCaption from EDA_TSAMPLE) sam
      on
      mark.SampleFK = sam.Id

      left outer join
      (select Id, ShortCaption from EDA_CURRENCYETRADE) dc
      on
      mark.DefaultCurrFK = dc.Id

      left outer join
      (select Id, Name from EDA_PRODUCTETRADE) dp
      on
      mark.DefaultProdFK = dp.Id

      left outer join
      (select count(Id) as CountMUM, MarketFK from EDA_MU_Market_Grid where Active=1 group by MarketFK) mum
      on
      mark.Id = mum.MarketFK

      left outer join
      (select count(EDA_MARKETCURRENCY.Id) as CountMC, EDA_MARKETCURRENCY.MarketFK as MCMarketFK from EDA_MARKETCURRENCY inner join EDA_CURRENCYETRADE on EDA_MARKETCURRENCY.CurrencyFK=EDA_CURRENCYETRADE.Id where EDA_CURRENCYETRADE.Active=1 group by EDA_MARKETCURRENCY.MarketFK) mc
      on
      mark.Id = mc.MCMarketFK

      left outer join
      (select count(EDA_MARKET_DEALTYPE.Id) as CountMDL, EDA_MARKET_DEALTYPE.MarketFK as MDTMarketFK from EDA_MARKET_DEALTYPE inner join EDA_DEALTYPE on EDA_MARKET_DEALTYPE.DealTypeFK=EDA_DEALTYPE.Id where EDA_DEALTYPE.Active=1 group by EDA_MARKET_DEALTYPE.MarketFK) mdl
      on
      mark.Id = mdl.MDTMarketFK

      left outer join
      (select count(Id) as CountMGP, MarketFK from EDA_Market_GridPoint where Active=1 group by MarketFK) mgp
      on
      mark.Id = mgp.MarketFK

      left outer join
      (select count(EDA_MARKETPRODUCT.Id) as CountMP, EDA_MARKETPRODUCT.MarketFK as MPMarketFK from EDA_MARKETPRODUCT inner join EDA_PRODUCTETRADE on EDA_MARKETPRODUCT.ProductFK=EDA_PRODUCTETRADE.Id where EDA_PRODUCTETRADE.Active=1 group by EDA_MARKETPRODUCT.MarketFK) mp
      on
      mark.id = mp.MPMarketFK

      left outer join
      (select count(EDA_MARKET_DEALTYPE.Id) as CountMDTC, EDA_MARKET_DEALTYPE.MarketFK as MDTCMarketFK from EDA_MARKET_DEALTYPE inner join EDA_DEALTYPE on EDA_MARKET_DEALTYPE.DealTypeFK=EDA_DEALTYPE.Id inner join EDA_COMMODITYETRADE on EDA_DEALTYPE.CommodityFK=EDA_COMMODITYETRADE.Id where EDA_DEALTYPE.Active=1 and EDA_COMMODITYETRADE.Active=1 group by EDA_MARKET_DEALTYPE.MarketFK) mdtc
      on
      mark.id = mdtc.MDTCMarketFK

      left outer join
      (select count(Id) as CountMCH, MarketFK from EDA_MARKETCHARGE where Active=1 group by MarketFK) mch
      on
      mark.id = mch.MarketFK
    </Param>
    <Param Name="DynamicLoading">False</Param>
    <Param Name="ViewType">Sql</Param>
    <Param Name="PrimaryKeyName">ID</Param>
    <Param Name="WhereCondition" />
    <Param Name="Order">Caption</Param>
    <Param Name="Columns">
      <Param Name="Active">
        <Param Name="Label">Akt.</Param>
        <Param Name="DataType">Boolean</Param>
        <Param Name="Alignment">Center</Param>
        <Param Name="Width">40</Param>
      </Param>
      <Param Name="Id">
        <Param Name="Label">ID</Param>
        <Param Name="Width">60</Param>
        <Param Name="DataType">Int64</Param>
        <Param Name="Alignment">Right</Param>
        <Param Name="IsVisible">True</Param>
      </Param>
      <Param Name="CAPTION">
        <Param Name="Label">Název</Param>
        <Param Name="Width">200</Param>
        <Param Name="DataType">String</Param>
        <Param Name="Alignment">Left</Param>
        <Param Name="MinWidth">200</Param>
      </Param>
      <Param Name="Key">
        <Param Name="Label">Klíč</Param>
        <Param Name="DataType">String</Param>
        <Param Name="Alignment">Left</Param>
        <Param Name="Width">150</Param>
      </Param>
      <Param Name="CommodityShortCaption">
        <Param Name="Label">Kom.</Param>
        <Param Name="DataType">String</Param>
        <Param Name="Alignment">Left</Param>
        <Param Name="Width">80</Param>
        <Param Name="CalculateDistinctValues">True</Param>
      </Param>
      <Param Name="HasSleeveDeals">
        <Param Name="Label">Sleeve</Param>
        <Param Name="DataType">Boolean</Param>
        <Param Name="Alignment">Center</Param>
        <Param Name="Width">50</Param>
      </Param>
      <Param Name="HasNominations">
        <Param Name="Label">Nominace</Param>
        <Param Name="DataType">Boolean</Param>
        <Param Name="Alignment">Center</Param>
        <Param Name="Width">50</Param>
      </Param>
      <Param Name="EXTERNALID">
        <Param Name="Label">Externí ID</Param>
        <Param Name="Width">80</Param>
        <Param Name="DataType">String</Param>
        <Param Name="Alignment">Right</Param>
        <Param Name="IsVisible">True</Param>
      </Param>
      <Param Name="TimeZoneShortCaption">
        <Param Name="Label">Čas. zóna</Param>
        <Param Name="DataType">String</Param>
        <Param Name="Alignment">Left</Param>
        <Param Name="Width">100</Param>
        <Param Name="CalculateDistinctValues">True</Param>
      </Param>
      <Param Name="SampleShortCaption">
        <Param Name="Label">Vzorek</Param>
        <Param Name="DataType">String</Param>
        <Param Name="Alignment">Left</Param>
        <Param Name="Width">80</Param>
        <Param Name="CalculateDistinctValues">True</Param>
      </Param>
      <Param Name="DefaultCurrShortCaption">
        <Param Name="Label">Měna</Param>
        <Param Name="DataType">String</Param>
        <Param Name="Alignment">Left</Param>
        <Param Name="Width">80</Param>
        <Param Name="CalculateDistinctValues">True</Param>
      </Param>
      <Param Name="DefaultProductName">
        <Param Name="Label">Produkt</Param>
        <Param Name="DataType">String</Param>
        <Param Name="Alignment">Left</Param>
        <Param Name="Width">150</Param>
        <Param Name="CalculateDistinctValues">True</Param>
      </Param>
      <Param Name="CountMUM">
        <Param Name="Label">OJ</Param>
        <Param Name="DataType">Int16</Param>
        <Param Name="Alignment">Right</Param>
        <Param Name="Width">50</Param>
      </Param>
      <Param Name="CountMC">
        <Param Name="Label">Měny</Param>
        <Param Name="DataType">Int16</Param>
        <Param Name="Alignment">Right</Param>
        <Param Name="Width">50</Param>
      </Param>
      <Param Name="CountMDL">
        <Param Name="Label">Typ. obch.</Param>
        <Param Name="DataType">Int16</Param>
        <Param Name="Alignment">Right</Param>
        <Param Name="Width">80</Param>
      </Param>
      <Param Name="CountMDTC">
        <Param Name="Label">Kom.</Param>
        <Param Name="DataType">Int16</Param>
        <Param Name="Alignment">Right</Param>
        <Param Name="Width">50</Param>
      </Param>
      <Param Name="CountMGP">
        <Param Name="Label">GP</Param>
        <Param Name="DataType">Int16</Param>
        <Param Name="Alignment">Right</Param>
        <Param Name="Width">50</Param>
      </Param>
      <Param Name="CountMP">
        <Param Name="Label">Prod.</Param>
        <Param Name="Width">50</Param>
        <Param Name="Alignment">Right</Param>
      </Param>
      <Param Name="CountMCH">
        <Param Name="Label">Popl.</Param>
        <Param Name="Width">50</Param>
        <Param Name="Alignment">Right</Param>
      </Param>
    </Param>
    <Param Name="Export">
      <Param Name="Export do Excelu" />
    </Param>
    <Param Name="DeleteButton">
      <Param Name="RightsAdapters">
        <Param Name="Enif.EDA.ETRM.Validators.MarketValidator,EnifETRMCommon"/>
      </Param>
      <Param Name="EntityDelegates">
        <Param Name="Destroy_With_Dependencies" />
      </Param>
    </Param>
  </Params>
  <DetailsButton IsVisible="True" Form="egeMarket" UnionTransaction="True" Target="@Window" />
  <SelectButton IsVisible="{IsVisible}&#x9;Exp;bool IsVisible=RoleExp(&quot;ETRM_MDM_Market_Admin&quot;)" Form="egeMarket" UnionTransaction="True" Target="@Window" />
</Form>