﻿<?xml version="1.0" encoding="utf-8"?>
<Form Type="Grid" Caption="Protistrany" WindowCaption="Protistrany" ProgId="EGCore.EGBaseBehavior,EGCore" EntityType="Enif.EDA.ETRM.Entities.MarketSubject,EnifETRMCommon" IsReadOnly="False" Scale="1" ValidationLevel="0" CanDelete="Multi" SelectMode="None">
  <Params>
    <Param Name="ViewName">Id, TradingLimit, Subject.Company.Name, Subject.Active</Param>
    <Param Name="DynamicLoading">False</Param>
    <Param Name="ViewType">Path</Param>
    <Param Name="PrimaryKeyName">ID</Param>
    <Param Name="WhereCondition" />
    <Param Name="Columns">
      <Param Name="Id">
        <Param Name="IsVisible">False</Param>
        <Param Name="DataType">Int64</Param>
        <Param Name="Alignment">Left</Param>
        <Param Name="Label">ID</Param>
      </Param>
      <Param Name="Subject.Active">
        <Param Name="Label">Aktivní</Param>
        <Param Name="DataType">Boolean</Param>
        <Param Name="Width">80</Param>
      </Param>
      <Param Name="Subject.Company.Name">
        <Param Name="Label">Název</Param>
        <Param Name="DataType">String</Param>
        <Param Name="Alignment">Left</Param>
        <Param Name="Width">200</Param>
      </Param>
      <Param Name="TradingLimit">
        <Param Name="DataType">Decimal</Param>
        <Param Name="Alignment">Right</Param>
        <Param Name="Label">Obchodní limit</Param>
        <Param Name="Width">120</Param>
      </Param>
    </Param>
    <Param Name="Export">
      <Param Name="Export do Excelu"></Param>
    </Param>
  </Params>
  <DetailsButton IsVisible="True" Form="egeMarketSubject" UnionTransaction="True" Target="@Window" />
  <SelectButton IsVisible="True" Form="egeMarketSubject" UnionTransaction="True" Target="@Window" />
</Form>