﻿<?xml version="1.0" encoding="utf-8"?>
<Form Type="Grid" Caption="OJ ve skupinách zón" WindowCaption="OJ ve skupinách zón" ProgId="EGCore.EGBaseBehavior,EGCore" EntityType="Enif.EDA.ETRM.Entities.MU_BZG,EnifETRMCommon" IsReadOnly="true" Scale="1.3" ValidationLevel="0" CanDelete="Multi">
  <Params>
    <Param Name="ViewName">select 
mubzg.Id as Id, 
bzg.Caption as CaptionBZG,
comp.Name as CaptionMU

from
(select Id, BalanceZoneGroupFK, MarketUnitFK from EDA_MU_BZG) mubzg

left outer join
(select Id, Caption from EDA_BalanceZoneGroup) bzg
on 
mubzg.BalanceZoneGroupFK = bzg.Id

left outer join
(select Id, SubjectFK from EDA_MarketUnit) mu
on 
mubzg.MarketUnitFK = mu.Id

left outer join
(select Id, CompanyFK from EDA_Subject) su
on 
mu.SubjectFK = su.Id

left outer join
(select Id, Name from EDA_Company) comp
on 
su.CompanyFK = comp.Id

order by comp.Name asc</Param>
    <Param Name="ViewType">Sql</Param>
    <Param Name="PrimaryKeyName">Id</Param>
    <Param Name="DynamicLoading">False</Param>
    <Param Name="Columns">
      <Param Name="Id">
        <Param Name="Label">ID</Param>
        <Param Name="DataType">Int64</Param>
        <Param Name="Alignment">Center</Param>
        <Param Name="Width">80</Param>
      </Param>
      <Param Name="CaptionMU">
        <Param Name="Label">Obch. jednotka</Param>
        <Param Name="DataType">String</Param>
        <Param Name="Alignment">Left</Param>
        <Param Name="CalculateDistinctValues">True</Param>
      </Param>
      <Param Name="CaptionBZG">
        <Param Name="Label">Skupina zón</Param>
        <Param Name="DataType">String</Param>
        <Param Name="Alignment">Left</Param>
        <Param Name="CalculateDistinctValues">True</Param>
      </Param>
    </Param>
    <Param Name="Export">
      <Param Name="Export do Excelu" />
    </Param>
  </Params>
  <DetailsButton IsVisible="True" Form="egeMUBZG" UnionTransaction="True" />
  <SelectButton IsVisible="True" Form="egeMUBZG" UnionTransaction="True" />
</Form>