﻿<?xml version="1.0" encoding="utf-8"?>
<Form Type="Grid" Caption="OJ v bilančních zónách" WindowCaption="OJ v bilančních zónách" ProgId="EGCore.EGBaseBehavior,EGCore" EntityType="Enif.EDA.ETRM.Entities.MU_BZ,EnifETRMCommon" IsReadOnly="true" Scale="1.5" ValidationLevel="0" CanDelete="Multi">
  <Params>
    <Param Name="ViewName">select 
mubz.Id as Id, 
bz.Caption as CaptionBZ,
bzg.Caption as CaptionBZG,
comp.Name as CaptionMU

from
(select Id, BalanceZoneFK, MarketUnitFK, MUBZGFK from EDA_MU_BZ) mubz

left outer join
(select Id, Caption from EDA_BalanceZone) bz
on 
mubz.BalanceZoneFK = bz.Id

left outer join
(select Id, BalanceZoneGroupFK from EDA_MU_BZG) mubzg
on 
mubz.MUBZGFK = mubzg.Id

left outer join
(select Id, Caption from EDA_BalanceZoneGroup) bzg
on 
mubzg.BalanceZoneGroupFK = bzg.Id

left outer join
(select Id, SubjectFK from EDA_MarketUnit) mu
on 
mubz.MarketUnitFK = mu.Id

left outer join
(select Id, CompanyFK from EDA_Subject) su
on 
mu.SubjectFK = su.Id

left outer join
(select Id, Name from EDA_Company) comp
on 
su.CompanyFK = comp.Id

order by comp.Name asc</Param>
    <Param Name="ViewType">Sql</Param>
    <Param Name="PrimaryKeyName">Id</Param>
    <Param Name="DynamicLoading">False</Param>
    <Param Name="Columns">
      <Param Name="Id">
        <Param Name="Label">ID</Param>
        <Param Name="DataType">Int64</Param>
        <Param Name="Alignment">Center</Param>
        <Param Name="Width">80</Param>
      </Param>
      <Param Name="CaptionMU">
        <Param Name="Label">Obch. jednotka</Param>
        <Param Name="DataType">String</Param>
        <Param Name="Alignment">Left</Param>
        <Param Name="CalculateDistinctValues">True</Param>
      </Param>
      <Param Name="CaptionBZ">
        <Param Name="Label">Bilanční zóna</Param>
        <Param Name="DataType">String</Param>
        <Param Name="Alignment">Left</Param>
        <Param Name="CalculateDistinctValues">True</Param>
      </Param>
      <Param Name="CaptionBZG">
        <Param Name="Label">Skupina zón</Param>
        <Param Name="DataType">String</Param>
        <Param Name="Alignment">Left</Param>
        <Param Name="Width">120</Param>
        <Param Name="CalculateDistinctValues">True</Param>
      </Param>
    </Param>
    <Param Name="Export">
      <Param Name="Export do Excelu" />
    </Param>
  </Params>
  <DetailsButton IsVisible="True" Form="egeMUBZ" UnionTransaction="True" />
  <SelectButton IsVisible="True" Form="egeMUBZ" UnionTransaction="True" />
</Form>