﻿<?xml version="1.0" encoding="utf-8"?>
<Form Type="Grid" Caption="Market - GridPoint - DealType - DealDirectionType" WindowCaption="Market - GridPoint - DealType - DealDirectionType" ProgId="EGCore.EGBaseBehavior,EGCore" EntityType="Enif.EDA.ETRM.Entities.Market_GP_DT_DDT,EnifETRMCommon" Scale="1.8" CanDelete="Multi">
  <Params>
    <Param Name="ViewName">select x.id as ID, m.Id || '|' || m.Caption as market, m.Id as ID_Market, gp.Id || '|' || gp.caption as bod, gp.id as id_bodu, gpt.Id || '|' || gpt.Key as typ_bodu, gpt.id as id_typu_bodu, get.Id || '|' || get.caption as sit, get.id as id_site, dt.Id || '|' || dt.Caption as typ_obchodu, dt.Id as id_typu_obchodu, dt.IsUnited as sdruz, concat (ddt.Caption, concat (' | ', ddt.CaptionSSO)) as smer, io.Key as IOtype 
from EDA_Market_GP_DT_DDT x 
inner join EDA_Market m on m.Id=x.MarketFK 
inner join EDA_DealType dt on dt.id=x.DealTypeFK 
inner join EDA_DealDirectionType ddt on ddt.Id=x.DealDirectionTypeFk
inner join EDA_GridPoint gp on gp.id=x.GridPointFK
inner join EDA_GridPointType gpt on gpt.id=gp.GridPointTypeFK
inner join EDA_GridETrade get on get.Id=gp.GridFK
inner join EDA_GridPointIOType io on io.Id=gp.IOTypeFK
</Param>
    <Param Name="DynamicLoading">False</Param>
    <Param Name="ViewType">Sql</Param>
    <Param Name="PrimaryKeyName">ID</Param>
    <Param Name="WhereCondition" />
    <Param Name="Order">market,bod</Param>
    <Param Name="Columns">
      <Param Name="ID">
        <Param Name="Label">ID</Param>
        <Param Name="DataType">Int32</Param>
        <Param Name="Alignment">Center</Param>
        <Param Name="Width">40</Param>
      </Param>
      <Param Name="market" Value="Label=Trh">
        <Param Name="DataType">String</Param>
        <Param Name="Alignment">Left</Param>
        <Param Name="Label">Trh</Param>
        <Param Name="CalculateDistinctValues">True</Param>
      </Param>
      <Param Name="bod" Value="Label=GridPoint">
        <Param Name="Label">Bod</Param>
        <Param Name="DataType">String</Param>
        <Param Name="Alignment">Left</Param>
        <Param Name="Width">80</Param>
      </Param>
      <Param Name="typ_bodu" Value="Label=TypBodu">
        <Param Name="Label">Typ bodu</Param>
        <Param Name="DataType">String</Param>
        <Param Name="Alignment">Left</Param>
        <Param Name="Width">80</Param>
      </Param>
      <Param Name="IOtype" Value="Label=TypBodu">
        <Param Name="Label">IO type</Param>
        <Param Name="DataType">String</Param>
        <Param Name="Alignment">Left</Param>
        <Param Name="Width">80</Param>
      </Param>
      <Param Name="sit">
        <Param Name="Label">Síť bodu</Param>
        <Param Name="DataType">String</Param>
        <Param Name="Alignment">Left</Param>
        <Param Name="Width">120</Param>
      </Param>
      <Param Name="typ_obchodu">
        <Param Name="Label">Typ obchodu</Param>
        <Param Name="DataType">String</Param>
        <Param Name="Alignment">Left</Param>
        <Param Name="Width">220</Param>
      </Param>
      <Param Name="sdruz">
        <Param Name="Label">Sdružený?</Param>
        <Param Name="DataType">Boolean</Param>
        <Param Name="Alignment">Center</Param>
        <Param Name="Width">40</Param>
      </Param>
      <Param Name="smer" Value="Label=Směr">
        <Param Name="DataType">String</Param>
        <Param Name="Alignment">Left</Param>
        <Param Name="Label">Směr</Param>
        <Param Name="Width">60</Param>
        <Param Name="CalculateDistinctValues">True</Param>
      </Param>
    </Param>
    <Param Name="Export">
      <Param Name="Export do Excelu"></Param>
    </Param>
  </Params> 
  <DetailsButton IsVisible="True" Form="egeMarket_GP_DT_DDT" UnionTransaction="True" Target="@Window" />
  <SelectButton IsVisible="True" Form="egeMarket_GP_DT_DDT" UnionTransaction="True" Target="@Window" /> 
</Form>