﻿<?xml version="1.0" encoding="utf-8"?>
<Form Type="Grid" Caption="Nepřiřazené kombinace protistrany, body sítě, trhy, obch. jednotky" WindowCaption="Nepřiřazené kombinace protistrany, body sítě, trhy, obch. jednotky" ProgId="Enif.EDA.ETRM.Gui.Behaviors.eggMUMarketGridPointCopartyAssign,EnifETRMGui" EntityType="Enif.EDA.ETRM.Entities.MU_Market_GP_Coparty,EnifETRMCommon" IsReadOnly="False" Scale="1.5" ValidationLevel="0" CanDelete="None" SelectMode="Multi">
  <Params>
    <Param Name="ViewName">
      select 
        ROWNUM as Id, 
        OPT.MarketId,
        OPT.MarketUnitId, 
        OPT.GridPointId, 
        OPT.CopartyId,
        OPT.MARKET,
        OPT.MarketUnit,
        OPT.COPARTY,
        OPT.GRID,
        OPT.GRIDPOINT
      from (
      SELECT 
  M.Id as MarketId, MU.Id as MarketUnitId, GP.Id as GridPointId, CO.Id as CopartyId,
  M.CAPTION as MARKET, MU.Name MarketUnit, CO.NAME as COPARTY, GP.SC_GRID as GRID, 
  GP.SC_GPTYPE || ' ' || GP.CAPTION || ' (' || GP.SC_IOT || ')' as GRIDPOINT
  FROM (
      SELECT MarketFK, GridPointFK 
      FROM EDA_MARKET_GP_DT_DDT 
      GROUP BY MarketFK, GridPointFK
    ) M_GP 
    INNER JOIN (
      SELECT Id, Caption FROM EDA_MARKET WHERE Active = 1
    ) M ON M.Id = M_GP.MarketFK
    INNER JOIN (
      SELECT EDA_GRIDPOINT.Id, EDA_GRIDPOINT.CAPTION, GRIO.SHORTCAPTION AS SC_IOT, GPTYPE.SHORTCAPTION AS SC_GPTYPE, GET.SHORTCAPTION AS SC_GRID
      FROM EDA_GRIDPOINT 
        left outer join EDA_GRIDETRADE GET on EDA_GRIDPOINT.GRIDFK = GET.ID AND GET.Active = 1
        left outer join EDA_GRIDPOINTIOTYPE GRIO on EDA_GRIDPOINT.IOTYPEFK = GRIO.ID
        left outer join EDA_GRIDPOINTTYPE GPTYPE on EDA_GRIDPOINT.GRIDPOINTTYPEFK=GPTYPE.ID
        WHERE EDA_GRIDPOINT.Active = 1  
    ) GP ON GP.Id = M_GP.GridPointFK
    CROSS JOIN (
      SELECT EDA_MARKETUNIT.Id, C_MU.Name FROM EDA_MARKETUNIT  
        left outer join EDA_SUBJECT S_MU on EDA_MARKETUNIT.SUBJECTFK = S_MU.ID
        left outer join EDA_COMPANY C_MU on S_MU.COMPANYFK = C_MU.ID
        WHERE EDA_MARKETUNIT.Active = 1
    ) MU 
    CROSS JOIN (
      SELECT EDA_COPARTYETRADE.Id, C_CO.Name FROM EDA_COPARTYETRADE  
        left outer join EDA_SUBJECT S_CO on EDA_COPARTYETRADE.SUBJECTFK = S_CO.ID
        left outer join EDA_COMPANY C_CO on S_CO.COMPANYFK = C_CO.ID
        WHERE EDA_COPARTYETRADE.Active = 1
    ) CO 
    ) OPT
      left outer join EDA_MU_MARKET_GP_COPARTY GPCOP on (GPCOP.MarketFK=OPT.MarketId and GPCOP.MarketUnitFK=OPT.MarketUnitId and GPCOP.GridPointFK=OPT.GridPointId and GPCOP.CopartyFK=OPT.CopartyId)
      where GPCOP.ID is null or GPCOP.Active != '1' or GPCOP.Active is null
      order by OPT.COPARTY, OPT.MARKET, OPT.GRIDPOINT, OPT.GRID, OPT.MarketUnit
    </Param>
    <Param Name="ViewType">Sql</Param>
    <Param Name="PrimaryKeyName">Id</Param>
    <Param Name="DynamicLoading">False</Param>
    <Param Name="Columns">
      <Param Name="Coparty">
        <Param Name="Label">Protistrana</Param>
        <Param Name="DataType">String</Param>
        <Param Name="Alignment">Left</Param>
        <Param Name="CalculateDistinctValues">True</Param>
        <Param Name="Width">150*</Param>
      </Param>
      <Param Name="Market">
        <Param Name="Label">Trh</Param>
        <Param Name="DataType">String</Param>
        <Param Name="Alignment">Left</Param>
        <Param Name="CalculateDistinctValues">True</Param>
        <Param Name="Width">100</Param>
      </Param>
      <Param Name="GridPoint">
        <Param Name="Label">Bod sítě</Param>
        <Param Name="DataType">String</Param>
        <Param Name="Alignment">Left</Param>
        <Param Name="CalculateDistinctValues">True</Param>
        <Param Name="Width">150</Param>
      </Param> 
      <Param Name="Grid">
        <Param Name="Label">Síť</Param>
        <Param Name="DataType">String</Param>
        <Param Name="Alignment">Left</Param>
        <Param Name="CalculateDistinctValues">True</Param>
        <Param Name="Width">100</Param>
      </Param> 
      <Param Name="MarketUnit">
        <Param Name="Label">Obch. jednotka</Param>
        <Param Name="DataType">String</Param>
        <Param Name="Alignment">Left</Param>
        <Param Name="CalculateDistinctValues">True</Param>
        <Param Name="Width">150</Param>
      </Param>  
    </Param>
    <Param Name="Buttons">
      <Param Name="btnAssign" Value="Přidat vybrané">
        <Param Name="Tooltip">Přidá vybrané kombinace protistrany, body sítě, trhy, obch. jednotky</Param>
      </Param>
    </Param>
    <Param Name="Export">
      <Param Name="Export do Excelu"></Param>
    </Param>
  </Params>
  <DetailsButton IsVisible="False" UnionTransaction="False" />
  <SelectButton IsVisible="False" UnionTransaction="False" />
</Form>