<?xml version="1.0" encoding="utf-8"?>
<Form Type="Grid" Caption="Kurzové křivky" WindowCaption="Kurzové křivky" ProgId="EGCore.EGBaseBehavior,EGCore" EntityType="Enif.EDA.ETRM.Entities.MUExchangeRates,EnifETRMCommon" Scale="1.6" IsReadOnly="false" CanDelete="None" SelectMode="Single">
  <SelectButton IsVisible="False" />
  <Params>
    <Param Name="ViewName">
      select
      mcs.Id as Id,
      cs.Active as Active,
      cs.Key as Key,
      cs.Caption Caption,
      cs.Description Description,
      basecuret.ShortCaption as CaptionBaseCurr,
      countercuret.ShortCaption as CaptionCounterCurr,
      sample.ShortCaption as CaptionSample,
      zone.ShortCaption as CaptionTimeZone,
      erp.Caption as CaptionERP,
      COALESCE(ersv.CountERSV, 0) CountERSV
      from EDA_MU_ExchangeRates mcs
      left outer join (select Active, Id, Key, Caption, Description, BaseCurrencyFK, ExchangeRateProviderFK, SampleFK, TimeZoneFK from EDA_ExchangeRateSerie) cs on cs.Id = mcs.EXCHANGERATESERIEFK
      left outer join (select Id, ShortCaption from EDA_CurrencyETrade) basecuret on cs.BaseCurrencyFK = basecuret.Id
      left outer join (select Id, Caption, CounterCurrencyFK from EDA_ExchangeRateProvider) erp on cs.ExchangeRateProviderFK = erp.Id
      left outer join (select Id, ShortCaption from EDA_CurrencyETrade) countercuret on erp.CounterCurrencyFK = countercuret.Id
      left outer join (select Id, ShortCaption from EDA_SampleETrade) sample on cs.SampleFK = sample.Id
      left outer join (select Id, ShortCaption from EDA_TimeZoneETrade) zone on cs.TimeZoneFK = zone.Id
      left outer join (select count(Id) CountERSV, ExchangeRateSerieFK from EDA_ExchangeRateSerieV group by ExchangeRateSerieFK) ersv on ersv.ExchangeRateSerieFK = cs.Id
      where
        (msc.MarketUnitFK={0})
    </Param>
    <Param Name="DynamicLoading">False</Param>
    <Param Name="ViewType">Sql</Param>
    <Param Name="PrimaryKeyName">ID</Param>
    <Param Name="WhereCondition" />
    <Param Name="Columns">
      <Param Name="Active">
        <Param Name="Label">Akt.</Param>
        <Param Name="DataType">Boolean</Param>
        <Param Name="Alignment">Center</Param>
        <Param Name="Width">40</Param>
      </Param>
      <Param Name="Id" Value="Label=ID;DataType=Decimal;Width=70">
        <Param Name="IsVisible">True</Param>
        <Param Name="DataType">Int64</Param>
        <Param Name="Alignment">Center</Param>
        <Param Name="Label">ID</Param>
        <Param Name="Width">70</Param>
      </Param>
    </Param>
    <Param Name="Export">
      <Param Name="Export do Excelu" />
    </Param>
    <!--
    <Param Name="DeleteButton">
      <Param Name="EntityDelegates">
        <Param Name="Destroy_With_Dependencies">
          <Param Name="EntityType"></Param>
        </Param>
      </Param>
    </Param>
	-->
  </Params>
  <DetailsButton IsVisible="True" Form="egeMUExchangeRates" UnionTransaction="True" Target="@Window" />
  <SelectButton IsVisible="True" Form="egeMUExchangeRates" UnionTransaction="True" Target="@Window" />
  <NewButton IsVisible="False"/>
</Form>