﻿<?xml version="1.0" encoding="utf-8"?>
<Form Type="Grid" Caption="Protistrany, body sítě, identifikátory" WindowCaption="Protistrany, body sítě, identifikátory" ProgId="EGCore.EGBaseBehavior,EGCore" EntityType="Enif.EDA.ETRM.Entities.MU_GPGG_CO_GPGG,EnifETRMCommon" Scale="100%-1border-1" ValidationLevel="0" CanDelete="None"
      IsReadOnly="False">
  <Params>
    <Param Name="ViewName">
      select
      c.Id as Id,
      c.MarketUnit.Subject.Company.Name as MarketUnit,
      c.MuGPGGrid.ShortCaption as MuGPGGrid,
      c.CoGPGGrid.ShortCaption as CoGPGGrid,
      c.Coparty.Subject.Company.Name as Coparty,
      (select count(*) from c.bagMU_GPGG_CO_GPGG_SPSP) as Count
      from MU_GPGG_CO_GPGG c
      order by
      c.MarketUnit.Subject.Company.Name,
      c.MuGPGGrid.ShortCaption,
      c.CoGPGGrid.ShortCaption,
      c.Coparty.Subject.Company.Name
      asc
    </Param>
    <Param Name="ViewType">Hql</Param>
    <Param Name="PrimaryKeyName">Id</Param>
    <Param Name="DynamicLoading">False</Param>
    <Param Name="Columns">
      <Param Name="Id">
        <Param Name="Label">Id</Param>
        <Param Name="DataType">Int64</Param>
        <Param Name="Alignment">Right</Param>
        <Param Name="Width">80</Param>
      </Param>
      <Param Name="MarketUnit">
        <Param Name="Label">Obchodní jednotka</Param>
        <Param Name="DataType">String</Param>
        <Param Name="Alignment">Left</Param>
        <Param Name="CalculateDistinctValues">true</Param>
        <Param Name="Width">150</Param>
      </Param>
      <Param Name="MuGPGGrid">
        <Param Name="Label">Body interní</Param>
        <Param Name="DataType">String</Param>
        <Param Name="Alignment">Left</Param>
        <Param Name="CalculateDistinctValues">true</Param>
        <Param Name="Width">250</Param>
      </Param>
      <Param Name="CoGPGGrid">
        <Param Name="Label">Body externí</Param>
        <Param Name="DataType">String</Param>
        <Param Name="Alignment">Left</Param>
        <Param Name="CalculateDistinctValues">true</Param>
        <Param Name="Width">250</Param>
      </Param>
      <Param Name="Coparty">
        <Param Name="Label">Protistrana</Param>
        <Param Name="DataType">String</Param>
        <Param Name="Alignment">Left</Param>
        <Param Name="CalculateDistinctValues">true</Param>
        <Param Name="Width">150</Param>
      </Param>
      <Param Name="Count">
        <Param Name="Label">Počet</Param>
        <Param Name="DataType">String</Param>
        <Param Name="Alignment">Left</Param>
        <Param Name="Width">80</Param>
      </Param>
    </Param>
    <Param Name="Export">
      <Param Name="Export do Excelu"></Param>
    </Param>
  </Params>
  <DetailsButton IsVisible="True" Form="egeMU_GPGG_CO_GPGG" UnionTransaction="True" Target="@Window" />
  <SelectButton IsVisible="False" />
</Form>