﻿<?xml version="1.0" encoding="utf-8"?>
<Form Type="Grid" Caption="TrhyBodu" WindowCaption="TrhyBodu" ProgId="EGCore.EGBaseBehavior,EGCore" EntityType="Enif.EDA.ETRM.Entities.Market_GridPoint,EnifETRMCommon" IsReadOnly="False" Scale="1.3" ValidationLevel="0" CanDelete="Multi">
  <Params>
    <Param Name="ViewName">Id,GridPoint.Caption,Market.Caption</Param>
    <Param Name="Export">
      <Param Name="Export do Excelu"></Param>
    </Param>
    <Param Name="ViewType">Path</Param>
    <Param Name="PrimaryKeyName">Id</Param>
    <Param Name="DynamicLoading">True</Param>
    <Param Name="Columns">
      <Param Name="GRIDPOINT_CAPTION">
        <Param Name="Label">Název</Param>
        <Param Name="DataType">String</Param>
        <Param Name="Alignment">Left</Param>
      </Param>
      <Param Name="MARKET_CAPTION">
        <Param Name="Label">Trh</Param>
        <Param Name="DataType">String</Param>
        <Param Name="Alignment">Left</Param>
      </Param>
    </Param>
  </Params>
</Form>