﻿<?xml version="1.0" encoding="utf-8"?>
<Form Type="Grid" Caption="Protistrany" WindowCaption="Protistrany" ProgId="EGCore.EGBaseBehavior,EGCore" EntityType="Enif.EDA.ETRM.Entities.CopartyETrade,EnifETRMCommon" Scale="100%-1border-1" ValidationLevel="0" CanDelete="Multi"
      IsReadOnly="{IsReadOnly}&#x9;Exp;bool IsReadOnly=!(RoleExp(&quot;ETRM_MDM_MarketParty_Settings&quot;))">
  <Params>
    <Param Name="ViewName">
      select
      c.Id as Id,
      c.Active as Active,
      com.Name as Name,
      com.ShortName as Shortcut
      from CopartyETrade c
      inner join c.Subject s
      left join s.Company com
      order by com.Name asc
    </Param>
    <Param Name="ViewType">Hql</Param>
    <Param Name="PrimaryKeyName">Id</Param>
    <Param Name="DynamicLoading">False</Param>
    <Param Name="Columns">
      <Param Name="Active">
        <Param Name="Label">Akt.</Param>
        <Param Name="DataType">Boolean</Param>
        <Param Name="Alignment">Center</Param>
        <Param Name="Width">40</Param>
      </Param>
      <Param Name="Id">
        <Param Name="Label">Id</Param>
        <Param Name="DataType">Int64</Param>
        <Param Name="Alignment">Right</Param>
        <Param Name="Width">80</Param>
      </Param>
      <Param Name="Name">
        <Param Name="Label">Název</Param>
        <Param Name="DataType">String</Param>
        <Param Name="Alignment">Left</Param>
        <Param Name="MinWidth">250</Param>
        <Param Name="Width">250</Param>
        <Param Name="IsVisible">True</Param>
      </Param>
      <Param Name="Shortcut">
        <Param Name="Label">Zkratka</Param>
        <Param Name="DataType">String</Param>
        <Param Name="Alignment">Left</Param>
        <Param Name="Width">250</Param>
        <Param Name="IsVisible">True</Param>
      </Param>
    </Param>
    <Param Name="Export">
      <Param Name="Export do Excelu"></Param>
    </Param>
    <Param Name="DeleteButton">
      <!-- <Param Name="RightsAdapters">
          <Param Name="Enif.EDA.ETRM.Validators.CopartyETradeDeleteValidator,EnifETRMCommon"/>
      </Param> -->
      <Param Name="EntityDelegates">
        <Param Name="Destroy_Gui"></Param>
      </Param>
    </Param>
  </Params>
  <DetailsButton IsVisible="{IsVisible}&#x9;Exp;bool IsVisible=RoleExp(&quot;ETRM_MDM_MarketParty_Settings&quot;)" Form="egeMarketCoparty2" UnionTransaction="True" />
  <SelectButton IsVisible="{IsVisible}&#x9;Exp;bool IsVisible=RoleExp(&quot;ETRM_MDM_MarketParty_Settings&quot;)" Form="egeMarketCoparty2" UnionTransaction="True" />
</Form>