﻿<?xml version="1.0" encoding="utf-8"?>
<Form Type="Grid" Caption="Protistrany, identifikátory, trhy, obch. jednotky" WindowCaption="Protistrany, identifikátory, trhy, obch. jednotky" ProgId="" EntityType="Enif.EDA.ETRM.Entities.MU_Market_CopartyId,EnifETRMCommon" IsReadOnly="False" Scale="1.5" ValidationLevel="0" CanDelete="Multi">
  <Params>
    <Param Name="ViewName">
      select
      mumcid.id as Id,
      muc.name as MarketUnit,
      cc.name as Coparty,
      m.caption as Market,
      g.caption as Grid,
      it.caption as IdentifierType,
      si.identifiervalue as IdentifierValue
      from        eda_mu_market_copartyid mumcid
      inner join  eda_subjectidentifier si on si.id = mumcid.subjectidentifierfk
      inner join  eda_mu_market_grid_coparty mumgc on mumgc.id = mumcid.marketcopartyfk
      inner join  eda_marketunit mu on mu.id = mumgc.marketunitfk
      inner join  eda_subject mus on mus.id = mu.subjectfk
      inner join  eda_company muc on muc.id = mus.companyfk
      inner join  eda_copartyetrade c on c.id = mumgc.copartyfk
      inner join  eda_subject cs on cs.id = c.subjectfk
      inner join  eda_company cc on cc.id = cs.companyfk
      inner join  eda_market m on m.id = mumgc.marketfk
      inner join  eda_grid g on g.id = mumgc.gridfk
      inner join  eda_identifiertype it on it.id = si.identifiertypefk
      order by MarketUnit, Coparty, Market, Grid, IdentifierType
    </Param>
    <Param Name="ViewType">Sql</Param>
    <Param Name="PrimaryKeyName">Id</Param>
    <Param Name="DynamicLoading">False</Param>
    <Param Name="AskOnDelete">Opravdu odstranit vybrané přiřazení obchodní jednotky, protistrany, trhu a sítě k identifikátoru protistrany?</Param>
    <Param Name="Columns">
      <Param Name="MarketUnit">
        <Param Name="Label">Obch. jednotka</Param>
        <Param Name="DataType">String</Param>
        <Param Name="Alignment">Left</Param>
        <Param Name="CalculateDistinctValues">True</Param>
        <Param Name="Width">150</Param>
      </Param>
      <Param Name="Coparty">
        <Param Name="Label">Protistrana</Param>
        <Param Name="DataType">String</Param>
        <Param Name="Alignment">Left</Param>
        <Param Name="CalculateDistinctValues">True</Param>
        <Param Name="Width">150</Param>
      </Param>
      <Param Name="Market">
        <Param Name="Label">Trh</Param>
        <Param Name="DataType">String</Param>
        <Param Name="Alignment">Left</Param>
        <Param Name="CalculateDistinctValues">True</Param>
        <Param Name="Width">100</Param>
      </Param>
      <Param Name="Grid">
        <Param Name="Label">Síť</Param>
        <Param Name="DataType">String</Param>
        <Param Name="Alignment">Left</Param>
        <Param Name="CalculateDistinctValues">True</Param>
        <Param Name="Width">100</Param>
      </Param>
      <Param Name="IdentifierType">
        <Param Name="Label">Typ</Param>
        <Param Name="DataType">String</Param>
        <Param Name="Alignment">Left</Param>
        <Param Name="CalculateDistinctValues">True</Param>
        <Param Name="Width">150</Param>
      </Param>
      <Param Name="IdentifierValue">
        <Param Name="Label">Identifikátor</Param>
        <Param Name="DataType">String</Param>
        <Param Name="Alignment">Left</Param>
        <Param Name="CalculateDistinctValues">True</Param>
        <Param Name="Width">150</Param>
      </Param>
    </Param>
    <Param Name="Buttons">
      <Param Name="btnAssign" Value="Přidat přiřazení">
        <Param Name="Form" Value="eggMUCopartyMarketGridIdTypeAssign"/>
        <Param Name="Target" Value="@Window"/>
        <Param Name="Tooltip" Value="Otevře seznam možných přiřazení obchodní jednotky, protistrany, trhu a sítě k identifikátoru protistrany"/>
      </Param>    
    </Param>
  </Params>
  <DetailsButton IsVisible="False"/>
  <SelectButton IsVisible="False"/>
</Form>