﻿<?xml version="1.0" encoding="utf-8"?>
<Form Type="Grid" Caption="Obchodní jednotky" WindowCaption="Obchodní jednotky" ProgId="EGCore.EGBaseBehavior,EGCore" EntityType="Enif.EDA.ETRM.Entities.MarketUnit,EnifETRMCommon" Scale="100%" IsReadOnly="false" CanDelete="None" SelectMode="Multi">
  <SelectButton IsVisible="False" />
  <Params>
    <Param Name="ViewName">
      select
      mu.Id as Id, mu.Active as Active,
      maincurr.Caption as CurrencyAggCaption,
      acccurr.Caption as CurrencyAccCaption,
      comp.Name as CompanyName,
      COALESCE(MainComms.cnt,0) as CountMainComms,
      COALESCE(SubComms.cnt,0) as CountSubComms,
      COALESCE(markets.cnt,0) as CountMarkets,
      COALESCE(grids.cnt,0) as CountGrids,
      COALESCE(bzs.cnt,0) as CountBZs,
      COALESCE(bzgs.cnt,0) as CountBZGs,
      COALESCE(gridpoints.cnt,0) as CountGridPoints,
      COALESCE(gridlines.cnt,0) as CountGridLines,
      COALESCE(gridpointgroups.cnt,0) as CountGridGroups
      from (select Id, Active, MainCurrencyFK, AccCurrencyFK, SubjectFK from EDA_MarketUnit) mu
      left outer join (select Id, CompanyFK from EDA_Subject) subj on mu.SubjectFK = subj.Id
      left outer join (select Id, A3 as Caption from EDA_TCurrency) maincurr on mu.MainCurrencyFK = maincurr.Id
      left outer join (select Id, A3 as Caption from EDA_TCurrency) acccurr on mu.AccCurrencyFK = acccurr.Id
      left outer join (select Id, Name from EDA_Company) comp on subj.CompanyFK = comp.Id
      left outer join (
      select count(c.Id) cnt, c.MarketUnitFK from EDA_MU_Commodity c
      inner join EDA_CommodityETRade e on (e.Id = c.CommodityFK)
      where
      (e.BaseCommodityFK is null)
      group by c.MarketUnitFK
      ) MainComms on MainComms.MarketUnitFK = mu.Id
      left outer join (
      select count(c.Id) cnt, c.MarketUnitFK from EDA_MU_Commodity c
      inner join EDA_CommodityETRade e on (e.Id = c.CommodityFK)
      where
      (e.BaseCommodityFK is not null)
      group by c.MarketUnitFK
      ) SubComms on SubComms.MarketUnitFK = mu.Id
      left outer join (select count(Id) cnt, MarketUnitFK from EDA_MU_Market_Grid group by MarketUnitFK) markets on markets.MarketUnitFK = mu.Id
      left outer join (select count(Id) cnt, MarketUnitFK from EDA_MU_Grid group by MarketUnitFK) grids on grids.MarketUnitFK = mu.Id
      left outer join (select count(Id) cnt, MarketUnitFK from EDA_MU_BZ group by MarketUnitFK) bzs on bzs.MarketUnitFK = mu.Id
      left outer join (select count(Id) cnt, MarketUnitFK from EDA_MU_BZG group by MarketUnitFK) bzgs on bzgs.MarketUnitFK = mu.Id
      left outer join (select count(Id) cnt, MarketUnitFK from EDA_MU_GridPoint group by MarketUnitFK) gridpoints on gridpoints.MarketUnitFK = mu.Id
      left outer join (select count(Id) cnt, MarketUnitFK from EDA_MU_GridLine group by MarketUnitFK) gridlines on gridlines.MarketUnitFK = mu.Id
      left outer join (select count(Id) cnt, MarketUnitFK from EDA_MU_GridPointGroup group by MarketUnitFK) gridpointgroups on gridpointgroups.MarketUnitFK = mu.Id
      order by comp.Name
    </Param>
    <Param Name="DynamicLoading">False</Param>
    <Param Name="ViewType">Sql</Param>
    <Param Name="PrimaryKeyName">ID</Param>
    <Param Name="WhereCondition" />
    <Param Name="Columns">
      <Param Name="Active">
        <Param Name="Label">Akt.</Param>
        <Param Name="DataType">Boolean</Param>
        <Param Name="Alignment">Center</Param>
        <Param Name="Width">40</Param>
      </Param>
      <Param Name="Id" Value="Label=ID;DataType=Decimal;Width=70">
        <Param Name="IsVisible">True</Param>
        <Param Name="DataType">Int64</Param>
        <Param Name="Alignment">Center</Param>
        <Param Name="Label">ID</Param>
        <Param Name="Width">60</Param>
      </Param>
      <Param Name="CompanyName">
        <Param Name="Label">Společnost</Param>
        <Param Name="DataType">String</Param>
        <Param Name="Alignment">Left</Param>
        <Param Name="Width">200</Param>
        <Param Name="MinWidth">150</Param>
      </Param>
      <Param Name="CurrencyAggCaption">
        <Param Name="DataType">String</Param>
        <Param Name="Alignment">Center</Param>
        <Param Name="Width">120</Param>
        <Param Name="Label">Měna agr.</Param>
        <Param Name="CalculateDistinctValues">True</Param>
      </Param>
      <Param Name="CurrencyAccCaption">
        <Param Name="DataType">String</Param>
        <Param Name="Alignment">Center</Param>
        <Param Name="Width">120</Param>
        <Param Name="Label">Měna účetní</Param>
        <Param Name="CalculateDistinctValues">True</Param>
      </Param>
      <Param Name="CountMainComms">
        <Param Name="Label">Hl. kom.</Param>
        <Param Name="DataType">Int16</Param>
        <Param Name="Alignment">Right</Param>
        <Param Name="Width">70</Param>
      </Param>
      <Param Name="CountSubComms">
        <Param Name="Label">Subkom.</Param>
        <Param Name="DataType">Int16</Param>
        <Param Name="Alignment">Right</Param>
        <Param Name="Width">70</Param>
      </Param>
      <Param Name="CountGridLines">
        <Param Name="Label">Kap. sml.</Param>
        <Param Name="Width">70</Param>
        <Param Name="DataType">Int32</Param>
        <Param Name="Alignment">Right</Param>
      </Param>
      <Param Name="CountMarkets">
        <Param Name="Label">Trhy</Param>
        <Param Name="DataType">Int16</Param>
        <Param Name="Alignment">Right</Param>
        <Param Name="Width">70</Param>
      </Param>
      <Param Name="CountGrids">
        <Param Name="Label">Sítě</Param>
        <Param Name="DataType">Int16</Param>
        <Param Name="Alignment">Right</Param>
        <Param Name="Width">70</Param>
      </Param>
      <Param Name="CountBZs">
        <Param Name="DataType">Int16</Param>
        <Param Name="Alignment">Right</Param>
        <Param Name="Label">BZ</Param>
        <Param Name="Width">70</Param>
      </Param>
      <Param Name="CountBZGs">
        <Param Name="Label">NBZ</Param>
        <Param Name="Width">70</Param>
        <Param Name="DataType">Int32</Param>
        <Param Name="Alignment">Right</Param>
      </Param>
      <Param Name="CountGridPoints">
        <Param Name="Label">Body</Param>
        <Param Name="Width">70</Param>
        <Param Name="DataType">Int32</Param>
        <Param Name="Alignment">Right</Param>
      </Param>
      <Param Name="CountGridGroups">
        <Param Name="Label">Sk.bod</Param>
        <Param Name="Width">70</Param>
        <Param Name="DataType">Int32</Param>
        <Param Name="Alignment">Right</Param>
      </Param>
    </Param>
    <Param Name="Export">
      <Param Name="Export do Excelu" />
    </Param>
	<!--
    <Param Name="DeleteButton">
      <Param Name="EntityDelegates">
        <Param Name="Destroy_With_Dependencies">
          <Param Name="EntityType"></Param>
        </Param>
      </Param>
    </Param>
	-->
  </Params>
  <DetailsButton IsVisible="True" Form="egeMarketUnit" UnionTransaction="True" Target="@Window" />
  <SelectButton IsVisible="True" Form="egeMarketUnit" UnionTransaction="True" Target="@Window" />
  <NewButton IsVisible="False"/>
</Form>