﻿<?xml version="1.0" encoding="utf-8"?>
<Form Type="Grid" Caption="Protistrany, body sítě, trhy, obch. jednotky" WindowCaption="Protistrany, body sítě, trhy, obch. jednotky"  ProgId="Enif.EDA.ETRM.Gui.Behaviors.eggMUMarketGridPointCoparty,EnifETRMGui" EntityType="Enif.EDA.ETRM.Entities.MU_Market_GP_Coparty,EnifETRMCommon" Scale="1.5" ValidationLevel="0" CanDelete="None" SelectMode="Multi"
      IsReadOnly="{IsReadOnly}&#x9;Exp;bool IsReadOnly=!(RoleExp(&quot;ETRM_MDM_MarketParty_Settings&quot;))">
  <Params>
    <Param Name="ViewName">
      select GPCOP.ID as ID, C_MU.NAME as MARKETUNIT, M.CAPTION as MARKET, C_CO.NAME as COPARTY, GET.SHORTCAPTION as GRID, concat(concat(GPTYPE.SHORTCAPTION, ' '), concat(GP.CAPTION,concat(' (',concat(GRIO.SHORTCAPTION,')')))) as GRIDPOINT
      from EDA_MU_MARKET_GP_COPARTY GPCOP
      inner join EDA_MARKET M on GPCOP.MARKETFK=M.ID
      inner join EDA_GRIDPOINT GP on GPCOP.GRIDPOINTFK=GP.ID
      left outer join EDA_GRIDETRADE GET on GP.GRIDFK=GET.ID
      left outer join EDA_GRIDPOINTTYPE GPTYPE on GP.GRIDPOINTTYPEFK=GPTYPE.ID
      left outer join EDA_GRIDPOINTIOTYPE GRIO on GP.IOTYPEFK=GRIO.ID
      inner join EDA_MARKETUNIT MU on GPCOP.MARKETUNITFK=MU.ID
      left outer join EDA_SUBJECT S_MU on MU.SUBJECTFK=S_MU.ID
      left outer join EDA_COMPANY C_MU on S_MU.COMPANYFK=C_MU.ID
      inner join EDA_COPARTYETRADE CO on GPCOP.COPARTYFK=CO.ID
      left outer join EDA_SUBJECT S_CO on CO.SUBJECTFK=S_CO.ID
      left outer join EDA_COMPANY C_CO on S_CO.COMPANYFK=C_CO.ID
      where GPCOP.Active=1
      order by C_CO.NAME, M.CAPTION, GP.CAPTION, GET.SHORTCAPTION, C_MU.NAME
    </Param>
    <Param Name="ViewType">Sql</Param>
    <Param Name="PrimaryKeyName">Id</Param>
    <Param Name="DynamicLoading">False</Param>
    <Param Name="AskOnDelete">Opravdu odstranit vybrané přiřazení obchodní jednotky, trhu a bodu sítě k protistraně ?</Param>
    <Param Name="Columns">
      <Param Name="Coparty">
        <Param Name="Label">Protistrana</Param>
        <Param Name="DataType">String</Param>
        <Param Name="Alignment">Left</Param>
        <Param Name="CalculateDistinctValues">True</Param>
        <Param Name="Width">150*</Param>
      </Param>
      <Param Name="Market">
        <Param Name="Label">Trh</Param>
        <Param Name="DataType">String</Param>
        <Param Name="Alignment">Left</Param>
        <Param Name="CalculateDistinctValues">True</Param>
        <Param Name="Width">100</Param>
      </Param>
      <Param Name="GridPoint">
        <Param Name="Label">Bod sítě</Param>
        <Param Name="DataType">String</Param>
        <Param Name="Alignment">Left</Param>
        <Param Name="CalculateDistinctValues">True</Param>
        <Param Name="Width">150</Param>
      </Param>
      <Param Name="Grid">
        <Param Name="Label">Síť</Param>
        <Param Name="DataType">String</Param>
        <Param Name="Alignment">Left</Param>
        <Param Name="CalculateDistinctValues">True</Param>
        <Param Name="Width">100</Param>
      </Param>
      <Param Name="MarketUnit">
        <Param Name="Label">Obch. jednotka</Param>
        <Param Name="DataType">String</Param>
        <Param Name="Alignment">Left</Param>
        <Param Name="CalculateDistinctValues">True</Param>
        <Param Name="Width">150</Param>
      </Param>
    </Param>
    <Param Name="DeleteButton">False</Param>
    <Param Name="Export">
      <Param Name="Export do Excelu"></Param>
    </Param>
    <Param Name="Buttons">
      <Param Name="btnAssign" Value="Přidat přiřazení">
        <Param Name="Form" Value="eggMUMarketGridPointCopartyAssign"/>
        <Param Name="Target" Value="@Window"/>
        <Param Name="Tooltip" Value="Otevře seznam možných přiřazení obchodní jednotky, trhu a bodu sítě k protistraně"/>
        <Param Name="IsVisible" Value="{IsVisible}&#x9;Exp;bool IsVisible=RoleExp(&quot;ETRM_MDM_MarketParty_Settings&quot;)"/>
      </Param>
      <Param Name="btnDelete" Value="Odstranit">
        <Param Name="Tooltip" value="Odstraní vybraná přiřazení obchodní jednotky, trhu a bodu sítě k protistraně"/>
      </Param>
    </Param>
  </Params>
  <DetailsButton IsVisible="False"/>
  <SelectButton IsVisible="False"/>
</Form>