﻿<?xml version="1.0" encoding="utf-8"?>
<Form Type="Grid" Caption="Typy poplatků trhu" WindowCaption="Typy poplatků trhu" ProgId="EGCore.EGBaseBehavior,EGCore" EntityType="Enif.EDA.ETRM.Entities.MarketChargeType,EnifETRMCommon" IsReadOnly="false" CanDelete="None">
  <Params>
    <Param Name="ViewName">select Id, Active, Key, Caption, ShortCaption, ExternalId from EDA_MarketChargeType</Param>
    <Param Name="ViewType">Sql</Param>
    <Param Name="DynamicLoading">False</Param>
    <Param Name="PrimaryKeyName">ID</Param>
    <Param Name="WhereCondition" />
    <Param Name="Columns">
      <Param Name="Active" Value="Label=Aktivní">
        <Param Name="DataType">Boolean</Param>
        <Param Name="Label">Aktivní</Param>
        <Param Name="Width">60</Param>
      </Param>
      <Param Name="Key" Value="Label=Klíč">
        <Param Name="DataType">String</Param>
        <Param Name="Alignment">Left</Param>
        <Param Name="Label">Klíč</Param>
        <Param Name="Width">100</Param>
      </Param>
      <Param Name="Caption" Value="Label=Název">
        <Param Name="Label">Název</Param>
        <Param Name="DataType">String</Param>
        <Param Name="Alignment">Left</Param>
      </Param>
      <Param Name="ShortCaption" Value="Label=Zkratka">
        <Param Name="Label">Zkratka</Param>
        <Param Name="DataType">String</Param>
        <Param Name="Alignment">Left</Param>
      </Param>
      <Param Name="ExternalId" Value="Label=Externí ID">
        <Param Name="Label">Externí ID</Param>
        <Param Name="DataType">String</Param>
        <Param Name="Alignment">Left</Param>
      </Param>
    </Param>
    <Param Name="Export">
      <Param Name="Export do Excelu"></Param>
    </Param>
  </Params>
  <DetailsButton IsVisible="True" Form="egeMarketChargeType" UnionTransaction="True" Target="@Window" />
  <SelectButton IsVisible="True" Form="egeMarketChargeType" UnionTransaction="True" Target="@Window" />
</Form>