﻿<?xml version="1.0" encoding="utf-8"?>
<Form Type="Grid" Caption="Produkty na trzích" WindowCaption="Produkty na trzích" ProgId="EGCore.EGBaseBehavior,EGCore" EntityType="Enif.EDA.ETRM.Entities.MarketProduct,EnifETRMCommon" Scale="1.8" CanDelete="Multi">
  <Params>
    <Param Name="ViewName">select mp.ID as id, 
m.Id as id_market, 
m.caption as trh, 
p.Id as id_product, 
p.name as produkt 
from EDA_MarketProduct mp 
inner join EDA_Market m on m.Id = mp.MarketFK 
inner join EDA_ProductETrade p on p.Id = mp.ProductFK 
order by m.caption
</Param>
    <Param Name="DynamicLoading">False</Param>
    <Param Name="ViewType">Sql</Param>
    <Param Name="PrimaryKeyName">ID</Param>
    <Param Name="WhereCondition" />
    <Param Name="Order">trh,product</Param>
    <Param Name="Columns">
      <Param Name="ID">
        <Param Name="Label">ID kombinace</Param>
        <Param Name="DataType">Int32</Param>
        <Param Name="Alignment">Center</Param>
        <Param Name="Width">40</Param>
      </Param>
      <Param Name="trh" Value="Label=Trh">
        <Param Name="DataType">String</Param>
        <Param Name="Alignment">Left</Param>
        <Param Name="Label">Trh</Param>
        <Param Name="CalculateDistinctValues">True</Param>
      </Param>
      <Param Name="id_market" Value="Label=IDtrhu">
        <Param Name="Label">ID trhu</Param>
        <Param Name="DataType">String</Param>
        <Param Name="Alignment">Left</Param>
        <Param Name="Width">80</Param>
      </Param>
      <Param Name="produkt" Value="Label=produkt">
        <Param Name="Label">Produkt</Param>
        <Param Name="DataType">String</Param>
        <Param Name="Alignment">Left</Param>
        <Param Name="Width">80</Param>
      </Param>
      <Param Name="id_product" Value="Label=IDproduktu">
        <Param Name="Label">ID produktu</Param>
        <Param Name="DataType">String</Param>
        <Param Name="Alignment">Left</Param>
        <Param Name="Width">80</Param>
      </Param>
    </Param>
    <Param Name="Export">
      <Param Name="Export do Excelu"></Param>
    </Param>
  </Params> <!--
  <DetailsButton IsVisible="True" Form="egeMarket_GP_DT_DDT" UnionTransaction="True" Target="@Window" />
  <SelectButton IsVisible="True" Form="egeMarket_GP_DT_DDT" UnionTransaction="True" Target="@Window" /> -->
</Form>