﻿<?xml version="1.0" encoding="utf-8"?>
<Form Type="Grid" Caption="Protistrany, profily, trhy, obch. jednotky" WindowCaption="Protistrany, profily, trhy, obch. jednotky" ProgId="" EntityType="Enif.EDA.ETRM.Entities.MU_Market_GL_Coparty,EnifETRMCommon" IsReadOnly="False" Scale="1.5" ValidationLevel="0" CanDelete="Multi">
  <Params>
    <Param Name="ViewName">
      select GLCOP.ID as ID, C_MU.NAME as MARKETUNIT, M.CAPTION as MARKET, C_CO.NAME as COPARTY, GL.CAPTION as GRIDLINE
      from EDA_MU_MARKET_GL_COPARTY GLCOP
      inner join EDA_MARKET M on GLCOP.MARKETFK=M.ID
      inner join EDA_GRIDLINE GL on GLCOP.GRIDLINEFK=GL.ID
      inner join EDA_MARKETUNIT MU on GLCOP.MARKETUNITFK=MU.ID
      left outer join EDA_SUBJECT S_MU on MU.SUBJECTFK=S_MU.ID
      left outer join EDA_COMPANY C_MU on S_MU.COMPANYFK=C_MU.ID
      inner join EDA_COPARTYETRADE CO on GLCOP.COPARTYFK=CO.ID
      left outer join EDA_SUBJECT S_CO on CO.SUBJECTFK=S_CO.ID
      left outer join EDA_COMPANY C_CO on S_CO.COMPANYFK=C_CO.ID
      order by C_MU.NAME, M.CAPTION, GL.CAPTION, C_CO.NAME
    </Param>
    <Param Name="ViewType">Sql</Param>
    <Param Name="PrimaryKeyName">Id</Param>
    <Param Name="DynamicLoading">False</Param>
    <Param Name="AskOnDelete">Opravdu odstranit vybrané přiřazení obchodní jednotky, trhu a bodu sítě k protistraně ?</Param>
    <Param Name="Columns">
      <Param Name="MarketUnit">
        <Param Name="Label">Obch. jednotka</Param>
        <Param Name="DataType">String</Param>
        <Param Name="Alignment">Left</Param>
        <Param Name="CalculateDistinctValues">True</Param>
        <Param Name="Width">150</Param>
      </Param>
      <Param Name="Market">
        <Param Name="Label">Trh</Param>
        <Param Name="DataType">String</Param>
        <Param Name="Alignment">Left</Param>
        <Param Name="CalculateDistinctValues">True</Param>
        <Param Name="Width">100</Param>
      </Param>
      <Param Name="GridLine">
        <Param Name="Label">Přenosový profil</Param>
        <Param Name="DataType">String</Param>
        <Param Name="Alignment">Left</Param>
        <Param Name="CalculateDistinctValues">True</Param>
        <Param Name="Width">150</Param>
      </Param>    
      <Param Name="Coparty">
        <Param Name="Label">Protistrana</Param>
        <Param Name="DataType">String</Param>
        <Param Name="Alignment">Left</Param>
        <Param Name="CalculateDistinctValues">True</Param>
        <Param Name="Width">150</Param>
      </Param>
    </Param>
    <Param Name="Buttons">
      <Param Name="btnAssign" Value="Přidat přiřazení">
        <Param Name="Form" Value="eggMUMarketGridLineCopartyAssign"/>
        <Param Name="Target" Value="@Window"/>
        <Param Name="Tooltip" Value="Otevře seznam možných přiřazení obchodní jednotky, trhu a přenosového profilu k protistraně"/>
      </Param>    
    </Param>
    <Param Name="DeleteButton">
      <Param Name="Tooltip" value="Odstraní vybraná přiřazení obchodní jednotky, trhu a přenosového profilu k protistraně"/>
      <Param Name="EntityDelegates">
        <Param Name="Destroy_Base"/>
      </Param>
    </Param>  
    <Param Name="Export">
      <Param Name="Export do Excelu"></Param>
    </Param>
  </Params>
  <DetailsButton IsVisible="False"/>
  <SelectButton IsVisible="False"/>
</Form>