﻿<?xml version="1.0" encoding="utf-8"?>
<Form Type="Grid" Caption="Předpisy poplatků trhů" WindowCaption="Předpisy poplatků trhů"  EntityType="Enif.EDA.ETRM.Entities.MarketCharge,EnifETRMCommon" IsReadOnly="{IsReadOnly}&#x9;Exp;bool IsReadOnly=!RoleExp(&quot;ETRM_MDM_Market_Admin or ETRM_MDM_Market_Settings&quot;)" Scale="100%" ValidationLevel="0" CanDelete="Multi" SelectMode="Multi">
  <Params>
    <Param Name="ViewName">
      select
      mch.Id as Id,
      mch.Active as Active,
      mch.Caption as mchCaption,
      mch.Individual as Individual,
      case when DeliveryValidFrom = date '0001-01-01' then null else DeliveryValidFrom end as DeliveryValidFrom,
      case when DeliveryValidToEx = date '0001-01-01' then null else (DeliveryValidToEx-1)end as DeliveryValidToEx,
      MaxDealDuration,
      MinDealDuration,
      MaxVolume,
      MinVolume,
      case when SettledValidFrom = date '0001-01-01' then null else SettledValidFrom end as SettledValidFrom,
      case when SettledValidToEx = date '0001-01-01' then null else (SettledValidToEx-1) end as SettledValidToEx,
      mch.Value as MCHValue,
      mcht.Caption as ChargeTypeCaption,
      iot.ShortCaption as IOTypeShortCaption,
      comm.ShortCaption as CommodityCaption,
      mchct.ShortCaption as MCHCreationTypeShortCaption,
      mchpt.ShortCaption as MCHPaymentTypeShortCaption,
      cet.ShortCaption as CurrCaption,
      m.ShortCaption as MarketCaption,
      comp.Caption as MUCaption,
      get.ShortCaption as GridCaption,
      sleeve.ShortCaption as SleeveShortCaption

      from
      (select Id, Active, ChargeTypeFK, CommodityFK, MarketUnitFK, MarketFK, GridFK, IOTypeFK, CurrencyFK, CreationTypeFK, PaymentTypeFK, DeliveryValidFrom, DeliveryValidToEx, Caption, Individual, SleeveTypeFK, MaxDealDuration, MinDealDuration, MaxVolume, MinVolume,
      MUMarketGridFK, SettledValidFrom, SettledValidToEx, Value from EDA_MarketCharge) mch

      left outer join
      (select Id, ShortCaption from EDA_CurrencyETrade) cet
      on
      mch.CurrencyFK = cet.Id

      left outer join
      (select Id, ShortCaption from EDA_MARKETCHARGEIOT) iot
      on
      mch.IOTypeFK = iot.Id

      left outer join
      (select Id, ShortCaption from EDA_CommodityETrade) comm
      on
      mch.CommodityFK = comm.Id

      left outer join
      (select Id, ShortCaption from EDA_TCREATIONTYPE) mchct
      on
      mch.CreationTypeFK = mchct.Id

      left outer join
      (select Id, ShortCaption from EDA_TCHARGEPAYMENTTYPE) mchpt
      on
      mch.PaymentTypeFK = mchpt.Id

      left outer join
      (select Id, Caption from EDA_MarketChargeType) mcht
      on
      mch.ChargeTypeFK = mcht.Id

      left outer join
      (select Id, ShortCaption from EDA_Market) m
      on
      mch.MarketFK = m.Id

      left outer join
      (select Id, SubjectFK from EDA_MarketUnit) mu
      on
      mch.MarketUnitFK = mu.Id

      left outer join
      (select Id, CompanyFK from EDA_Subject) su
      on
      mu.SubjectFK = su.Id

      left outer join
      (select Id, ShortName as Caption from EDA_Company) comp
      on
      su.CompanyFK = comp.Id

      left outer join
      (select Id, ShortCaption, GridFK from EDA_GridETrade) get
      on
      mch.GridFK = get.Id

      left outer join
      (select Id, ShortCaption from EDA_TSLEEVETYPE) sleeve
      on
      mch.SleeveTypeFK = sleeve.Id

      order by mch.Caption ASC
    </Param>
    <Param Name="DynamicLoading">False</Param>
    <Param Name="ViewType">Sql</Param>
    <Param Name="PrimaryKeyName">ID</Param>
    <Param Name="WhereCondition" />
    <Param Name="Columns">
	  <Param Name="Active">
        <Param Name="Label">Akt.</Param>
        <Param Name="DataType">Boolean</Param>
        <Param Name="Alignment">Center</Param>
        <Param Name="Width">40</Param>
      </Param>
      <Param Name="Id">
        <Param Name="Label">Id</Param>
        <Param Name="DataType">String</Param>
        <Param Name="Alignment">Right</Param>
        <Param Name="Width">60</Param>
      </Param>
      <Param Name="mchCaption">
        <Param Name="Label">Název</Param>
        <Param Name="DataType">String</Param>
        <Param Name="Alignment">Left</Param>
        <Param Name="Width">150</Param>
      </Param>
      <Param Name="MUCaption">
        <Param Name="Label">Obch. jed.</Param>
        <Param Name="DataType">String</Param>
        <Param Name="Alignment">Left</Param>
        <Param Name="Width">100</Param>
        <Param Name="CalculateDistinctValues">True</Param>
      </Param>
      <Param Name="MarketCaption">
        <Param Name="Label">Trh</Param>
        <Param Name="DataType">String</Param>
        <Param Name="Alignment">Left</Param>
        <Param Name="Width">150</Param>
        <Param Name="CalculateDistinctValues">True</Param>
      </Param>
      <Param Name="GridCaption">
        <Param Name="Label">Síť</Param>
        <Param Name="Width">100</Param>
        <Param Name="DataType">String</Param>
        <Param Name="Alignment">Left</Param>
        <Param Name="CalculateDistinctValues">True</Param>
      </Param>
      <Param Name="CommodityCaption">
        <Param Name="Label">Subkomodita</Param>
        <Param Name="Width">120</Param>
        <Param Name="DataType">String</Param>
        <Param Name="Alignment">Left</Param>
        <Param Name="CalculateDistinctValues">True</Param>
      </Param>	  
	  <Param Name="CurrCaption">
        <Param Name="Label">Měna</Param>
        <Param Name="Width">80</Param>
        <Param Name="DataType">String</Param>
        <Param Name="Alignment">Right</Param>
        <Param Name="CalculateDistinctValues">True</Param>
      </Param>
	  <Param Name="IOTypeShortCaption">
        <Param Name="Label">Směr</Param>
        <Param Name="Width">80</Param>
        <Param Name="DataType">String</Param>
        <Param Name="Alignment">Left</Param>
        <Param Name="CalculateDistinctValues">True</Param>
      </Param>	  
      <Param Name="ChargeTypeCaption">
        <Param Name="Label">Typ</Param>
        <Param Name="Width">80</Param>
        <Param Name="DataType">String</Param>
        <Param Name="Alignment">Left</Param>
        <Param Name="CalculateDistinctValues">True</Param>
      </Param>
	  <Param Name="MCHPaymentTypeShortCaption">
        <Param Name="Label">Typ platby</Param>
        <Param Name="Width">100</Param>
        <Param Name="DataType">String</Param>
        <Param Name="Alignment">Left</Param>
        <Param Name="CalculateDistinctValues">True</Param>
      </Param>
	  <Param Name="MCHCreationTypeShortCaption">
        <Param Name="Label">Zp. vytv.</Param>
        <Param Name="Width">100</Param>
        <Param Name="DataType">String</Param>
        <Param Name="Alignment">Left</Param>
        <Param Name="CalculateDistinctValues">True</Param>
      </Param>
      <Param Name="Individual">
        <Param Name="Label">Lze změnit</Param>
        <Param Name="Width">80</Param>
        <Param Name="DataType">Boolean</Param>
        <Param Name="Alignment">Left</Param>
      </Param>	  
      <Param Name="MCHValue">
        <Param Name="Label">Hodnota</Param>
        <Param Name="DataType">Decimal</Param>
				<Param Name="Format">#,##0.000</Param>
        <Param Name="Alignment">Right</Param>
        <Param Name="Width">80</Param>
      </Param>
	  <Param Name="SleeveShortCaption">
        <Param Name="Label">Sleeve</Param>
        <Param Name="DataType">String</Param>
        <Param Name="Alignment">Left</Param>
        <Param Name="Width">80</Param>
		<Param Name="CalculateDistinctValues">True</Param>
      </Param>
      <Param Name="MinDealDuration">
        <Param Name="Label">Min. délka</Param>
        <Param Name="DataType">Int16</Param>
        <Param Name="Alignment">Right</Param>
        <Param Name="Width">90</Param>
      </Param>
      <Param Name="MaxDealDuration">
        <Param Name="Label">Max. délka</Param>
        <Param Name="DataType">Int16</Param>
        <Param Name="Alignment">Right</Param>
        <Param Name="Width">90</Param>
      </Param>
      <Param Name="MinVolume">
        <Param Name="Label">Min. objem</Param>
        <Param Name="DataType">Int16</Param>
        <Param Name="Alignment">Right</Param>
        <Param Name="Width">90</Param>
      </Param>
      <Param Name="MaxVolume">
        <Param Name="Label">Max. objem</Param>
        <Param Name="DataType">Int16</Param>
        <Param Name="Alignment">Right</Param>
        <Param Name="Width">90</Param>
      </Param>
      <Param Name="DeliveryValidFrom">
        <Param Name="Label">Dodávka od</Param>
        <Param Name="DataType">DateTime</Param>
        <Param Name="Width">90</Param>
        <Param Name="Alignment">Right</Param>
        <Param Name="Format">d.M.yyyy</Param>
      </Param>
      <Param Name="DeliveryValidToEx">
        <Param Name="Label">Dodávka do</Param>
        <Param Name="DataType">DateTime</Param>
        <Param Name="Alignment">Right</Param>
        <Param Name="Width">90</Param>
        <Param Name="Format">d.M.yyyy</Param>
      </Param>
      <Param Name="SettledValidFrom">
        <Param Name="Label">Uzavření od</Param>
        <Param Name="DataType">DateTime</Param>
        <Param Name="Alignment">Right</Param>
        <Param Name="Width">90</Param>
        <Param Name="Format">d.M.yyyy</Param>
      </Param>
      <Param Name="SettledValidToEx">
        <Param Name="Label">Uzavření do</Param>
        <Param Name="DataType">DateTime</Param>
        <Param Name="Alignment">Right</Param>
        <Param Name="Width">90</Param>
        <Param Name="Format">d.M.yyyy</Param>
      </Param>
    </Param>
    <Param Name="PropagatedParams">
      <!-- kontext otvorenia egeMarketCharge -->
      <!-- NotSpecified - možnosť vybrať zo všetkých dostupných Marketov, alebo Id predvybraného Marketu -->
      <Param Name="MarketId" Value="NotSpecified" />
      <!-- kontext otvorenia egeMarketCharge -->
      <Param Name="IsMarketReadOnly" Value="False" />
    </Param>
    <Param Name="Export">
      <Param Name="Export do Excelu"></Param>
    </Param>
		<Param Name="DeleteButton">
			<Param Name="RightsAdapters">
				<Param Name="Enif.EDA.ETRM.Validators.MarketChargeDeleteValidator,EnifETRMCommon"/>
			</Param>
			<!-- <Param Name="EntityDelegates">
				<Param Name="Destroy_Complete"></Param>
			</Param> -->
    </Param>
  </Params>
  <DetailsButton IsVisible="True" Form="egeMarketCharge" UnionTransaction="True" Target="@Window" />
  <SelectButton Form="egeMarketCharge" UnionTransaction="True" Target="@Window"
									IsVisible="{IsVisible}&#x9;Exp;bool IsVisible=(RoleExp(&quot;ETRM_MDM_Market_Admin&quot;) || RoleExp(&quot;ETRM_MDM_Market_Settings&quot;))"/>
</Form>