﻿<?xml version="1.0" encoding="utf-8"?>
<Form Type="Grid" Caption="Seznam směrů obchodů na bodech" WindowCaption="Seznam směrů obchodů na bodech" EntityType="Enif.EDA.ETRM.Entities.Market_GP_DT_DDT,EnifETRMCommon" ProgId="Enif.EDA.ETRM.Gui.Behaviors.eggMarketGPDTDDTAssign,EnifETRMGui" IsReadOnly="True" Scale="1.5" ValidationLevel="0" CanDelete="None" SelectMode="Multi">
  <Params>
    <Param Name="ViewName">
      select ROWNUM as Id, OPT.MarketId, OPT.GridPointId, OPT.DealTypeId, OPT.DealDirectionTypeId, OPT.DEALTYPE, OPT.GRIDPOINT, OPT.IOTYPECAPTION, OPT.DEALDIRECTIONTYPE from
      (select M.Id as MarketId, GP.Id as GridPointId, DT.Id as DealTypeId, DDT.Id as DealDirectionTypeId, DT.ShortCaption as DEALTYPE, GP.Caption as GRIDPOINT, GRIO.ShortCaption as IOTYPECAPTION, DDT.ShortCaption as DEALDIRECTIONTYPE from
      EDA_MARKET M
      left outer join EDA_MARKET_DEALTYPE M_DT on M.ID = M_DT.MarketFK
      left outer join EDA_MARKET_GRIDPOINT M_GP on M.ID = M_GP.MarketFK, 
      EDA_GRIDPOINT GP
      left outer join EDA_GRIDPOINTIOTYPE GRIO on GP.IOTYPEFK=GRIO.ID,
      EDA_DEALTYPE DT,
      EDA_DEALDIRECTIONTYPE DDT
      where 
      DT.ID = M_DT.DealTypeFK 
      AND DT.Active = '1' 
      AND GP.ID = M_GP.GridPointFK
      AND M_GP.Active = '1'
      AND GP.Active = '1'
      AND DDT.Active = '1'
      AND M.Id = {MarketId}) OPT
      left outer join EDA_MARKET_GP_DT_DDT MGPDTDDT on (MGPDTDDT.MarketFK=OPT.MarketId and MGPDTDDT.GridPointFK=OPT.GridPointId and MGPDTDDT.DealTypeFK=OPT.DealTypeId and MGPDTDDT.DealDirectionTypeFK=OPT.DealDirectionTypeId)
      where MGPDTDDT.ID is null
      order by OPT.DEALTYPE, OPT.GRIDPOINT, OPT.IOTYPECAPTION, OPT.DEALDIRECTIONTYPE
    </Param>
    <Param Name="ViewType">Sql</Param>
    <Param Name="PrimaryKeyName">Id</Param>
    <Param Name="VariablesBinding">
      <Param Name="MarketId" Value="{MarketId}" />
    </Param>
    <Param Name="DynamicLoading">False</Param>
    <Param Name="Columns">
		  <Param Name="Id">
        <Param Name="Label">Id</Param>
        <Param Name="DataType">Int64</Param>
        <Param Name="Alignment">Right</Param>
        <Param Name="Width">80</Param>
      </Param>
      <Param Name="DEALTYPE">
        <Param Name="Label">Typ obchodu</Param>
        <Param Name="DataType">String</Param>
        <Param Name="Alignment">Left</Param>
        <Param Name="Width">120</Param>
      </Param>
      <Param Name="GRIDPOINT">
        <Param Name="Label">Bod</Param>
        <Param Name="DataType">String</Param>
        <Param Name="Alignment">Left</Param>
        <Param Name="Width">100</Param>
      </Param>
      <Param Name="IOTYPECAPTION">
        <Param Name="Label">Směr bodu</Param>
        <Param Name="DataType">String</Param>
        <Param Name="Alignment">Left</Param>
        <Param Name="Width">100</Param>
      </Param>
      <Param Name="DEALDIRECTIONTYPE">
        <Param Name="Label">Směr obchodu</Param>
        <Param Name="DataType">String</Param>
        <Param Name="Alignment">Left</Param>
        <Param Name="Width">150</Param>
      </Param>
    </Param>
    <Param Name="Buttons">
      <Param Name="btnAssign" Value="Přidat vybrané">
        <Param Name="Tooltip">Přidá vybrané kombinace směrů obchodů na bodech</Param>
      </Param>
    </Param>
    <Param Name="Export">
      <Param Name="Export do Excelu"></Param>
    </Param>
  </Params>
  <DetailsButton IsVisible="False" UnionTransaction="False" />
  <SelectButton IsVisible="False" UnionTransaction="False" />
</Form>