﻿<?xml version="1.0" encoding="utf-8"?>
<Form Type="Grid" Caption="Seznam nominací" WindowCaption="Seznam nominací" ProgId="Enif.EDA.ETRM.Gui.Behaviors.eggNominationItem,EnifETRMGui" EntityType="Enif.EDA.ETRM.Entities.NominationItem,EnifETRMCommon" Scale="1.5" ValidationLevel="0" IsReadOnly="false" CanDelete="None" SelectMode="Multi">
  <SelectButton IsVisible="False"/>
  <Params>
    <Param Name="ViewName">
      select
      ni.ID as ID,
      ni."DATE" as Datum,
      co.Caption as Operator,
      co.Id as OperatorFK,
      bz.Caption as BalanceZone,
      bz.Id as BalanceZoneFK,
      gr.Caption as GridETrade,
      gr.Id as GridETradeFK,
      nt.ShortCaption as NominationType,
      decode(gpiot.Key,'Entry',muigp.Caption,muogp.Caption) as MuGridPoint,
      decode(gpiot.Key,'Exit',coigp.Caption,coogp.Caption) as CoGridPoint,
      decode (decode(gpiot.Key,'Entry',muigpt.Key, muogpt.Key),'VTP',gpiot.ShortCaption_VTP,'BTS',gpiot.ShortCaption,'BGS',gpiot.ShortCaption_STRG,'-') as Direction,
      coco.Name as Coparty,
      decode(gpiot.Key,'Entry',musii.IdentifierValue,musio.IdentifierValue) as MuSubjectIdentifier,
      decode(gpiot.Key,'Exit',cosii.IdentifierValue,cosio.IdentifierValue) as CoSubjectIdentifier,
      ni.ETRMHourlyAvg as ETRMHourlyAvg,
      ni.ETRM as ETRM,
      ni.NOMINT as NOMINT,
      ni.NOMINTRES as NOMINTRES,
      ni.NOMRES as NOMRES,
      ni.NOMRESProve as NOMRESProve,
      case when ((ni.NomIntYellow=1) or (ni.NomIntResYellow=1) or (ni.NomResYellow=1) or (ni.NomResProveRed=1) or (ni.NomResProveYellow=1) or (ni.NomResProveGrey=1)) then 'Ano' else 'Ne' end as IsDifferent,
      decode(ni.AllGreen,1,'#00C800',null) as ETRM_Background,
      decode(ni.AllGreen,1,'#00C800',decode(ni.NomIntYellow,1,'#FFFF00',null)) as NomInt_Background,
      decode(ni.NomIntGreyText,1,'#777777',null) as NomInt_Foreground,
      decode(ni.AllGreen,1,'#00C800',decode(ni.NomIntResYellow,1,'#FFFF00',null)) as NomIntRes_Background,
      decode(ni.NomIntResGreyText,1,'#777777',null) as NomIntRes_Foreground,
      decode(ni.AllGreen,1,'#00C800',decode(ni.NomResYellow,1,'#FFFF00',null)) as NomRes_Background,
      decode(ni.NomResGreyText,1,'#777777',null) as NomRes_Foreground,
      decode(ni.AllGreen,1,'#00C800',decode(ni.NomResProveYellow,1,'#FFFF00',decode(ni.NomResProveGrey,1,'#BBBBBB',decode(ni.NomResProveRed,1,'#FF0000',null)))) as NomResProve_Background
      from eda_nominationitem ni
      left outer join eda_gridpointiotype gpiot on (gpiot.id=ni.IoTypeFK)
      left outer join eda_commagggas cag on (cag.id=ni.CommAggFK)
      left outer join eda_gridcommunication gm on (gm.id=cag.CommFK)
      left outer join eda_communication co on (co.id=gm.CommFK)
      left outer join eda_mu_gpgg_co_gpgg_spsp spsp on (spsp.id=cag.MU_GPGG_CO_GPGG_SPSP_FK)
      left outer join eda_mu_gpgg_co_gpgg gpgg on (gpgg.id=spsp.mu_gpgg_co_gpgg_fk)
      left outer join eda_gpggrid gpgr on (gpgr.id=gpgg.MUGPGGRIDFK)
      left outer join eda_gridetrade gr on (gr.id=gpgr.GRIDFK)
      left outer join eda_balancezone bz on (bz.id=gr.BALANCEZONEFK)
      left outer join eda_nominationtype nt on (nt.id=gpgg.NOMTYPEFK)
      left outer join eda_gridpoint muigp on (muigp.id=gpgg.MuGpEntryFK)
      left outer join eda_gridpoint muogp on (muogp.id=gpgg.MuGpExitFK)
      left outer join eda_gridpoint coigp on (coigp.id=gpgg.CoGpEntryFK)
      left outer join eda_gridpoint coogp on (coogp.id=gpgg.CoGpExitFK)
      left outer join eda_gridpointtype muigpt on (muigpt.id=muigp.GridPointTypeFK)
      left outer join eda_gridpointtype muogpt on (muogpt.id=muogp.GridPointTypeFK)
      left outer join eda_copartyetrade cop on (cop.id=gpgg.CopartyFK)
      left outer join eda_subject cosu on (cosu.id=cop.SubjectFK)
      left outer join eda_company coco on (coco.id=cosu.CompanyFK)
      left outer join eda_subjectidentifier musii on (musii.id=spsp.MuEntrySubjectIdentifierFK)
      left outer join eda_subjectidentifier musio on (musio.id=spsp.MuExitSubjectIdentifierFK)
      left outer join eda_subjectidentifier cosii on (cosii.id=spsp.CoEntrySubjectIdentifierFK)
      left outer join eda_subjectidentifier cosio on (cosio.id=spsp.CoExitSubjectIdentifierFK)
      where ((ETRM > 0) or (NOMINT is not null) or (NOMINTRES is not null) or (NOMRES is not null) or (NOMRESProve is not null))
      order by ni."DATE" ASC, ETRM DESC
    </Param>
    <Param Name="DynamicLoading">False</Param>
    <Param Name="ViewType">Sql</Param>
    <Param Name="PrimaryKeyName">Id</Param>
    <Param Name="FilterForm">egdNominationItemFilter</Param>
    <Param Name="WhereCondition"></Param>
    <Param Name="Columns">
      <Param Name="Id" Value="Label=ID;DataType=Decimal;Width=60">
        <Param Name="IsVisible">True</Param>
        <Param Name="DataType">Int64</Param>
        <Param Name="Alignment">Center</Param>
        <Param Name="Label">ID</Param>
        <Param Name="Width">70</Param>
      </Param>
      <Param Name="Datum">
        <Param Name="Label">Den</Param>
        <Param Name="DataType">DateTime</Param>
        <Param Name="Alignment">Left</Param>
        <Param Name="Width">80</Param>
        <Param Name="Format">d.M.yyyy</Param>
        <Param Name="CalculateDistinctValues">True</Param>
      </Param>
      <Param Name="Operator">
        <Param Name="Label">Operátor</Param>
        <Param Name="DataType">String</Param>
        <Param Name="Alignment">Left</Param>
        <Param Name="Width">*</Param>
        <Param Name="MinWidth">150</Param>
        <Param Name="CalculateDistinctValues">true</Param>
      </Param>
      <Param Name="BalanceZone">
        <Param Name="Label">Bilanční zóna</Param>
        <Param Name="DataType">String</Param>
        <Param Name="Alignment">Left</Param>
        <Param Name="Width">120</Param>
        <Param Name="CalculateDistinctValues">true</Param>
      </Param>
      <Param Name="GridETrade">
        <Param Name="Label">Síť</Param>
        <Param Name="DataType">String</Param>
        <Param Name="Alignment">Left</Param>
        <Param Name="Width">120</Param>
        <Param Name="CalculateDistinctValues">true</Param>
      </Param>
      <Param Name="NominationType">
        <Param Name="Label">Typ nominace</Param>
        <Param Name="DataType">String</Param>
        <Param Name="Alignment">Left</Param>
        <Param Name="Width">150</Param>
        <Param Name="CalculateDistinctValues">true</Param>
      </Param>
      <Param Name="MuGridPoint">
        <Param Name="Label">Bod</Param>
        <Param Name="DataType">String</Param>
        <Param Name="Alignment">Left</Param>
        <Param Name="Width">120</Param>
        <Param Name="CalculateDistinctValues">true</Param>
      </Param>
      <Param Name="CoGridPoint">
        <Param Name="Label">ProtiBod</Param>
        <Param Name="DataType">String</Param>
        <Param Name="Alignment">Left</Param>
        <Param Name="Width">120</Param>
        <Param Name="CalculateDistinctValues">true</Param>
      </Param>
      <Param Name="Direction">
        <Param Name="Label">Směr</Param>
        <Param Name="DataType">String</Param>
        <Param Name="Alignment">Left</Param>
        <Param Name="Width">150</Param>
        <Param Name="CalculateDistinctValues">true</Param>
      </Param>
      <Param Name="Coparty">
        <Param Name="Label">Protistrana</Param>
        <Param Name="DataType">String</Param>
        <Param Name="Alignment">Left</Param>
        <Param Name="Width">150</Param>
        <Param Name="CalculateDistinctValues">true</Param>
      </Param>
      <Param Name="MuSubjectIdentifier">
        <Param Name="Label">Kód OJ</Param>
        <Param Name="DataType">String</Param>
        <Param Name="Alignment">Left</Param>
        <Param Name="Width">130</Param>
        <Param Name="CalculateDistinctValues">true</Param>
      </Param>
      <Param Name="CoSubjectIdentifier">
        <Param Name="Label">Kód protistrany</Param>
        <Param Name="DataType">String</Param>
        <Param Name="Alignment">Left</Param>
        <Param Name="Width">130</Param>
        <Param Name="CalculateDistinctValues">true</Param>
      </Param>
      <Param Name="ETRMHourlyAvg">
        <Param Name="Label">Hodinový výkon</Param>
        <Param Name="DataType">Decimal</Param>
        <Param Name="Alignment">Right</Param>
        <Param Name="Format">#,##0.000</Param>
        <Param Name="Width">120</Param>
      </Param>
      <!-- Baground, Foreground property nefunguji dobre pro prazdne hodnoty, zrejmne chyba v core => Pozor !!! nahrazeno v Behavior Bindingem -->
      <Param Name="ETRM">
        <Param Name="Label">Denní energie</Param>
        <Param Name="DataType">Decimal</Param>
        <Param Name="Alignment">Right</Param>
        <Param Name="Format">#,##0.000</Param>
        <Param Name="Width">120</Param>
        <Param Name="Background">ETRM_BACKGROUND</Param>
      </Param>
      <Param Name="NOMINT">
        <Param Name="Label">Odesláno</Param>
        <Param Name="DataType">Decimal</Param>
        <Param Name="Alignment">Right</Param>
        <Param Name="Format">#,##0.000</Param>
        <Param Name="Width">120</Param>
        <Param Name="Background">NOMINT_BACKGROUND</Param>
        <Param Name="Foreground">NOMINT_FOREGROUND</Param>
      </Param>
      <Param Name="NOMINTRES">
        <Param Name="Label">Přijato</Param>
        <Param Name="DataType">Decimal</Param>
        <Param Name="Alignment">Right</Param>
        <Param Name="Format">#,##0.000</Param>
        <Param Name="Width">120</Param>
        <Param Name="Background">NOMINTRES_BACKGROUND</Param>
        <Param Name="Foreground">NOMINTRES_FOREGROUND</Param>
      </Param>
      <Param Name="NOMRES">
        <Param Name="Label">Protistrana</Param>
        <Param Name="DataType">Decimal</Param>
        <Param Name="Alignment">Right</Param>
        <Param Name="Format">#,##0.000</Param>
        <Param Name="Width">120</Param>
        <Param Name="Background">NOMRES_BACKGROUND</Param>
        <Param Name="Foreground">NOMRES_FOREGROUND</Param>
      </Param>
      <Param Name="NOMRESProve">
        <Param Name="Label">Potvrzeno operátorem</Param>
        <Param Name="DataType">Decimal</Param>
        <Param Name="Alignment">Right</Param>
        <Param Name="Format">#,##0.000</Param>
        <Param Name="Width">160</Param>
        <Param Name="Background">NOMRESPROVE_BACKGROUND</Param>
      </Param>
      <!-- Colors columns - Pozor, musi byt velka pismena => Pozor !!! nahrazeno v Behavior Bindingem -->
      <Param Name="ETRM_BACKGROUND">
        <Param Name="Width">0</Param>
        <Param Name="MinWidth">0</Param>
      </Param>
      <Param Name="NOMINT_BACKGROUND">
        <Param Name="Width">0</Param>
        <Param Name="MinWidth">0</Param>
      </Param>
      <Param Name="NOMINT_FOREGROUND">
        <Param Name="Width">0</Param>
        <Param Name="MinWidth">0</Param>
      </Param>
      <Param Name="NOMINTRES_BACKGROUND">
        <Param Name="Width">0</Param>
        <Param Name="MinWidth">0</Param>
      </Param>
      <Param Name="NOMINTRES_FOREGROUND">
        <Param Name="Width">0</Param>
        <Param Name="MinWidth">0</Param>
      </Param>
      <Param Name="NOMRES_BACKGROUND">
        <Param Name="Width">0</Param>
        <Param Name="MinWidth">0</Param>
      </Param>
      <Param Name="NOMRES_FOREGROUND">
        <Param Name="Width">0</Param>
        <Param Name="MinWidth">0</Param>
      </Param>
      <Param Name="NOMRESPROVE_BACKGROUND">
        <Param Name="Width">0</Param>
        <Param Name="MinWidth">0</Param>
      </Param>
    </Param>
    <Param Name="Buttons">
      <Param Name="btnSend" Value="Odeslat">
        <Param Name="Tooltip" Value="Odešle nominace operátorovi"/>
        <Param Name="IsVisible" Value="{IsVisible}&#x9;Exp;bool IsVisible=RoleExp(&quot;ETRM_Nomination_Settings&quot;)"/>
      </Param>
      <Param Name="btnRefresh" Value="Přepočítat nominace">
        <Param Name="Tooltip" Value="Provede se generování nominačních itemů pro následujících x dnů včetně aktuálního."/>
        <Param Name="IsVisible" Value="{IsVisible}&#x9;Exp;bool IsVisible=RoleExp(&quot;ETRM_Nomination_Settings&quot;)"/>
      </Param>
    </Param>
    <Param Name="Export">
      <Param Name="Export do Excelu"></Param>
    </Param>
  </Params>
  <DetailsButton IsVisible="True" Form="egeNominationItem" UnionTransaction="True" Target="@Window" />
  <SelectButton IsVisible="True" Form="egeNominationItem" UnionTransaction="True" Target="@Window" />
</Form>