﻿<?xml version="1.0" encoding="utf-8"?>
<Form Type="Grid" Caption="Seznam portfolií" WindowCaption="Seznam portfolií" ProgId="EGCore.EGBaseBehavior,EGCore" EntityType="Enif.EDA.ETRM.Entities.Portfolio,EnifETRMCommon" IsReadOnly="{IsReadOnly}&#x9;Exp;bool IsReadOnly=!RoleExp(&quot;Admin or ETRM_MDM_PortfolioBook_Settings&quot;)" Scale="100%" ValidationLevel="0" CanDelete="Multi" SelectMode="Multi">
  <Params>
    <Param Name="ViewName">
      select
      por.Id,
      por.Active,
      com.Name as CompanyName,
      por.Caption,
      por.ShortCaption,
      bz.Caption as BalanceZone,
      por.CUMULATIVEPOSITION
      from EDA_Portfolio por
      left outer join EDA_MarketUnit mu on (por.MarketUnitFK = mu.Id)
      left outer join EDA_Subject su on (mu.SubjectFK = su.Id)
      left outer join EDA_Company com on (su.CompanyFK = com.Id)
      left outer join EDA_BalanceZone bz on (bz.Id = por.BalanceZoneFK)
      order by com.Name, por.Caption
    </Param>
    <Param Name="DynamicLoading">False</Param>
    <Param Name="ViewType">Sql</Param>
    <Param Name="PrimaryKeyName">Id</Param>
    <Param Name="WhereCondition"></Param>
    <Param Name="Columns">
      <Param Name="Active">
        <Param Name="Label">Akt.</Param>
        <Param Name="DataType">Boolean</Param>
        <Param Name="Alignment">Center</Param>
        <Param Name="Width">40</Param>
      </Param>
      <Param Name="Id" Value="Label=ID;DataType=Decimal;Width=60">
        <Param Name="IsVisible">True</Param>
        <Param Name="DataType">Int64</Param>
        <Param Name="Alignment">Right</Param>
        <Param Name="Label">ID</Param>
        <Param Name="Width">60</Param>
      </Param>
      <Param Name="CompanyName" Value="Label=Obchodní jednotka;DataType=String;Width=150">
        <Param Name="Label">Obchodní jednotka</Param>
        <Param Name="DataType">String</Param>
        <Param Name="Alignment">Left</Param>
        <Param Name="Width">200</Param>
        <Param Name="CalculateDistinctValues">True</Param>
      </Param>
      <Param Name="Caption" Value="Label=Název;DataType=String;Width=150">
        <Param Name="DataType">String</Param>
        <Param Name="Alignment">Left</Param>
        <Param Name="Label">Název</Param>
        <Param Name="Width">200</Param>
      </Param>
      <Param Name="ShortCaption">
        <Param Name="Label">Zkratka</Param>
        <Param Name="DataType">String</Param>
        <Param Name="Alignment">Left</Param>
        <Param Name="Width">80</Param>
      </Param>
      <Param Name="BalanceZone">
        <Param Name="DataType">String</Param>
        <Param Name="Alignment">Left</Param>
        <Param Name="Label">Výchozí BZ</Param>
        <Param Name="Width">150</Param>
        <Param Name="CalculateDistinctValues">True</Param>
      </Param>
      <Param Name="CumulativePosition">
        <Param Name="DataType">Boolean</Param>
        <Param Name="Alignment">Center</Param>
        <Param Name="Label">Kum. pozice</Param>
        <Param Name="Width">150</Param>
        <Param Name="CalculateDistinctValues">True</Param>
      </Param>
    </Param>
    <Param Name="AskOnDelete">Opravdu odstranit?</Param>
    <Param Name="DeleteButton">
      <Param Name="RightsAdapters">
          <Param Name="Enif.EDA.ETRM.Validators.PortfolioDeleteValidator,EnifETRMCommon"/>
      </Param>
      <Param Name="EntityDelegates">
        <Param Name="Destroy_Base"></Param>
      </Param>
    </Param>
    <Param Name="Export">
      <Param Name="Export do Excelu"></Param>
    </Param>
  </Params>
  <DetailsButton IsVisible="True" Form="egePortfolio" UnionTransaction="True" Target="@Window" />
  <SelectButton IsVisible="True" Form="egePortfolio" UnionTransaction="True" Target="@Window" />
</Form>