﻿<?xml version="1.0" encoding="utf-8"?>
<Form Type="Grid" Caption="Produkty obchodů" WindowCaption="Produkty obchodů" ProgId="EGCore.EGBaseBehavior,EGCore" EntityType="Enif.EDA.ETRM.Entities.ProductETrade,EnifETRMCommon" Scale="100%" CanDelete="None">
  <Params>
    <Param Name="ViewName">
      select
      pet.Id as Id,
      pet.Active as Active,
      pet.Name as Caption,
      pet.ValidFrom as ValidFrom,
      (pet.ValidToEx - 1) as ValidToEx,
      pet.IsPaymentType as IsPaymentType,
      encal.ShortCaption as CaptionEnCal,
      cetr.ShortCaption as CaptionCommodity,
      prodper.ShortCaption as CaptionProdPer,
      enper.ShortCaption as CaptionEnPeriod,
      priceper.ShortCaption as CaptionPricePeriod,
      COALESCE(pds1.CountPDS + pds2.CountPDS, 0) CountPDS,
      COALESCE(mp.CountMP, 0) CountMP,
      COALESCE(cpy.CountCPY, 0) CountCPY,
      COALESCE(dp.CountDP, 0) CountDP

      from
      (select Id, Active, ValidFrom, ValidToEx, Name, IsPaymentType, CalendarFK, EnergyPeriodFK, CommodityFK, ProductTypeFK, ProductPeriodFK, PricePeriodFK, ParentProductFK
      from EDA_ProductETrade
      where ParentProductFK IS NOT NULL) pet

      left outer join
      (select Id, ShortCaption from EDA_CalendarETrade) encal
      on
      pet.CalendarFK = encal.Id

      left outer join
      (select Id, ShortCaption from EDA_SampleETrade) prodper
      on
      pet.ProductPeriodFK = prodper.Id

      left outer join
      (select Id, ShortCaption from EDA_SampleETrade) enper
      on
      pet.EnergyPeriodFK = enper.Id

      left outer join
      (select Id, ShortCaption from EDA_SampleETrade) priceper
      on
      pet.PricePeriodFK = priceper.Id

      left outer join
      (select Id, ShortCaption from EDA_CommodityETrade) cetr
      on
      pet.CommodityFK = cetr.Id

      left outer join
      (select count(Id) as CountPDS, ProductFK from EDA_Product_PriceDealState group by ProductFK) pds1
      on
      pet.Id = pds1.ProductFK
      
      left outer join
      (select count(Id) as CountPDS, ProductFK from EDA_Product_VolDealState group by ProductFK) pds2
      on
      pet.Id = pds2.ProductFK

      left outer join
      (select count(Id) as CountMP, ProductFK from EDA_MarketProduct group by ProductFK) mp
      on
      pet.Id = mp.ProductFK

      left outer join
      (select count(Id) as CountCPY, ParentProductFK from EDA_ProductETrade group by ParentProductFK) cpy
      on
      pet.Id = cpy.ParentProductFK

      left outer join
      (select count(Id) as CountDP, ProductFK from EDA_Deal group by ProductFK) dp
      on
      pet.Id = dp.ProductFK</Param>
    <Param Name="DynamicLoading">False</Param>
    <Param Name="ViewType">Sql</Param>
    <Param Name="PrimaryKeyName">ID</Param>
    <Param Name="WhereCondition" />
    <Param Name="Order">Caption</Param>
    <Param Name="Columns">
      <Param Name="Active">
        <Param Name="Label">Akt.</Param>
        <Param Name="DataType">Boolean</Param>
        <Param Name="Alignment">Center</Param>
        <Param Name="Width">40</Param>
      </Param>
      <Param Name="Id">
        <Param Name="Label">ID</Param>
        <Param Name="DataType">Int64</Param>
        <Param Name="Alignment">Right</Param>
        <Param Name="Width">80</Param>
      </Param>
      <Param Name="Caption" Value="Label=Název;DataType=String">
        <Param Name="Label">Název</Param>
        <Param Name="DataType">String</Param>
        <Param Name="Alignment">Left</Param>
        <Param Name="Width">200</Param>
        <Param Name="MinWidth">150</Param>
      </Param>
      <Param Name="ValidFrom">
        <Param Name="Label">Od</Param>
        <Param Name="DataType">DateTime</Param>
        <Param Name="Alignment">Right</Param>
        <Param Name="Width">80</Param>
        <Param Name="Format">d.M.yyyy</Param>
      </Param>
      <Param Name="ValidToEx">
        <Param Name="Label">Do</Param>
        <Param Name="DataType">DateTime</Param>
        <Param Name="Alignment">Right</Param>
        <Param Name="Width">80</Param>
        <Param Name="Format">d.M.yyyy</Param>
      </Param>
      <Param Name="CaptionCommodity">
        <Param Name="Label">Komodita</Param>
        <Param Name="DataType">String</Param>
        <Param Name="Alignment">Left</Param>
        <Param Name="Width">100</Param>
        <Param Name="CalculateDistinctValues">True</Param>
      </Param>
      <Param Name="CaptionEnCal" Value="Label=Kalendář;DataType=String">
        <Param Name="Label">Kalendář</Param>
        <Param Name="DataType">String</Param>
        <Param Name="Alignment">Left</Param>
        <Param Name="Width">100</Param>
        <Param Name="CalculateDistinctValues">True</Param>
      </Param>
      <Param Name="CaptionProdPer">
        <Param Name="Label">Per. prod.</Param>
        <Param Name="DataType">String</Param>
        <Param Name="Alignment">Left</Param>
        <Param Name="Width">100</Param>
        <Param Name="CalculateDistinctValues">True</Param>
      </Param>
      <Param Name="CaptionEnPeriod" Value="Label=Perioda;DataType=String">
        <Param Name="Label">Per. energ.</Param>
        <Param Name="DataType">String</Param>
        <Param Name="Alignment">Left</Param>
        <Param Name="Width">100</Param>
        <Param Name="CalculateDistinctValues">True</Param>
      </Param>
      <Param Name="CaptionPricePeriod">
        <Param Name="Label">Per. ceny/platby</Param>
        <Param Name="DataType">String</Param>
        <Param Name="Alignment">Left</Param>
        <Param Name="Width">150</Param>
        <Param Name="CalculateDistinctValues">True</Param>
      </Param>
      <Param Name="IsPaymentType">
        <Param Name="Label">Zad. platb.</Param>
        <Param Name="DataType">Boolean</Param>
        <Param Name="Alignment">Center</Param>
        <Param Name="Width">80</Param>
      </Param>
      <Param Name="CountPDS">
        <Param Name="Label">Stavy</Param>
        <Param Name="DataType">Int16</Param>
        <Param Name="Alignment">Right</Param>
        <Param Name="Width">50</Param>
      </Param>
      <Param Name="CountDP">
        <Param Name="Label">Obch.</Param>
        <Param Name="DataType">Int32</Param>
        <Param Name="Alignment">Right</Param>
        <Param Name="Width">50</Param>
      </Param>
    </Param>
    <Param Name="Export">
      <Param Name="Export do Excelu" />
    </Param>
  </Params>
  <DetailsButton IsVisible="True" Form="egeProductETrade_Deal" UnionTransaction="True" Target="@Window" />
  <SelectButton IsVisible="False" Form="egeProductETrade_Deal" UnionTransaction="True" Target="@Window" />
</Form>