﻿<?xml version="1.0" encoding="utf-8"?>
<Form Type="Grid" Caption="Diagramy" WindowCaption="Diagramy" ProgId="EGCore.EGBaseBehavior,EGCore" EntityType="Enif.EDA.ETRM.Entities.ReportXLSTemplateDiag,EnifETRMCommon" IsReadOnly="False" Scale="2.5" ValidationLevel="0" CanDelete="None" SelectMode="Multi">
<DetailsButton IsVisible="False" ToolTip="Editovat" Form="egeReportXLSTemplateDiag" UnionTransaction="False" />
  <SelectButton IsVisible="False" ToolTip="Nové OPM" Form="egeReportXLSTemplateDiag" UnionTransaction="False" />
  <Params>
    <Param Name="ViewName">
        SELECT R.NAME AS NAME,
        R.DateFrom AS FROM,
        R.DateTo AS TO,
        R.DateToIsEx AS ISTOEX
        FROM EDA_ReportXLSTemplateDiag R
    </Param>
    <Param Name="PrimaryKeyName">ID</Param>
    <Param Name="WhereCondition"></Param>
    <Param Name="Order">ID Descending</Param>
    <Param Name="DynamicLoading">False</Param>
    <Param Name="AskOnDelete">Opravdu smazat?</Param>
    <Param Name="RefreshColumns">True</Param>
    <Param Name="DeleteButton">
      <Param Name="EntityDelegates">
        <Param Name="Destroy_Complete" />
      </Param>
    </Param>
    <Param Name="Columns">
      <Param Name="NAME">
        <Param Name="Label">Jméno</Param>
        <Param Name="DataType">String</Param>
        <Param Name="Width">200</Param>
      </Param>
      <Param Name="FROM">
        <Param Name="Label">Datum od</Param>
        <Param Name="DataType">DateTime</Param>
        <Param Name="Format">d</Param>
        <Param Name="Width">150</Param>
      </Param>
      <Param Name="TO">
        <Param Name="Label">Datum do</Param>
        <Param Name="DataType">DateTime</Param>
        <Param Name="Format">d</Param>
        <Param Name="Width">150</Param>
      </Param>
      <Param Name="ISTOEX">
        <Param Name="Label">Do excel</Param>
        <Param Name="Width">100</Param>
        <Param Name="DataType">Boolean</Param>
        <Param Name="Alignment">Center</Param>
      </Param>
    </Param>
  </Params> 
</Form>