﻿<?xml version="1.0" encoding="utf-8"?>
<Form Type="Grid" Caption="Seznam šablon" WindowCaption="Seznam šablon" ProgId="EGCore.EGBaseBehavior,EGCore" EntityType="Enif.EDA.ETRM.Entities.ReportXLSTemplate,EnifETRMCommon" IsReadOnly="False" Scale="2.5" ValidationLevel="0" CanDelete="Multi" SelectMode="Multi">
  <Params>
    <Param Name="ViewName">
select R.Id as Id,
R.Name as Name,
R.Active as Active
from ReportXLSTemplate R
</Param>
    <Param Name="DynamicLoading">False</Param>
    <Param Name="ViewType">HQL</Param>
    <Param Name="PrimaryKeyName">Id</Param>
    <Param Name="AskOnDelete">Opravdu odstranit vybrané šablony?</Param>
    <Param Name="DeleteButton">
      <Param Name="EntityDelegates">
        <Param Name="Destroy_Base"/>
      </Param>
    </Param>
    <Param Name="Columns">
      <Param Name="Name">
        <Param Name="DataType">String</Param>
        <Param Name="Alignment">Left</Param>
        <Param Name="Label">Název</Param>
        <Param Name="Width">500</Param>
      </Param>
      <Param Name="Active">
        <Param Name="Label">Akt.</Param>
        <Param Name="Width">100</Param>
        <Param Name="DataType">Boolean</Param>
        <Param Name="Alignment">Center</Param>
      </Param>
    </Param>
  </Params>
  <DetailsButton IsVisible="True" Form="egeReportXLSTemplate" UnionTransaction="True" Target="@Window" />
  <SelectButton IsVisible="True" Form="egeReportXLSTemplate" UnionTransaction="True" Target="@Window" />
</Form>