﻿<?xml version="1.0" encoding="utf-8"?>
<Form Type="Grid" Caption="Dotazy" WindowCaption="Dotazy" ProgId="EGCore.EGBaseBehavior,EGCore" EntityType="Enif.EDA.ETRM.Entities.ReportXLSTemplateQuery,EnifETRMCommon" IsReadOnly="False" Scale="2.5" ValidationLevel="0" CanDelete="None" SelectMode="Multi">
<DetailsButton IsVisible="False" ToolTip="Editovat" Form="egeReportXLSTemplateQuery" UnionTransaction="False" />
  <SelectButton IsVisible="False" ToolTip="Nové OPM" Form="egeReportXLSTemplateQuery" UnionTransaction="False" />
  <Params>
    <Param Name="ViewName">
        SELECT R.NAME AS NAME,
        R.QUERY AS QUERY
        FROM EDA_ReportXLSTemplateQuery R
    </Param>
    <Param Name="PrimaryKeyName">ID</Param>
    <Param Name="WhereCondition"></Param>
    <Param Name="Order">ID Descending</Param>
    <Param Name="DynamicLoading">False</Param>
    <Param Name="AskOnDelete">Opravdu smazat?</Param>
    <Param Name="RefreshColumns">True</Param>
    <Param Name="DeleteButton">
      <Param Name="EntityDelegates">
        <Param Name="Destroy_Complete" />
      </Param>
    </Param>
    <Param Name="Columns">
      <Param Name="NAME">
        <Param Name="Label">Jméno</Param>
        <Param Name="DataType">String</Param>
        <Param Name="Width">200</Param>
      </Param>
      <Param Name="QUERY">
        <Param Name="Label">Dotaz</Param>
        <Param Name="DataType">String</Param>
        <Param Name="Width">350</Param>
      </Param>
    </Param>
  </Params>
</Form>