﻿<?xml version="1.0" encoding="utf-8"?>
<Form Type="Grid" Caption="Parametry" WindowCaption="Parametry" ProgId="EGCore.EGBaseBehavior,EGCore" EntityType="Enif.EDA.ETRM.Entities.ReportXLSTemplateParam,EnifETRMCommon" IsReadOnly="False" Scale="2.5" ValidationLevel="0" CanDelete="None" SelectMode="Multi">
<DetailsButton IsVisible="False" ToolTip="Editovat" Form="egeReportXLSTemplateParam" UnionTransaction="False" />
  <SelectButton IsVisible="False" ToolTip="Nové OPM" Form="egeReportXLSTemplateParam" UnionTransaction="False" />
  <Params>
    <Param Name="ViewName">
        SELECT R.NAME AS NAME,
        T.CAPTION AS TYPE,
        R.INITIALVALUE AS INITIALVALUE
        FROM EDA_ReportXLSTemplateParam R
        INNER JOIN EDA_REPORTXLSPARAMTYPE T
        ON R.REPORTXLSPARAMTYPEFK = T.ID
    </Param>
    <Param Name="PrimaryKeyName">ID</Param>
    <Param Name="WhereCondition"></Param>
    <Param Name="Order">ID Descending</Param>
    <Param Name="DynamicLoading">False</Param>
    <Param Name="AskOnDelete">Opravdu smazat?</Param>
    <Param Name="RefreshColumns">True</Param>
    <Param Name="DeleteButton">
      <Param Name="EntityDelegates">
        <Param Name="Destroy_Complete" />
      </Param>
    </Param>
    <Param Name="Columns">
      <Param Name="NAME">
        <Param Name="Label">Jméno</Param>
        <Param Name="DataType">String</Param>
        <Param Name="Width">200</Param>
      </Param>
      <Param Name="TYPE">
        <Param Name="Label">Typ parametru</Param>
        <Param Name="DataType">String</Param>
        <Param Name="Width">180</Param>
      </Param>
      <Param Name="INITIALVALUE">
        <Param Name="Label">Výchozí hodnota</Param>
        <Param Name="DataType">String</Param>
        <Param Name="Width">80</Param>
      </Param>
    </Param>
  </Params>
</Form>