﻿<?xml version="1.0" encoding="utf-8"?>
<Form Type="Grid" Caption="Seznam knih" WindowCaption="Seznam knih" ProgId="EGCore.EGBaseBehavior,EGCore" EntityType="Enif.EDA.ETRM.Entities.Book,EnifETRMCommon" IsReadOnly="False" Scale="2.5" ValidationLevel="0" CanDelete="None" SelectMode="Multi">
  <Params>
    <Param Name="ViewName">select 
books.Id as Id, books.Active as Active, books.Caption as Caption, books.FullPath as FullPath, 
COALESCE(deals.NumberOfDeals,0) as NumberOfDeals,
port.Caption as PortfolioCaption,
comp.Name as CompanyName,
buyacc.Caption as BuyAccount,
saleacc.Caption as SaleAccount,
pbook.Caption as ParentBook,
COALESCE(coms.NumberOfComm,0) as NumberOfComm

from
(select Id, Caption, Active, FullPath, ParentBookFK, PortfolioFK, BuyAccountFK, SaleAccountFK from EDA_Book) books

left outer join
(select BookFK, count(Id) as NumberOfDeals from EDA_Deal group by BookFK) deals
on 
books.Id = deals.BookFK

left outer join
(select Id, Caption from EDA_Book) pbook
on 
books.ParentBookFK = pbook.Id

left outer join
(select Id, caption, MarketUnitFK from EDA_Portfolio) port
on 
books.PortfolioFK = port.Id

left outer join
(select Id, SubjectFK from EDA_MarketUnit) mu
on 
port.MarketUnitFK = mu.Id

left outer join
(select Id, CompanyFK from EDA_Subject) su
on 
mu.SubjectFK = su.Id

left outer join
(select Id, Name from EDA_Company) comp
on 
su.CompanyFK = comp.Id

left outer join
(select Id, Caption from EDA_AccountETrade) buyacc
on 
books.BuyAccountFK = buyacc.Id

left outer join
(select Id, Caption from EDA_AccountETrade) saleacc
on 
books.SaleAccountFK = saleacc.Id

left outer join
(select BookFK, count(Id) as NumberOfComm from EDA_BookCommodity group by BookFK) coms
on 
books.Id = coms.BookFK
</Param>
    <Param Name="DynamicLoading">False</Param>
    <Param Name="ViewType">Sql</Param>
    <Param Name="PrimaryKeyName">Id</Param>
    <Param Name="WhereCondition" />
    <Param Name="Columns">
      <Param Name="Active">
        <Param Name="Label">Akt.</Param>
        <Param Name="Width">40</Param>
        <Param Name="DataType">Boolean</Param>
        <Param Name="Alignment">Center</Param>
      </Param>
      <Param Name="Id" Value="Label=ID;DataType=Decimal;Width=60">
        <Param Name="IsVisible">True</Param>
        <Param Name="Label">ID</Param>
        <Param Name="DataType">Int64</Param>
        <Param Name="Alignment">Center</Param>
        <Param Name="Width">70</Param>
      </Param>
      <Param Name="Caption" Value="Label=Název;DataType=String;Width=150">
        <Param Name="DataType">String</Param>
        <Param Name="Alignment">Left</Param>
        <Param Name="Label">Název</Param>
        <Param Name="Width">1*</Param>
        <Param Name="MinWidth">150</Param>
      </Param>
      <Param Name="FullPath" Value="Label=Cesta;DataType=String;Width=250">
        <Param Name="DataType">String</Param>
        <Param Name="Alignment">Left</Param>
        <Param Name="Label">Cesta</Param>
        <Param Name="Width">1*</Param>
        <Param Name="MinWidth">150</Param>
      </Param>
      <Param Name="CompanyName" Value="Label=Obchodní jednotka;DataType=String;Width=150">
        <Param Name="DataType">String</Param>
        <Param Name="Alignment">Left</Param>
        <Param Name="Label">Obchodní jednotka</Param>
        <Param Name="Width">120</Param>
        <Param Name="CalculateDistinctValues">True</Param>
      </Param>
      <Param Name="BuyAccount">
        <Param Name="Label">Nák. účet</Param>
        <Param Name="DataType">String</Param>
        <Param Name="Alignment">Left</Param>
        <Param Name="Width">120</Param>
        <Param Name="CalculateDistinctValues">True</Param>
      </Param>
      <Param Name="SaleAccount">
        <Param Name="DataType">String</Param>
        <Param Name="Alignment">Left</Param>
        <Param Name="Label">Prod. účet</Param>
        <Param Name="Width">120</Param>
        <Param Name="CalculateDistinctValues">True</Param>
      </Param>
      <Param Name="ParentBook">
        <Param Name="Label">Nadř. kniha</Param>
        <Param Name="Width">150</Param>
        <Param Name="DataType">String</Param>
        <Param Name="Alignment">Left</Param>
        <Param Name="CalculateDistinctValues">True</Param>
      </Param>
      <Param Name="PortfolioCaption">
        <Param Name="Label">Portfolio</Param>
        <Param Name="DataType">String</Param>
        <Param Name="Alignment">Left</Param>
        <Param Name="Width">120</Param>
        <Param Name="CalculateDistinctValues">True</Param>
      </Param>
      <Param Name="NumberOfComm">
        <Param Name="Label">Kom.</Param>
        <Param Name="DataType">Int16</Param>
        <Param Name="Alignment">Right</Param>
        <Param Name="Width">50</Param>
      </Param>
      <Param Name="NumberOfDeals" Value="Label=Počet obchodů;DataType=Decimal;Width=100">
        <Param Name="DataType">Int32</Param>
        <Param Name="Alignment">Right</Param>
        <Param Name="Label">Obch.</Param>
        <Param Name="Width">50</Param>
        <Param Name="Format" />
      </Param>
    </Param>
	<!--
    <Param Name="DeleteButton">
      <Param Name="EntityDelegates">
        <Param Name="Destroy_Base"></Param>
      </Param>
    </Param>
	-->
	<Param Name="DeleteButton">False</Param>
    <Param Name="Export">
      <Param Name="Export do Excelu"></Param>
    </Param>
  </Params>
  <DetailsButton IsVisible="True" Form="egeBook" UnionTransaction="True" Target="@Window" />
  <SelectButton IsVisible="True" Form="egeBook" UnionTransaction="True" Target="@Window" />
</Form>