﻿<?xml version="1.0" encoding="utf-8"?>
<Form Type="Grid" Caption="Seznam reportů" WindowCaption="Seznam reportů" ProgId="EGCore.EGBaseBehavior,EGCore" EntityType="Enif.EDA.ETRM.Entities.ReportXLS,EnifETRMCommon" IsReadOnly="False" Scale="2.5" ValidationLevel="0" CanDelete="Multi" SelectMode="Multi">
  <Params>
    <Param Name="ViewName">select 
R.Id as Id,
R.Name as Name,
T.Name as Template,
S.Caption as State,
R.ChangedAt as ChangeAt
from ReportXLS R
inner join R.ReportXLSTemplate as T
inner join R.ReportXLSState as S
    </Param>
    <Param Name="DynamicLoading">False</Param>
    <Param Name="ViewType">HQL</Param>
    <Param Name="PrimaryKeyName">Id</Param>
    <Param Name="AskOnDelete">Opravdu odstranit vybrané reporty?</Param>
    <Param Name="DeleteButton">
      <Param Name="EntityDelegates">
        <Param Name="Destroy_Base"/>
      </Param>
    </Param>
    <Param Name="Columns">
      <Param Name="Name">
        <Param Name="DataType">String</Param>
        <Param Name="Alignment">Left</Param>
        <Param Name="Label">Název</Param>
        <Param Name="Width">300</Param>
      </Param>
      <Param Name="Template">
        <Param Name="DataType">String</Param>
        <Param Name="Alignment">Left</Param>
        <Param Name="Label">Šablona</Param>
        <Param Name="Width">200</Param>
      </Param>
      <Param Name="State">
        <Param Name="DataType">String</Param>
        <Param Name="Alignment">Left</Param>
        <Param Name="Label">Stav</Param>
        <Param Name="Width">150</Param>
      </Param>
      <Param Name="ChangeAt">
        <Param Name="DataType">DateTime</Param>
        <Param Name="Format">d</Param>
        <Param Name="Alignment">Left</Param>
        <Param Name="Label">Čas změny</Param>
        <Param Name="Width">150</Param>
      </Param>
      <!--<Param Name="ChangeBy">
        <Param Name="DataType">String</Param>
        <Param Name="Alignment">Left</Param>
        <Param Name="Label">Změnu provedl</Param>
        <Param Name="Width">150</Param>
      </Param>-->
    </Param>
	<!--
    <Param Name="DeleteButton">
      <Param Name="EntityDelegates">
        <Param Name="Destroy_Base"></Param>
      </Param>
    </Param>
	
	<Param Name="DeleteButton">False</Param>
    <Param Name="Export">
      <Param Name="Export do Excelu"></Param>
    </Param>-->
  </Params>
  <DetailsButton IsVisible="True" Form="egeReportXLS" UnionTransaction="True" Target="@Window" />
  <SelectButton IsVisible="True" Form="egeReportXLSNew" UnionTransaction="True" Target="@ModalWindow"/>
</Form>