﻿<?xml version="1.0" encoding="utf-8"?>
<Form Type="Grid" Caption="Shipper páry" WindowCaption="Shipper páry" ProgId="EGCore.EGBaseBehavior,EGCore" EntityType="Enif.EDA.ETRM.Entities.ShipperPair,EnifETRMCommon" IsReadOnly="false" Scale="1.5" CanDelete="Multi" SelectMode="Multi">
  <Params>
    <Param Name="ViewName">
     select
      sp.Id as ID,
      igp.Caption as InternalGPCaption,
      egp.Caption as ExternalGPCaption,
      iac.Code as InternalAgreementCode,
      eac.Code as ExternalAgreementCode,
      sp.ValidFrom as ValidFrom,
      sp.ValidToEx as ValidToEx
      
      from
      (select Id, ValidFrom, ValidToEx, ExternalAgreementFK, InternalAgreementFK, MarketUnitFK from EDA_ShipperPair) sp

      -- ExternalAgreement
      left outer join
      (select Id, Code, GridPointFK from EDA_Agreement) eac
      on
      eac.Id = sp.ExternalAgreementFK

      -- InternalAgreement
      left outer join
      (select Id, Code, GridPointFK from EDA_Agreement) iac
      on
      iac.Id = sp.InternalAgreementFK

      -- GridPoint external
     left outer join
     (select Id, Caption from EDA_GridPoint) egp
     on egp.id = eac.GridPointFK
 
     -- GridPoint internal
    left outer join
    (select Id, Caption from EDA_GridPoint) igp
    on igp.id = iac.GridPointFK

    where sp.MarketUnitFK={0}
</Param>
    <Param Name="ViewType">Sql</Param>
    <Param Name="DynamicLoading">False</Param>
    <Param Name="PrimaryKeyName">ID</Param>
    <Param Name="WhereCondition" />
    <Param Name="Columns">
      <Param Name="InternalGPCaption">
        <Param Name="Label">Bod - internal</Param>
        <Param Name="DataType">String</Param>
        <Param Name="Alignment">Left</Param>
        <Param Name="Width">130</Param>
        <Param Name="CalculateDistinctValues">True</Param>
      </Param>
      <Param Name="ExternalGPCaption">
        <Param Name="Label">Bod - external</Param>
        <Param Name="DataType">String</Param>
        <Param Name="Alignment">Left</Param>
        <Param Name="Width">130</Param>
        <Param Name="CalculateDistinctValues">True</Param>
      </Param>
      <Param Name="InternalAgreementCode">
        <Param Name="Label">Kód internal</Param>
        <Param Name="DataType">String</Param>
        <Param Name="Alignment">Left</Param>
        <Param Name="Width">140</Param>
        <Param Name="CalculateDistinctValues">True</Param>
      </Param>
      <Param Name="ExternalAgreementCode">
        <Param Name="Label">Kód external</Param>
        <Param Name="DataType">String</Param>
        <Param Name="Alignment">Left</Param>
        <Param Name="Width">140</Param>
        <Param Name="CalculateDistinctValues">True</Param>
      </Param>
      <Param Name="ValidFrom">
        <Param Name="Label">Od</Param>
        <Param Name="DataType">DateTime</Param>
        <Param Name="Format">d</Param>
        <Param Name="Width">70</Param>
        <Param Name="Alignment">Right</Param>
      </Param>
      <Param Name="ValidToEx">
        <Param Name="Label">Do</Param>
        <Param Name="DataType">DateTime</Param>
        <Param Name="Format">d</Param>
        <Param Name="Width">70</Param>
        <Param Name="Alignment">Right</Param>
      </Param>
    </Param>
    <Param Name="Export">
      <Param Name="Export do Excelu"></Param>
    </Param>
  </Params>
  <DetailsButton IsVisible="True" Form="egeShipperPair" UnionTransaction="True" Target="@Window" />
  <SelectButton IsVisible="True" Form="egeShipperPair" UnionTransaction="True" Target="@Window" />
</Form>