﻿<?xml version="1.0" encoding="utf-8"?>
<Form Type="Grid" Caption="Státy" WindowCaption="Státy" ProgId="EGCore.EGBaseBehavior,EGCore" EntityType="Enif.EDA.ENV.Entities.TState,EnifGECommon" IsReadOnly="true" Scale="1.2" CanDelete="None">
  <Params>
    <Param Name="ViewName">Id, Active, Caption, ShortCaption, A2, A3, N3</Param>
    <Param Name="ViewType">Path</Param>
    <Param Name="DynamicLoading">False</Param>
    <Param Name="PrimaryKeyName">ID</Param>
    <Param Name="WhereCondition" />
    <Param Name="Columns">
      <Param Name="ACTIVE" Value="Label=Aktivní">
        <Param Name="Label">Aktivní</Param>
        <Param Name="DataType">Boolean</Param>
        <Param Name="Width">60</Param>
      </Param>
      <Param Name="CAPTION" Value="Label=Název">
        <Param Name="Label">Název</Param>
        <Param Name="DataType">String</Param>
        <Param Name="Alignment">Left</Param>
        <Param Name="Width">1*</Param>
      </Param>
      <Param Name="SHORTCAPTION" Value="Label=Krátky název">
        <Param Name="Label">Zkratka</Param>
        <Param Name="DataType">String</Param>
        <Param Name="Alignment">Left</Param>
        <Param Name="Width">100</Param>
      </Param>
      <Param Name="A2" Value="Label=A2 forma">
        <Param Name="Label">A2</Param>
        <Param Name="DataType">String</Param>
        <Param Name="Alignment">Left</Param>
        <Param Name="Width">50</Param>
      </Param>
      <Param Name="A3" Value="Label=A3 forma">
        <Param Name="Label">A3</Param>
        <Param Name="DataType">String</Param>
        <Param Name="Alignment">Left</Param>
        <Param Name="Width">50</Param>
      </Param>
      <Param Name="N3" Value="Label=N3 forma">
        <Param Name="Label">N3</Param>
        <Param Name="DataType">Int16</Param>
        <Param Name="Alignment">Left</Param>
        <Param Name="Width">50</Param>
      </Param>
    </Param>
    <Param Name="Export">
      <Param Name="Export do Excelu"></Param>
    </Param>
  </Params>
  <DetailsButton IsVisible="True" Form="egeTState" UnionTransaction="True" Target="@Window" />
  <SelectButton IsVisible="True" Form="egeTState" UnionTransaction="True" Target="@Window" />
</Form>