﻿<?xml version="1.0" encoding="utf-8"?>
<Form Type="Grid" Caption="Kalendáře" WindowCaption="Kalendáře" ProgId="EGCore.EGBaseBehavior,EGCore" EntityType="Enif.EDA.ENV.Entities.TEnCal,EnifGECommon" IsReadOnly="true" CanDelete="None">
  <Params>
    <Param Name="ViewName">Id, Active, Key, Caption, ShortCaption</Param>
    <Param Name="ViewType">Path</Param>
    <Param Name="DynamicLoading">False</Param>
    <Param Name="PrimaryKeyName">ID</Param>
    <Param Name="WhereCondition" />
    <Param Name="Columns">
      <Param Name="ACTIVE" Value="Label=Aktivní">
        <Param Name="Label">Aktivní</Param>
        <Param Name="DataType">Boolean</Param>
        <Param Name="Width">60</Param>
      </Param>
      <Param Name="KEY" Value="Label=Klíč">
        <Param Name="Label">Klíč</Param>
        <Param Name="DataType">String</Param>
        <Param Name="Alignment">Left</Param>
        <Param Name="Width">50</Param>
      </Param>
      <Param Name="CAPTION" Value="Label=Název">
        <Param Name="Label">Název</Param>
        <Param Name="DataType">String</Param>
        <Param Name="Alignment">Left</Param>
      </Param>
      <Param Name="SHORTCAPTION" Value="Label=Krátky název">
        <Param Name="Label">Zkratka</Param>
        <Param Name="DataType">String</Param>
        <Param Name="Alignment">Left</Param>
        <Param Name="Width">100</Param>
      </Param>
    </Param>
    <Param Name="Export">
      <Param Name="Export do Excelu"></Param>
    </Param>
  </Params>
  <DetailsButton IsVisible="True" Form="egeTEnCal" UnionTransaction="True" Target="@Window" />
  <SelectButton IsVisible="True" Form="egeTEnCal" UnionTransaction="True" Target="@Window" />
</Form>