﻿<?xml version="1.0" encoding="utf-8"?>
<Form Type="Grid" Caption="Měny" WindowCaption="Měny" ProgId="EGCore.EGBaseBehavior,EGCore" EntityType="Enif.EDA.ENV.Entities.TCurrency,EnifGECommon" IsReadOnly="false" CanDelete="None" SelectMode="Multi">
  <Params>
    <Param Name="ViewName">Id, Active, Key, Caption, ShortCaption, N3, A3</Param>
    <Param Name="ViewType">Path</Param>
    <Param Name="DynamicLoading">False</Param>
    <Param Name="PrimaryKeyName">ID</Param>
    <Param Name="WhereCondition" />
    <Param Name="Columns">
      <Param Name="ACTIVE" Value="Label=Aktivní">
        <Param Name="Label">Aktivní</Param>
        <Param Name="DataType">Boolean</Param>
        <Param Name="Width">60</Param>
      </Param>
      <Param Name="KEY" Value="Label=Klíč">
        <Param Name="Label">Klíč</Param>
        <Param Name="DataType">String</Param>
        <Param Name="Alignment">Left</Param>
        <Param Name="Width">60</Param>
      </Param>
      <Param Name="CAPTION" Value="Label=Název">
        <Param Name="Label">Název</Param>
        <Param Name="DataType">String</Param>
        <Param Name="Alignment">Left</Param>
        <Param Name="Width">1*</Param>
        <Param Name="MinWidth">100</Param>
      </Param>
      <Param Name="SHORTCAPTION" Value="Label=Krátky název">
        <Param Name="Label">Zkratka</Param>
        <Param Name="DataType">String</Param>
        <Param Name="Alignment">Left</Param>
        <Param Name="Width">100</Param>
      </Param>
      <Param Name="A3" Value="Label=A3 forma">
        <Param Name="Label">A3</Param>
        <Param Name="DataType">String</Param>
        <Param Name="Alignment">Left</Param>
        <Param Name="Width">50</Param>
      </Param>
      <Param Name="N3" Value="Label=N3 forma">
        <Param Name="Label">N3</Param>
        <Param Name="DataType">Int16</Param>
        <Param Name="Alignment">Left</Param>
        <Param Name="Width">50</Param>
      </Param>
    </Param>
    <Param Name="Export">
      <Param Name="Export do Excelu"></Param>
    </Param>
  </Params>
  <DetailsButton IsVisible="True" Form="egeTCurrency" UnionTransaction="True" Target="@Window" />
  <SelectButton IsVisible="True" Form="egeTCurrency" UnionTransaction="True" Target="@Window" />
</Form>