﻿<?xml version="1.0" encoding="utf-8"?>
<Form Type="Grid" Caption="Správa číselníků" WindowCaption="Správa číselníků" ProgId="Enif.EDA.ENV.Behaviors.egbCCodeListManager,EnifENVGui" EntityType="Enif.EDA.EDA.Entities.TListIndex,EnifGECommon" IsReadOnly="False" Scale="2" ValidationLevel="1" CanDelete="None">
  <Params>
    <Param Name="ViewName">(SELECT IND.ID as ID, IND.CAPTION, IND.DESCRIPTION, IND.KEY, 
 CASE
  WHEN IND.ACTIVE = 1 THEN 'Ano' ELSE 'Ne'  
 END ACTIVE, IND.ACTIVE as ACT, R.CAPTION as READROLE,  W.CAPTION as WRITEROLE, D.CAPTION as DELETEROLE, IND.INDEXCATEGORYFK as CATEGORYFK, CAT.CAPTION as CATEGORY, IND.ORDERN, IND.WRITEROLEFK
FROM EDA_TLISTINDEX IND
INNER JOIN EDA_TLISTINDEXCATEGORY CAT ON IND.INDEXCATEGORYFK = CAT.ID
INNER JOIN EDA_TLISTINDEXROLE R ON IND.READROLEFK = R.ID
INNER JOIN EDA_TLISTINDEXROLE W ON IND.WRITEROLEFK = W.ID
INNER JOIN EDA_TLISTINDEXROLE D ON IND.DELETEROLEFK = D.ID
--WHERE IND.ID in {entityIDs}
ORDER BY IND.ORDERN, CATEGORY, IND.ID)
</Param>
    <Param Name="PrimaryKeyName">ID</Param>
    <Param Name="WhereCondition" />
    <Param Name="DynamicLoading">False</Param>
    <Param Name="AskOnDelete">Opravdu smazat?</Param>
    <Param Name="Columns">
      <Param Name="ACTIVE">
        <Param Name="Label">Aktivní</Param>
        <Param Name="DataType">String</Param>
        <Param Name="Width">60</Param>
      </Param>
      <Param Name="CAPTION">
        <Param Name="Label">Název</Param>
        <Param Name="DataType">String</Param>
        <Param Name="Width">250</Param>
      </Param>
      <Param Name="DESCRIPTION">
        <Param Name="Label">Popis</Param>
        <Param Name="DataType">String</Param>
        <Param Name="Width">200*</Param>
      </Param>
      <Param Name="CATEGORY">
        <Param Name="Label">Skupina</Param>
        <Param Name="DataType">String</Param>
        <Param Name="Width">150</Param>
      </Param>
      <Param Name="ORDERN">
        <Param Name="Label">Pořadí</Param>
        <Param Name="DataType">String</Param>
        <Param Name="Width">50</Param>
      </Param>
    </Param>
    <Param Name="VariablesBinding">
      <Param Name="entityIDs">(1,2,3)</Param>
    </Param>
    <Param Name="Export">
      <Param Name="Export do Excelu"></Param>
    </Param>
  </Params>
  <DetailsButton IsVisible="True" ToolTip="Otevřít číselník" Form="egeXY" UnionTransaction="False" />
</Form>