﻿<?xml version="1.0" encoding="utf-8"?>
<Form Type="Grid" Caption="Jednotky" WindowCaption="Jednotky" ProgId="EGCore.EGBaseBehavior,EGCore" EntityType="Enif.EDA.ENV.Entities.TUnit,EnifGECommon" IsReadOnly="true" Scale="1.5" CanDelete="None">
  <Params>
    <Param Name="ViewName">Id, Active, Key, Caption, ShortCaption, ExternalId1</Param>
    <Param Name="ViewType">Path</Param>
    <Param Name="DynamicLoading">False</Param>
    <Param Name="PrimaryKeyName">ID</Param>
    <Param Name="WhereCondition" />
    <Param Name="Columns">
      <Param Name="ACTIVE" Value="Label=Aktivní">
        <Param Name="Label">Aktivní</Param>
        <Param Name="DataType">Boolean</Param>
        <Param Name="Width">60</Param>
      </Param>
      <Param Name="KEY" Value="Label=Klíč">
        <Param Name="Label">Klíč</Param>
        <Param Name="DataType">String</Param>
        <Param Name="Alignment">Left</Param>
        <Param Name="Width">150</Param>
      </Param>
      <Param Name="CAPTION" Value="Label=Název">
        <Param Name="Label">Název</Param>
        <Param Name="DataType">String</Param>
        <Param Name="Alignment">Left</Param>
      </Param>
      <Param Name="SHORTCAPTION" Value="Label=Krátky název">
        <Param Name="Label">Zkratka</Param>
        <Param Name="DataType">String</Param>
        <Param Name="Alignment">Left</Param>
        <Param Name="Width">120</Param>
      </Param>
      <Param Name="EXTERNALID1" Value="Label=Externí ID">
        <Param Name="Label">Externí ID</Param>
        <Param Name="DataType">String</Param>
        <Param Name="Width">80</Param>
      </Param>
    </Param>
    <Param Name="Export">
      <Param Name="Export do Excelu"></Param>
    </Param>
  </Params>
  <DetailsButton IsVisible="True" Form="egeTUnit" UnionTransaction="True" Target="@Window" />
  <SelectButton IsVisible="True" Form="egeTUnit" UnionTransaction="True" Target="@Window" />
</Form>