﻿<?xml version="1.0" encoding="utf-8"?>
<Form Type="Dummy" Caption="PblcTradeConfRprt filter" WindowCaption="PblcTradeConfRprt filter" ProgId="" EntityType="Enif.EDA.ETRM.OTE.VDT.Entities.VDT_PblcTradeConfRprt,EnifETRMCOMOTE" IsReadOnly="false" ValidationLevel="0">
  <FieldSection Caption="Filtr" Columns="2">
    <Field Name="ContractDateFrom" Caption="Den kontraktu od" FieldType="Date" SelectorType="Const" Selector="" Default="{dtResult}&#x9;Exp;DateTime dtResult=Sysdate" IsVisible="true" IsEnabled="true" IsReadOnly="false" IsRequired="false" ValidationLevel="0" Occupation="Line" IsReactive="True" Column="0" Colspan="1" Rowspan="1" IsBinded="False">
      <Params>
        <Param Name="FilterField">ContractDate</Param>
        <Param Name="FilterType">Normal</Param>
        <Param Name="FilterOperation">GreaterOrEqual</Param>
      </Params>
    </Field>
    <Field Name="ContractDateTo" Caption="Den kontraktu do" FieldType="Date" SelectorType="Const" Selector="" Default="{dtResult}&#x9;Exp;DateTime dtResult=Sysdate" IsVisible="true" IsEnabled="true" IsReadOnly="false" IsRequired="false" ValidationLevel="0" Occupation="Line" IsReactive="True" Column="1" Colspan="1" Rowspan="1" IsBinded="False">
      <Params>
        <Param Name="FilterField">ContractDate</Param>
        <Param Name="FilterType">Normal</Param>
        <Param Name="FilterOperation">LowerOrEqual</Param>
      </Params>
    </Field>
    <Field Name="Go" Caption="Go" FieldType="ButtonsField" SelectorType="Const" Selector="" IsVisible="true" IsEnabled="true" IsReadOnly="false" IsRequired="false" ValidationLevel="0" Occupation="Block" Height="1" IsReactive="True" Column="0" Colspan="2" IsBinded="False">
      <Params>
        <Param Name="Buttons">
          <Param Name="FilterButton" Value="Filtrovat">
            <Param Name="ToolTip">Aktualizuje seznam zobrazených položek podle vybraného filtru</Param>
          </Param>
        </Param>
      </Params>
    </Field>
  </FieldSection>
</Form>