﻿<?xml version="1.0" encoding="utf-8"?>
<Form Type="Entity" Caption="Vlastní obchody" WindowCaption="Vlastní obchody" ProgId="" EntityType="Enif.EDA.ETRM.OTE.VDT.GAS.Entities.GIDM_Product,EnifETRMCOMOTE" IsReadOnly="False">
  <FieldSection Name="Deals" Caption="Obchody">
    <Columns />
    <Field Name="Deals" Caption="Obchody" FieldType="Grid" SelectorType="HQL" Selector="Select d.TradeID as TradeID, d.GIDM_Request.OTERequestID as OTERequestID, d.GIDM_Request.GIDM_TRequestType.Caption as State, d.CreationTime as CreationTime, d.TradedVolume as TradedVolume, d.Price as Price, d.Payment as Payment from GIDM_Deal d inner join d.GIDM_Request r where r.ProductFK = {0} And r.TradeUnitFK = [SubjectID]" IsReadOnly="True" Occupation="Block">
      <Params>
        <Param Name="KeepSelectedRow">True</Param>
        <Param Name="TopPanelStyle">Hidden</Param>
        <Param Name="Columns">
          <Param Name="ID Lancelot">
            <Param Name="Field">OTERequestID</Param>
            <Param Name="DataType">Int64</Param>
            <Param Name="Alignment">Center</Param>
            <Param Name="Width">80</Param>
          </Param>
          <Param Name="ID OTE">
            <Param Name="Field">TradeID</Param>
            <Param Name="DataType">Int32</Param>
            <Param Name="Alignment">Center</Param>
            <Param Name="Width">80</Param>
          </Param>
          <Param Name="Směr">
            <Param Name="Field">State</Param>
            <Param Name="DataType">String</Param>
            <Param Name="Alignment">Center</Param>
            <Param Name="Width">60</Param>
          </Param>
          <Param Name="Množství (MWh)">
            <Param Name="Field">TradedVolume</Param>
            <Param Name="DataType">Decimal</Param>
            <Param Name="Alignment">Right</Param>
            <Param Name="Width">110</Param>
            <Param Name="Format">{0:#,##0.0}</Param>
          </Param>
          <Param Name="Cena">
            <Param Name="Field">Price</Param>
            <Param Name="DataType">Decimal</Param>
            <Param Name="Alignment">Right</Param>
            <Param Name="Width">60</Param>
            <Param Name="Format">{0:#,##0.00}</Param>
          </Param>
          <Param Name="Platba">
            <Param Name="Field">Payment</Param>
            <Param Name="DataType">Decimal</Param>
            <Param Name="Alignment">Right</Param>
            <Param Name="Width">70</Param>
            <Param Name="Format">{0:#,##0.00}</Param>
          </Param>
          <Param Name="Čas zadání">
            <Param Name="Field">CreationTime</Param>
            <Param Name="Width">120</Param>
          </Param>
        </Param>
      </Params>
    </Field>
  </FieldSection>
  <Params>
    <Param Name="Buttons">
      <Param Name="RefreshDealFromOTE">Aktualizovat z OTE</Param>
    </Param>
  </Params>
</Form>