﻿<?xml version="1.0" encoding="utf-8"?>
<Form Type="Entity" Caption="Souhrnný přehled" WindowCaption="Souhrnný přehled" ProgId="" EntityType="Enif.EDA.ETRM.OTE.VDT.GAS.Entities.GIDM_Product,EnifETRMCOMOTE" IsReadOnly="False">
  <FieldSection Name="Logs" Caption="Události">
    <Field Name="Logs" Caption="Události" FieldType="Grid" SelectorType="HQL" Selector="Select l.CreationDate as CreationDate, l.IdentityView.Name as UserID, l.Description as Description, l.GIDM_EventType.Caption as Type from GIDM_EventLog l where l.ProductFK = {0} order by CreationDate desc" IsReadOnly="True" Occupation="Block">
      <Params>
        <Param Name="KeepSelectedRow">True</Param>
        <Param Name="TopPanelStyle">Hidden</Param>
        <Param Name="Columns">
          <Param Name="Čas">
            <Param Name="Field">CreationDate</Param>
            <Param Name="DataType">DateTime</Param>
            <Param Name="Alignment">Center</Param>
            <Param Name="Width">120</Param>
          </Param>
          <Param Name="Uživatel">
            <Param Name="Field">UserID</Param>
            <Param Name="DataType">String</Param>
            <Param Name="Alignment">Center</Param>
            <Param Name="Width">100</Param>
          </Param>
          <Param Name="Typ události">
            <Param Name="Field">Type</Param>
            <Param Name="DataType">String</Param>
            <Param Name="Alignment">Center</Param>
            <Param Name="Width">140</Param>
          </Param>
          <Param Name="Popis události">
            <Param Name="Field">Description</Param>
            <Param Name="DataType">String</Param>
            <Param Name="Alignment">Left</Param>
            <Param Name="Width">500</Param>
          </Param>
        </Param>
      </Params>
    </Field>
  </FieldSection>
</Form>