﻿<?xml version="1.0" encoding="utf-8"?>
<Form Type="Entity" EntityType="Enif.EDA.ETRM.Entities.Communication,EnifETRMCommon"  ProgId="Enif.EDA.ETRM.OTE.Nomination.GAS.Behaviours.egeNominationCommunication,EnifETRMCOMOTEGui" Scale="2.6" Caption="Nominace" >
  <FieldSection Caption="Filter" Columns="3">
    <Field Name="CommunicationDateFrom" Caption="Nominace od" FieldType="Date" SelectorType="Const" Selector="" IsVisible="true" IsEnabled="true" IsReadOnly="false" IsRequired="false" ValidationLevel="0" Occupation="Line" IsReactive="True" Column="0" Colspan="1" Rowspan="1" IsBinded="False">
      <Params>
        <Param Name="FilterField">Nomination.Date</Param>
        <Param Name="FilterType">Normal</Param>
        <Param Name="FilterOperation">GreaterOrEqual</Param>
        <Param Name="Width">120</Param>
      </Params>
    </Field>
    <Field Name="CommunicationDateTo" Caption="Nominace do" FieldType="Date" SelectorType="Const" Selector="" IsVisible="true" IsEnabled="true" IsReadOnly="false" IsRequired="false" ValidationLevel="0" Occupation="Line" IsReactive="True" Column="1" Colspan="1" Rowspan="1" IsBinded="False">
      <Params>
        <Param Name="FilterField">Nomination.Date</Param>
        <Param Name="FilterType">Normal</Param>
        <Param Name="FilterOperation">LowerOrEqual</Param>
        <Param Name="Width">120</Param>
      </Params>
    </Field>
  </FieldSection>
  <FieldSection Name="bagNominationItems" Caption="Nominace">
    <!-- pro případ podmíněného zobrazení jednoho z GridPointů
		case comagg.ExitGridPointFK when null then entrypoint.Caption else exitpoint.Caption end as GridPoint 
	-->

    <Field Name="bagNominationItem" FieldType="Grid" Caption="bagNominationItem" Selector="select nomit.Id as ID,
	nomit.Date as Date,
	entrypoint.Caption as Network, 
	nomtype.ShortCaption as Type,
	entrypoint.Caption as GridPoint, 
	GridPointIOType.Caption as Direction,
	company.Name as CopartyName,
	coalesce(subject.ExternalId1,nomit.CopartyKey) as CopartyKey,
	coalesce(nomit.ETRM,0) as ETRM, 
	coalesce(nomit.NOMINT,0) as NOMINT,
	coalesce(nomit.NOMRES,0) as NOMRES,
	coalesce(nomit.NOMINTRes,0) as NOMINTRES,
	coalesce(nomit.NOMRESProve,0) as NOMRESProve,
	s.Caption as nomstate
	from NominationItem nomit
	left join nomit.CommAgg comagg
	left join comagg.NomType nomtype 
	left join comagg.Coparty coparty 
	left join coparty.Subject subject 
	left join subject.Company company 
	left join comagg.EntryGridPoint entrypoint 
	left join comagg.ExitGridPoint exitpoint 
	left join nomit.State s 
	left join nomit.IOType GridPointIOType
	left join nomit.Communication communication
	where communication.Id = 666
	order by nomit.Date" SelectorType="HQL" Occupation="Block" IsReadOnly="True">
      <Params>
        <Param Name="PrimaryKeyName">ID</Param>
        <Param Name="Columns">
          <Param Name="Den">
            <Param Name="Field">Date</Param>
            <Param Name="DataType">String</Param>
            <Param Name="Alignment">Left</Param>
            <Param Name="Width">80</Param>
            <Param Name="Format">{0:d. M. yyyy}</Param>
          </Param>
          <Param Name="Síť">
            <Param Name="Field">Network</Param>
            <Param Name="DataType">String</Param>
            <Param Name="Alignment">Left</Param>
            <Param Name="Width">80</Param>
          </Param>
          <Param Name="Typ nominace">
            <Param Name="Field">Type</Param>
            <Param Name="DataType">String</Param>
            <Param Name="Alignment">Left</Param>
            <Param Name="Width">140</Param>
          </Param>
          <Param Name="Bod">
            <Param Name="Field">GridPoint</Param>
            <Param Name="DataType">String</Param>
            <Param Name="Alignment">Left</Param>
            <Param Name="Width">80</Param>
          </Param>
          <Param Name="Směr">
            <Param Name="Field">Direction</Param>
            <Param Name="DataType">String</Param>
            <Param Name="Alignment">Left</Param>
            <Param Name="Width">60</Param>
          </Param>
          <Param Name="Protistrana">
            <Param Name="Field">CopartyName</Param>
            <Param Name="DataType">String</Param>
            <Param Name="Alignment">Left</Param>
            <Param Name="Width">100</Param>
          </Param>
          <Param Name="Obchody">
            <Param Name="Field">ETRM</Param>
            <Param Name="DataType">Decimal</Param>
            <Param Name="Alignment">Right</Param>
            <Param Name="Format">{0:# ##0.000}</Param>
            <Param Name="Width">85</Param>
          </Param>
          <Param Name="Odeslaná">
            <Param Name="Field">NOMINT</Param>
            <Param Name="DataType">Decimal</Param>
            <Param Name="Alignment">Right</Param>
            <Param Name="Format">{0:# ##0.000}</Param>
            <Param Name="Width">85</Param>
          </Param>
          <Param Name="Potvrzené APERAKEM">
            <Param Name="Field">NOMINTRES</Param>
            <Param Name="DataType">Decimal</Param>
            <Param Name="Alignment">Right</Param>
            <Param Name="Format">{0:# ##0.000}</Param>
            <Param Name="Width">130</Param>
          </Param>
          <Param Name="Nominace protistrany">
            <Param Name="Field">NOMRES</Param>
            <Param Name="DataType">Decimal</Param>
            <Param Name="Alignment">Right</Param>
            <Param Name="Format">{0:# ##0.000}</Param>
            <Param Name="Width">145</Param>
          </Param>
          <Param Name="Potvrzená operátorem">
            <Param Name="Field">NOMRESProve</Param>
            <Param Name="DataType">Decimal</Param>
            <Param Name="Alignment">Right</Param>
            <Param Name="Format">{0:# ##0.000}</Param>
            <Param Name="Width">145</Param>
          </Param>
        </Param>
        <Param Name="Buttons">
          <Param Name="Send" Value="Odeslat">
            <Param Name="UnionTransaction">True</Param>
            <Param Name="ToolTip">Odešle nominace na OTE</Param>
          </Param>
        </Param>
      </Params>
      <DetailsButton IsVisible="True" Form="egeNominationItem" UnionTransaction="True" Target="@Window" />
    </Field>
  </FieldSection>
  <FieldSection Name="bagBalance" Caption="Bilance">
    <Field Name="bagCommGasOTE" FieldType="Grid" Caption="Bilance" Selector="bagCommGasOTE.SelectMany(c =&gt; c.bagCommGasOTEDayBalance).Where(ni =&gt; ni.Day &gt;= {CommunicationDateFrom} &amp;&amp; ni.Day &lt;= {CommunicationDateTo}).OrderBy(ni =&gt; ni.Day)" SelectorType="Path" Occupation="Block" IsReadOnly="True">
      <Params>
        <Param Name="Columns">
          <Param Name="Datum">
            <Param Name="Field">Day</Param>
            <Param Name="DataType">String</Param>
            <Param Name="Alignment">Left</Param>
            <Param Name="Width">220</Param>
            <Param Name="Format">{0:d. M. yyyy}</Param>
          </Param>
          <Param Name="Typ">
            <Param Name="Field">NomType.Caption</Param>
            <Param Name="DataType">String</Param>
            <Param Name="Alignment">Left</Param>
            <Param Name="Width">240</Param>
          </Param>
          <Param Name="ETRM - vstup">
            <Param Name="Field">EntryETRM</Param>
            <Param Name="DataType">Decimal</Param>
            <Param Name="Alignment">Right</Param>
            <Param Name="Width">190</Param>
            <Param Name="Format">{0:# ##0.000}</Param>
          </Param>
          <Param Name="Potvrzeno - vstup">
            <Param Name="Field">EntryProved</Param>
            <Param Name="DataType">Decimal</Param>
            <Param Name="Alignment">Right</Param>
            <Param Name="Width">190</Param>
            <Param Name="Format">{0:# ##0.000}</Param>
          </Param>
          <Param Name="ETRM - výstup">
            <Param Name="Field">ExitETRM</Param>
            <Param Name="DataType">Decimal</Param>
            <Param Name="Alignment">Right</Param>
            <Param Name="Width">190</Param>
            <Param Name="Format">{0:# ##0.000}</Param>
          </Param>
          <Param Name="Potvrzeno - výstup">
            <Param Name="Field">ExitProved</Param>
            <Param Name="DataType">Decimal</Param>
            <Param Name="Alignment">Right</Param>
            <Param Name="Width">190</Param>
            <Param Name="Format">{0:# ##0.000}</Param>
          </Param>
        </Param>
      </Params>
    </Field>
  </FieldSection>
</Form>