﻿<?xml version="1.0" encoding="utf-8"?>
<Form Type="Entity" Caption="Detail nominace" ProgId="Enif.EDA.ETRM.OTE.Nomination.GAS.Behaviours.egeNominationItem,EnifETRMCOMOTEGui" EntityType="Enif.EDA.ETRM.Entities.NominationItem,EnifETRMCommon" Scale="1.3">
  <FieldSection Name="bagNominationEvent" Caption="Zprávy">
    <Columns />
    <Field Name="bagNominationEvent" Caption="bagNominationEvent" FieldType="Grid" SelectorType="Path" Selector="bagNominationEvent" IsReadOnly="True" Occupation="Block">
      <Params>
        <Param Name="Columns">
          <Param Name="Datum">
            <Param Name="Field">NominationItem.Date</Param>
            <Param Name="DataType">DateTime</Param>
            <Param Name="Alignment">Left</Param>
            <Param Name="Width">80</Param>
            <Param Name="Format">{0:d. M. yyyy}</Param>
          </Param>
          <Param Name="Typ zprávy">
            <Param Name="Field">Type.Caption</Param>
            <Param Name="DataType">String</Param>
            <Param Name="Alignment">Left</Param>
            <Param Name="Width">180</Param>
          </Param>
          <Param Name="Časové razítko">
            <Param Name="Field">CreationTime</Param>
            <Param Name="DataType">DateTime</Param>
            <Param Name="Alignment">Left</Param>
            <Param Name="Width">130</Param>
          </Param>
          <Param Name="Čas souboru OBČ">
            <Param Name="Field">Message.Message.CreatedAt</Param>
            <Param Name="DataType">DateTime</Param>
            <Param Name="Alignment">Left</Param>
            <Param Name="Width">130</Param>
          </Param>
          <Param Name="Doručeno">
            <Param Name="Field">DeliveryConfirm</Param>
            <Param Name="DataType">Bool</Param>
            <Param Name="Alignment">Center</Param>
            <Param Name="Width">75</Param>
          </Param>
        </Param>
        <Param Name="Buttons">
          <Param Name="Zobrazit zprávu" Value="Náhled zprávy">
            <Param Name="UnionTransaction">True</Param>
            <Param Name="ToolTip">Zobrazí náhled XML zprávy</Param>
          </Param>
        </Param>
        <Param Name="KeepSelectedRow">True</Param>
        <Param Name="Order">CreationTime Descending</Param>
      </Params>
    </Field>
  </FieldSection>
</Form>