﻿<?xml version="1.0" encoding="utf-8"?>
<Form Type="Entity" Caption="Nákup" WindowCaption="Nákup" ProgId="" EntityType="Enif.EDA.ETRM.OTE.VDT.GAS.Entities.GIDM_Product,EnifETRMCOMOTE" IsReadOnly="False">
  <FieldSection Name="Bid" Caption="Nákup (Bid)">
    <Columns />
    <Field Name="Bids" Caption="Nákup (Bid)" FieldType="Grid" SelectorType="HQL" Selector="select Id as Id, Price as Price, Volume as Volume, AggrVolume as AggrVolume from GIDM_ProductRequest where TRequestTypeFK = 1 and ProductFK = {0} order by Price asc " Occupation="Block">
      <Params>
        <Param Name="PrimaryKeyName">Id</Param>
        <Param Name="KeepSelectedRow">True</Param>
        <Param Name="TopPanelStyle">Hidden</Param>
        <Param Name="Columns">
          <Param Name="Agr MWh">
            <Param Name="Field">AggrVolume</Param>
            <Param Name="DataType">Decimal</Param>
            <Param Name="Alignment">Right</Param>
            <Param Name="Width">1*</Param>
            <Param Name="Format">{0:#,##0.0}</Param>
          </Param>
          <Param Name="MWh">
            <Param Name="Field">Volume</Param>
            <Param Name="DataType">Decimal</Param>
            <Param Name="Alignment">Right</Param>
            <Param Name="Width">1*</Param>
            <Param Name="Format">{0:#,##0.0}</Param>
          </Param>
          <Param Name="Cena">
            <Param Name="Field">Price</Param>
            <Param Name="DataType">Decimal</Param>
            <Param Name="Alignment">Right</Param>
            <Param Name="Width">1*</Param>
            <Param Name="Format">{0:#,##0.00}</Param>
          </Param>
        </Param>
      </Params>
    </Field>
  </FieldSection>
  <Params>
    <Param Name="Buttons">
      <Param Name="AcceptBid">Akceptovat</Param>
    </Param>
  </Params>
</Form>