﻿<?xml version="1.0" encoding="utf-8"?>
<Form Type="Entity" Caption="Prodej" WindowCaption="Prodej" ProgId="" EntityType="Enif.EDA.ETRM.OTE.VDT.GAS.Entities.GIDM_Product,EnifETRMCOMOTE" IsReadOnly="False">
  <FieldSection Name="Ask" Caption="Prodej (Ask)">
    <Columns />
    <Field Name="Ask" Caption="Prodej (Ask)" FieldType="Grid" SelectorType="HQL" Selector="select Id as Id, Price as Price, Volume as Volume, AggrVolume as AggrVolume from GIDM_ProductRequest where TRequestTypeFK = 2 and ProductFK = {0} order by Price desc " Occupation="Block">
      <Params>
        <Param Name="PrimaryKeyName">Id</Param>
        <Param Name="KeepSelectedRow">True</Param>
        <Param Name="TopPanelStyle">Hidden</Param>
        <Param Name="Buttons"></Param>
        <Param Name="Columns">
          <Param Name="Cena">
            <Param Name="Field">Price</Param>
            <Param Name="DataType">Decimal</Param>
            <Param Name="Alignment">Right</Param>
            <Param Name="Width">1*</Param>
            <Param Name="Format">{0:#,##0.00}</Param>
          </Param>
          <Param Name="MWh">
            <Param Name="Field">Volume</Param>
            <Param Name="DataType">Decimal</Param>
            <Param Name="Alignment">Right</Param>
            <Param Name="Width">1*</Param>
            <Param Name="Format">{0:#,##0.0}</Param>
          </Param>
          <Param Name="Agr MWh">
            <Param Name="Field">AggrVolume</Param>
            <Param Name="DataType">Decimal</Param>
            <Param Name="Alignment">Right</Param>
            <Param Name="Width">1*</Param>
            <Param Name="Format">{0:#,##0.0}</Param>
          </Param>
        </Param>
      </Params>
    </Field>
  </FieldSection>
  <Params>
    <Param Name="Buttons">
      <Param Name="AcceptAsk">Akceptovat</Param>
    </Param>
  </Params>
</Form>