﻿<?xml version="1.0" encoding="utf-8"?>
<Form Type="Entity" Caption="Vlastní objednávky" WindowCaption="Vlastní objednávky" ProgId="" EntityType="Enif.EDA.ETRM.OTE.VDT.GAS.Entities.GIDM_Product,EnifETRMCOMOTE" IsReadOnly="False">
  <FieldSection Name="Request" Caption="Objednávky">
    <Field Name="Requests" Caption="Objednávky" FieldType="Grid" SelectorType="Path" Selector="bagGIDM_Request.Where(r =&gt; r.TradeUnitFK == [SubjectID])" IsReadOnly="True" Occupation="Block">
      <DetailsButton IsVisible="True" Form="egeRequests" UnionTransaction="True" />
      <Params>
        <Param Name="KeepSelectedRow">True</Param>
        <Param Name="TopPanelStyle">Hidden</Param>
        <Param Name="Buttons"></Param>
        <Param Name="Columns">
          <Param Name="ID Lancelot">
            <Param Name="Field">OTERequestID</Param>
            <Param Name="Alignment">Center</Param>
            <Param Name="DataType">String</Param>
            <Param Name="Width">80</Param>
          </Param>
          <Param Name="ID OTE">
            <Param Name="Field">TradeID</Param>
            <Param Name="Alignment">Center</Param>
            <Param Name="DataType">String</Param>
            <Param Name="Width">80</Param>
          </Param>
          <Param Name="Směr">
            <Param Name="Field">GIDM_TRequestType.Caption</Param>
            <Param Name="DataType">String</Param>
            <Param Name="Alignment">Center</Param>
            <Param Name="Width">60</Param>
          </Param>
          <Param Name="Množství (MWh)">
            <Param Name="Field">Volume</Param>
            <Param Name="DataType">Decimal</Param>
            <Param Name="Alignment">Right</Param>
            <Param Name="Width">110</Param>
            <Param Name="Format">{0:#,##0.0}</Param>
          </Param>
          <Param Name="Cena">
            <Param Name="Field">PriceLimit</Param>
            <Param Name="DataType">Decimal</Param>
            <Param Name="Alignment">Right</Param>
            <Param Name="Width">60</Param>
            <Param Name="Format">{0:#,##0.00}</Param>
          </Param>
          <Param Name="Čas zadání">
            <Param Name="Field">CreationTime</Param>
            <Param Name="DataType">DateTime</Param>
            <Param Name="Alignment">Center</Param>
            <Param Name="Width">120</Param>
          </Param>
          <Param Name="Stav">
            <Param Name="Field">GIDM_TRequestState.Caption</Param>
            <Param Name="DataType">String</Param>
            <Param Name="Alignment">Center</Param>
            <Param Name="Width">150</Param>
          </Param>
          <Param Name="Zadáno uživatelem">
            <Param Name="Field">IdentityView.Name</Param>
            <Param Name="DataType">String</Param>
            <Param Name="Alignment">Stretch</Param>
            <Param Name="Width">125</Param>
          </Param>
        </Param>
        <Param Name="PrimaryKeyName">ID</Param>
        <Param Name="ItemIdName">ID</Param>
      </Params>
    </Field>
  </FieldSection>
  <Params>
    <Param Name="Buttons">
      <Param Name="RefreshRequestFromOTE">Aktualizovat vše z OTE</Param>
      <Param Name="NewRequest">Nová</Param>
      <Param Name="AnnulateRequest">Anulovat</Param>
    </Param>
    <Param Name="DynamicLoading"></Param>
  </Params>
</Form>