﻿<?xml version="1.0" encoding="utf-8"?>
<Form Type="Entity" Caption="Detail objednávky" WindowCaption="Detail objednávky" ProgId="" EntityType="Enif.EDA.ETRM.OTE.VDT.GAS.Entities.GIDM_Request,EnifETRMCOMOTE" IsReadOnly="False">
  <FieldSection Name="Detail" Caption="Detail">
    <Field Name="OTERequestID" Caption="ID OTE" FieldType="Text" SelectorType="Path" Selector="OTERequestID" IsReadOnly="true" Occupation="Line" />
    <Field Name="IDLancelot" Caption="ID Lancelot" FieldType="Text" SelectorType="Path" Selector="TradeID" IsReadOnly="true" Occupation="Line" />
    <Field Name="TRequestType" Caption="Směr" FieldType="EnumField" SelectorType="Path" Selector="GIDM_TRequestType" IsReadOnly="false" Occupation="Line">
      <Params>
        <Param Name="HQL">select T, T.Caption from GIDM_TRequestType T</Param>
      </Params>
    </Field>
    <Field Name="Volume" Caption="Množství" FieldType="Number" SelectorType="Path" Selector="Volume" IsReadOnly="false" Occupation="Line" />
    <Field Name="PriceLimit" Caption="Limitní cena" FieldType="Number" SelectorType="Path" Selector="PriceLimit" IsReadOnly="false" Occupation="Line" />
  </FieldSection>
  <Params>
    <Param Name="Columns"></Param>
    <Param Name="Buttons">
      <Param Name="CancelOldRequest" Value="Zrušit">
        <Param Name="UnionTransaction">False</Param>
      </Param>
      <Param Name="CommitOldRequest" Value="Odeslat">
        <Param Name="UnionTransaction">False</Param>
      </Param>
    </Param>
  </Params>
</Form>