﻿<?xml version="1.0" encoding="utf-8"?>
<Form Type="Entity" Caption="Nová objednávka" WindowCaption="Nová objednávka" ProgId="" EntityType="Enif.EDA.ETRM.OTE.VDT.GAS.Entities.GIDM_Request,EnifETRMCOMOTE">
  <FieldSection Name="Detail" Caption="Detail">
    <Field Name="TRequestType" Caption="Směr" FieldType="EnumField" SelectorType="Path" Selector="GIDM_TRequestType" IsVisible="True" IsReadOnly="False" IsRequired="True" Occupation="Line" IsBinded="true">
      <Params>
        <Param Name="HQL">select T, T.Caption from GIDM_TRequestType T</Param>
      </Params>
    </Field>
    <Field Name="Volume" Caption="Množství" FieldType="Number" SelectorType="Path" Selector="Volume" IsReadOnly="False" IsRequired="True" Occupation="Line" IsBinded="true">
      <Params>
        <Param Name="Mod">0.1</Param>
        <Param Name="Min">0.1</Param>
      </Params>
    </Field>
    <Field Name="PriceLimit" Caption="Limitní cena" FieldType="Number" SelectorType="Path" Selector="PriceLimit" IsReadOnly="False" IsRequired="True" Occupation="Line" IsBinded="true">
      <Params>
        <Param Name="Min">1</Param>
      </Params>
    </Field>
  </FieldSection>
  <Params>
    <Param Name="Buttons">
      <Param Name="CancelRequest">Zrušit</Param>
      <Param Name="CommitRequest">Odeslat</Param>
    </Param>
  </Params>
</Form>