﻿<?xml version="1.0" encoding="utf-8"?>
<Config>
  <FieldTypes>
    <FieldType Name="CurrencyField" ProgId="EGBaseFields.EGFieldNum">
      <Params>
        <Param Name="Format">{0:C2}</Param>
      </Params>
    </FieldType>
    <FieldType Name="ShortText" ProgId="EGBaseFields.EGFieldText">
      <Params>
        <Param Name="MaxLen">32</Param>
      </Params>
    </FieldType>
    <FieldType Name="Text" ProgId="EGBaseFields.EGFieldText" />
    <FieldType Name="Entity" ProgId="EGBaseFields.EGFieldEntity" />
    <FieldType Name="Address" ProgId="EGBaseFields.EGFieldEntity">
      <DetailsButton IsVisible="True" Form="Detail.Address" UnionTransaction="False" />
      <Params>
        <Param Name="Format">{Street} {DescriptiveNumber}/{OrientationNumber},{ZipCode} {City}</Param>
        <Param Name="Arguments">
          <Param Name="Path;Street as Street"></Param>
          <Param Name="Path;DescriptiveNumber as DescriptiveNumber"></Param>
          <Param Name="Path;OrientationNumber as OrientationNumber"></Param>
          <Param Name="Path;City as City"></Param>
          <Param Name="Path;ZipCode as ZipCode"></Param>
        </Param>
        <Param Name="FK">AddressFK</Param>
      </Params>
    </FieldType>
    <FieldType Name="Number" ProgId="EGBaseFields.EGFieldNum" />
    <FieldType Name="TestNumber" ProgId="TestControls.TestField" />
    <FieldType Name="Integer" ProgId="EGBaseFields.EGFieldNum">
      <Params>
        <Param Name="Format">{0:D}</Param>
      </Params>
    </FieldType>
    <FieldType Name="Time" ProgId="EGBaseFields.EGFieldDateTime">
      <Params>
        <Param Name="Mode">Time</Param>
      </Params>
    </FieldType>
    <FieldType Name="DateTime" ProgId="EGBaseFields.EGFieldDateTime">
      <Params>
        <Param Name="Mode">DateTime</Param>
      </Params>
    </FieldType>
    <FieldType Name="Date" ProgId="EGBaseFields.EGFieldDateTime">
      <Params>
        <Param Name="Mode">Date</Param>
      </Params>
    </FieldType>
    <FieldType Name="BoolField" ProgId="EGBaseFields.EGFieldBool" />
    <FieldType Name="EnumField" ProgId="EGBaseFields.EGFieldEditableEnum" />
    <FieldType Name="EnumFieldOld" ProgId="EGBaseFields.EGFieldEnum" />
    <FieldType Name="CalendarField" ProgId="EGBaseFields.EGFieldCalendar" />
    <FieldType Name="ButtonsField" ProgId="EGBaseFields.EGFieldButtons" />
    <FieldType Name="Gender" ProgId="EGBaseFields.EGFieldEnum">
      <Params>
        <Param Name="Enum">
          <Param Name="Žena">0</Param>
          <Param Name="Muž">1</Param>
          <Param Name="Nevím">2</Param>
        </Param>
      </Params>
    </FieldType>
    <FieldType Name="Grid" ProgId="EGBaseFields.EGFieldGrid" />
    <FieldType Name="GridPlain" ProgId="Enif.EDA.ETRM.OTE.VDT.GAS.EGFieldGridPlain,EnifETRMCOMOTEGui" />
    <FieldType Name="HistoryField" ProgId="EGBaseFields.EGFieldHistoryInfo" />
    <FieldType Name="MultiSelect" ProgId="EGBaseFields.EGFieldMultiSelector" />
    <FieldType Name="AvalonEdit" ProgId="EGSpecFields.EGFieldAvalonEditor" />
  </FieldTypes>
  <BaseTypes />
</Config>