﻿<?xml version="1.0" encoding="utf-8"?>
<Form Type="Grid" Caption="Produkty" WindowCaption="Produkty" ProgId="Enif.EDA.ETRM.OTE.VDT.GAS.Behaviours.eggProducts,EnifETRMCOMOTEGui" EntityType="Enif.EDA.ETRM.OTE.VDT.GAS.Entities.GIDM_Product,EnifETRMCOMOTE" IsReadOnly="False">
  <Params>
    <Param Name="ViewType">Sql</Param>
    <Param Name="RefreshColumns">False</Param>
    <Param Name="Columns">
      <Param Name="Name">
        <Param Name="Label">Produkt</Param>
        <Param Name="Alignment">Center</Param>
        <Param Name="Width">80</Param>
      </Param>
      <Param Name="Deadline">
        <Param Name="Label">Uzávěrka</Param>
        <Param Name="DataType">DateTime</Param>
        <Param Name="Alignment">Center</Param>
        <Param Name="Width">80</Param>
        <Param Name="Format">d</Param>
      </Param>
      <Param Name="OpenPosition">
        <Param Name="Label">OP</Param>
        <Param Name="Alignment">Right</Param>
        <Param Name="DataType">Decimal</Param>
        <Param Name="Width">70</Param>
        <Param Name="Format">#,##0.000</Param>
      </Param>
      <Param Name="ActualOpenPosition">
        <Param Name="Label">OP po zobch.</Param>
        <Param Name="Width">95</Param>
        <Param Name="Alignment">Right</Param>
        <Param Name="Format">#,##0.000</Param>
        <Param Name="DataType">Decimal</Param>
      </Param>
      <Param Name="BidVolume">
        <Param Name="Label">MWh N.</Param>
        <Param Name="Alignment">Right</Param>
        <Param Name="Width">75</Param>
        <Param Name="Format">#,##0.0</Param>
        <Param Name="DataType">Decimal</Param>
      </Param>
      <Param Name="BidPrice">
        <Param Name="Label">Max. cena</Param>
        <Param Name="Alignment">Right</Param>
        <Param Name="Width">80</Param>
        <Param Name="Format">#,##0.00</Param>
        <Param Name="DataType">Decimal</Param>
      </Param>
      <Param Name="AskVolume">
        <Param Name="Label">MWh P.</Param>
        <Param Name="Alignment">Right</Param>
        <Param Name="Width">75</Param>
        <Param Name="Format">#,##0.0</Param>
        <Param Name="DataType">Decimal</Param>
      </Param>
      <Param Name="AskPrice">
        <Param Name="Label">Min. cena</Param>
        <Param Name="Alignment">Right</Param>
        <Param Name="Width">80</Param>
        <Param Name="Format">#,##0.00</Param>
        <Param Name="DataType">Decimal</Param>
      </Param>
      <Param Name="MaxPrice">
        <Param Name="Label">Max</Param>
        <Param Name="Alignment">Right</Param>
        <Param Name="Width">50</Param>
        <Param Name="DataType">Decimal</Param>
        <Param Name="Format">#,##0.00</Param>
      </Param>
      <Param Name="MinPrice">
        <Param Name="Label">Min</Param>
        <Param Name="Alignment">Right</Param>
        <Param Name="Width">50</Param>
        <Param Name="Format">#,##0.00</Param>
        <Param Name="DataType">Decimal</Param>
      </Param>
      <Param Name="LastPrice">
        <Param Name="Label">Pos</Param>
        <Param Name="Alignment">Right</Param>
        <Param Name="Width">50</Param>
        <Param Name="DataType">Decimal</Param>
        <Param Name="Format">#,##0.00</Param>
      </Param>
    </Param>
    <Param Name="Buttons">
      <Param Name="ShowHistory" Value="Zobrazit vše">
        <Param Name="UnionTransaction">True</Param>
      </Param>
      <Param Name="RefreshProductFromOTE" Value="Aktualizovat z OTE">
        <Param Name="UnionTransaction">True</Param>
      </Param>
      <Param Name="AnnulateAllRequest" Value="Anulovat objednávky">
        <Param Name="UnionTransaction">True</Param>
      </Param>
    </Param>
    <Param Name="PrimaryKeyName">Id</Param>
    <Param Name="DynamicLoading">False</Param>
    <Param Name="ViewName">SELECT p.Id as ID
      ,p.NAME as Name
      ,p.DEADLINE as Deadline
      ,NVL(OP.Volume, 0) as OpenPosition
      ,(NVL(OP.Volume, 0) + NVL(OpenBids.Volume, 0) - NVL(OpenAsks.Volume, 0)) as ActualOpenPosition
      ,Bids.Price as BidPrice
      ,Bids.AgrVolume as BidVolume
      ,Asks.Price as AskPrice
      ,Asks.AgrVolume as AskVolume
      ,Actuals.MaxPrice as MaxPrice
      ,Actuals.MinPrice as MinPrice
      ,Lasts.LastPrice as LastPrice
      ,p.STARTTRADETIME as STARTTRADETIME
      ,p.STOPTRADETIME as STOPTRADETIME
from GIDM_PRODUCT p
left join
(
    Select       bid.PRODUCTFK as PRODUCTFK  
                ,Min(bid.Price) as Price
                ,Sum(bid.Volume) as AgrVolume
    from        GIDM_PRODUCTREQUEST bid
    where       bid.TREQUESTTYPEFK = 1
    group by    PRODUCTFK
) Bids
on Bids.PRODUCTFK = p.Id

left join
(
    Select      Ask.PRODUCTFK as PRODUCTFK 
                ,Max(Ask.Price) as Price
                ,Sum(Ask.Volume) as AgrVolume
    from        GIDM_PRODUCTREQUEST Ask
    where       Ask.TREQUESTTYPEFK = 2
    group by    PRODUCTFK
) Asks
on Asks.PRODUCTFK = p.Id

left join
(
    Select      act.PRODUCTFK as PRODUCTFK 
                ,Max(act.Price) as MaxPrice
                ,Min(act.Price) as MinPrice
    from        GIDM_PRODUCTREQUEST act
                -- TODO WHERE actual
    group by    PRODUCTFK
) Actuals
on Actuals.PRODUCTFK = p.Id

left join
(
    Select      LastRequest.PRODUCTFK as PRODUCTFK
                , max(LastRequest.PRICE) as LastPrice
    from        GIDM_PRODUCTREQUEST LastRequest
    inner join
    (
        Select      r.PRODUCTFK as PRODUCTFK
                    ,Max(r.EE_TRANS_ID) as LastDate -- TODO Date
        from        GIDM_PRODUCTREQUEST r
        group by    PRODUCTFK
    ) LastDates
    on LastRequest.PRODUCTFK = LastDates.PRODUCTFK And
    LastRequest.EE_TRANS_ID = LastDates.LastDate   -- TODO Date
    group by LastRequest.PRODUCTFK
) Lasts
on Lasts.PRODUCTFK = p.Id

left join
(
    Select      OpenPositions.PRODUCTFK as PRODUCTFK
                ,OpenPositions.OpenPosition as Volume
    from        GIDM_ProdOpenPos OpenPositions
    inner join  GIDM_Product P on P.Id = OpenPositions.PRODUCTFK
    inner join  gidm_configuration C on C.Id = openpositions.configurationfk
    where       C.SubjectFK = 1000020
) OP
on OP.PRODUCTFK = p.Id

left join
(
    Select      R.PRODUCTFK as PRODUCTFK
                ,Sum(R.Volume) as Volume
    from        GIDM_Request R
    inner join  GIDM_TRequestType T on T.Id = R.TRequestTypeFK
    where       R.TradeUnitFK = [SubjectID] and T.Key = 'N'
    group by    R.PRODUCTFK
) OpenBids
on OpenBids.PRODUCTFK = p.Id

left join
(
    Select      R.PRODUCTFK as PRODUCTFK
                ,Sum(R.Volume) as Volume
    from        GIDM_Request R
    inner join  GIDM_TRequestType T on T.Id = R.TRequestTypeFK
    where       R.TradeUnitFK = [SubjectID] and T.Key = 'P'
    group by    R.PRODUCTFK
) OpenAsks
on OpenAsks.PRODUCTFK = p.Id</Param>
    <Param Name="WhereCondition">STARTTRADETIME &lt; current_timestamp And STOPTRADETIME &gt; current_timestamp</Param>
    <Param Name="Export">
      <Param Name="Export do Excelu"></Param>
    </Param>
  </Params>
  <DetailsButton IsVisible="True" Form="egeRequests" UnionTransaction="True" />
  <SelectButton IsVisible="False" UnionTransaction="True" />
</Form>