<?xml version="1.0" encoding="utf-8"?>
<Form Type="Grid" Scale="100%" Caption="Vzniklé obchody" EntityType="Enif.EDA.ETRM.OTE.VDT.Entities.VDT_PblcTradeConfRprt,EnifETRMCOMOTE">
  <Params>
    <Param Name="ViewName">Select VDT_PblcTradeConfRprt.Id as ID, VDT_PblcTradeConfRprt.BuyDlvryAreaId as BuyDlvryAreaId, VDT_PblcTradeConfRprt.ContractDate as ContractDate, VDT_PblcTradeConfRprt.ContractTimeFrom as ContractTimeFrom, VDT_PblcTradeConfRprt.ContractTimeTo as ContractTimeTo, VDT_PblcTradeConfRprt.ContractType as ContractType, VDT_PblcTradeConfRprt.Px / 100 as Px, VDT_PblcTradeConfRprt.Qty / 1000 as Qty, VDT_PblcTradeConfRprt.SellDlvryAreaId as SellDlvryAreaId, VDT_PblcTradeConfRprt.State as State, VDT_PblcTradeConfRprt.TradeExecTime as TradeExecTime, VDT_PblcTradeConfRprt.TradeId as TradeId  from VDT_PblcTradeConfRprt as VDT_PblcTradeConfRprt</Param>
    <Param Name="ViewType">HQL</Param>
    <Param Name="PrimaryKeyName">ID</Param>
    <Param Name="DynamicLoading">False</Param>
    <Param Name="RefreshOnNotifyEnabled">True</Param>
    <Param Name="FilterForm">egdPblcTradeConfRprtDateFilter</Param>
    <Param Name="Order">TradeExecTime Descending</Param>
    <Param Name="Columns">
      <Param Name="TradeExecTime">
        <Param Name="Label">Čas uskutečnění</Param>
        <Param Name="DataType">DateTime</Param>
        <Param Name="Format">G</Param>
      </Param>
      <Param Name="ContractDate">
        <Param Name="Label">Den kontraktu</Param>
        <Param Name="DataType">DateTime</Param>
        <Param Name="Format">d</Param>
        <Param Name="Alignment">Right</Param>
      </Param>
      <Param Name="ContractTimeFrom">
        <Param Name="Label">Od</Param>
        <Param Name="DataType">Int32</Param>
        <Param Name="Format">#0:\\0\\0</Param>
        <Param Name="Alignment">Right</Param>
        <Param Name="Width">50</Param>
      </Param>
      <Param Name="ContractTimeTo">
        <Param Name="Label">Do</Param>
        <Param Name="DataType">Int32</Param>
        <Param Name="Format">#0:\\0\\0</Param>
        <Param Name="Alignment">Right</Param>
        <Param Name="Width">50</Param>
      </Param>
      <Param Name="ContractType">
        <Param Name="Label">Typ kontraktu</Param>
        <Param Name="DataType">String</Param>
        <Param Name="Width">100</Param>
      </Param>
      <Param Name="Qty">
        <Param Name="Label">Výkon v MWh</Param>
        <Param Name="DataType">Double</Param>
        <Param Name="Format">0.000</Param>
        <Param Name="Alignment">Right</Param>
      </Param>
      <Param Name="Px">
        <Param Name="Label">Cena v EUR</Param>
        <Param Name="DataType">Double</Param>
        <Param Name="Format">0.00</Param>
        <Param Name="Alignment">Right</Param>
      </Param>
      <Param Name="SellDlvryAreaId">
        <Param Name="Label">Síť prodávajícího</Param>
        <Param Name="DataType">String</Param>
      </Param>
      <Param Name="BuyDlvryAreaId">
        <Param Name="Label">Síť kupujícího</Param>
        <Param Name="DataType">String</Param>
      </Param>
      <Param Name="TradeId">
        <Param Name="Label">ID OTE</Param>
        <Param Name="DataType">Int64</Param>
        <Param Name="Alignment">Right</Param>
        <Param Name="Width">100</Param>
      </Param>
    </Param>
  </Params>
</Form>