﻿<?xml version="1.0" encoding="utf-8"?>
<!--<SubModulesQuery>select mubz.Id,'AllInOne' from MU_BZ mubz where mubz.Id=1000000</SubModulesQuery>
  <SubModulesSelector>1000000</SubModulesSelector>-->
<ImmediateAdapterMapping>
  <SubModulesQuery>select mubz.Id,mubz.MarketUnit.Subject.ExternalId1||'-'||mubz.BalanceZone.Key from MU_BZ mubz</SubModulesQuery>
  <SubModulesSelector>mubz.Id</SubModulesSelector>
  <Mapping Hql="select mubz.Id from MU_BZ mubz where mubz.Id=:FormulaId">
    <Out Id="MU_BZ.DiagramClosedPosition">
      <In>MU_BZ.DiagramClosedPositionBorders</In>
      <In>MU_BZ.DiagramClosedPositionVTP</In>
    </Out>
  </Mapping>
  <Mapping Hql="select mubzcomm.Id from MU_BZComm mubzcomm join mubzcomm.Parent mubz where mubzcomm.Id=:FormulaId">
    <Out Id="MU_BZComm.DiagramSaldoPayment">
      <In>MU_BZComm.DiagramEntryPayment</In>
      <In>MU_BZComm.DiagramExitPayment</In>
    </Out>
    <Out Id="MU_BZComm.DiagramSaldoVolume">
      <In>MU_BZComm.DiagramEntryVolume</In>
      <In>MU_BZComm.DiagramExitVolume</In>
    </Out>
  </Mapping>
  <Mapping Hql="select distinct item.Id from MU_GPGGridComm item, MU_BZ mubz inner join item.MU_GPGGrid mugpggrid inner join mugpggrid.GPGGrid gpggrid inner join gpggrid.Grid grid inner join grid.BalanceZone bz inner join mubz.BalanceZone mubzbz where item.Id=:FormulaId and mubzbz.Id=bz.Id">
    <Out Id="MU_GPGGridComm.DiagramSaldoVolume">
      <In>MU_GPGGridComm.DiagramEntryVolume</In>
      <In>MU_GPGGridComm.DiagramExitVolume</In>
    </Out>
  </Mapping>
  <Mapping Hql="select distinct gpcomm.Id from MU_GridPointComm gpcomm, MU_GPGGridComm gpggcomm, MU_BZ mubz inner join gpcomm.Parent.MarketUnit gpcomm_mu inner join gpcomm.Parent.GridPoint.Grid.BalanceZone gpcomm_bz inner join gpcomm.Comm gpcomm_com inner join gpcomm.Parent.GridPoint.GPGGrid gpgpg inner join gpggcomm.Comm gpggcomm_com inner join gpggcomm.MU_GPGGrid.GPGGrid.Grid.BalanceZone gpggcomm_bz inner join gpggcomm.MU_GPGGrid.MarketUnit gpggcomm_mu inner join gpggcomm.MU_GPGGrid.GPGGrid gpg where gpcomm_mu.Id=gpggcomm_mu.Id and gpcomm_bz.Id=gpcomm_bz.Id and gpggcomm_com.Id=gpcomm_com.Id and gpg.Id=gpgpg.Id and gpcomm.Id=:FormulaId and gpggcomm_bz.Id=mubz.BalanceZone.Id and gpggcomm_mu.Id=mubz.MarketUnit.Id">
    <Out Id="MU_GridPointComm.DiagramSaldoVolume">
      <In>MU_GridPointComm.DiagramEntryVolume</In>
      <In>MU_GridPointComm.DiagramExitVolume</In>
    </Out>
  </Mapping>
  <Mapping Hql="select distinct item.Id from MU_GPGGridComm item, MU_BZ mubz inner join item.MU_GPGGrid mugpggrid inner join mugpggrid.GPGGrid gpggrid inner join gpggrid.Grid grid inner join grid.BalanceZone bz inner join mubz.BalanceZone mubzbz where item.Comm.AggKey='COMMODITY' and mubz.Id=:FormulaId and mubzbz.Id=bz.Id and gpggrid.GridPointType.IsBorder=1 ">
    <Out Id="MU_BZ.DiagramClosedPositionBorders">
      <In>MU_GPGGridComm.DiagramSaldoVolume</In>
    </Out>
  </Mapping>
  <Mapping Hql="select distinct item.Id from MU_GPGGridComm item, MU_BZ mubz inner join item.MU_GPGGrid mugpggrid inner join mugpggrid.GPGGrid gpggrid inner join gpggrid.Grid grid inner join grid.BalanceZone bz inner join mubz.BalanceZone mubzbz where item.Comm.AggKey='COMMODITY' and mubz.Id=:FormulaId and mubzbz.Id=bz.Id and gpggrid.GridPointType.IsVTP=1">
    <Out Id="MU_BZ.DiagramClosedPositionVTP">
      <In>MU_GPGGridComm.DiagramSaldoVolume</In>
    </Out>
  </Mapping>
  <Mapping Hql="select distinct mubz2bz_v.Id from MU_BZ mubz, MU_BZMain2BZ_BZ mubz2bz_v inner join mubz.BalanceZone bz_main inner join mubz.MarketUnit bz_mu inner join mubz2bz_v.BZBZ.BalanceZone bz_v_sup inner join mubz2bz_v.BZBZ.BZMain2BZ.BalanceZoneMain bz_v_main inner join mubz2bz_v.BZBZ.BZMain2BZ.BalanceZoneMain.BalanceZoneType bz_v_main_typ inner join mubz2bz_v.MarketUnit bz_v_mu where mubz.Id=:FormulaId and bz_main.Id=bz_v_sup.Id and bz_mu.Id=bz_v_mu.Id and bz_v_main_typ.Key='Storage'">
    <Out Id="MU_BZ.DiagramCommEntryAllSSOs">
      <In>MU_BZMain2BZ_BZ.DiagramCommEntryToBZ</In>
    </Out>
    <Out Id="MU_BZ.DiagramCommExitAllSSOs">
      <In>MU_BZMain2BZ_BZ.DiagramCommExitToBZ</In>
    </Out>
  </Mapping>
  <Mapping Hql="select distinct mubz2bz_v.Id from MU_BZ mubz, MU_BZMain2BZ_BZ mubz2bz_v inner join mubz.BalanceZone bz_main inner join mubz.MarketUnit bz_mu inner join mubz2bz_v.BZBZ.BalanceZone bz_v_sup inner join mubz2bz_v.BZBZ.BZMain2BZ.BalanceZoneMain bz_v_main inner join mubz2bz_v.BZBZ.BZMain2BZ.BalanceZoneMain.BalanceZoneType bz_v_main_typ inner join mubz2bz_v.MarketUnit bz_v_mu where mubz.Id=:FormulaId and bz_main.Id=bz_v_sup.Id and bz_mu.Id=bz_v_mu.Id and bz_v_main_typ.Key='Standard'">
    <Out Id="MU_BZ.DiagramCommEntryAllTSOs">
      <In>MU_BZMain2BZ_BZ.DiagramCommEntryToBZ</In>
    </Out>
    <Out Id="MU_BZ.DiagramCommExitAllTSOs">
      <In>MU_BZMain2BZ_BZ.DiagramCommExitToBZ</In>
    </Out>
  </Mapping>
  <Mapping Hql="select distinct mubz2bz_v.Id from MU_BZ mubz, MU_BZMain2BZ_BZ mubz2bz_v inner join mubz.BalanceZone bz_main inner join mubz.MarketUnit bz_mu inner join mubz2bz_v.BZBZ.BalanceZone bz_v_sup inner join mubz2bz_v.BZBZ.BZMain2BZ.BalanceZoneMain bz_v_main inner join mubz2bz_v.BZBZ.BalanceZone.BalanceZoneType bz_v_typ inner join mubz2bz_v.MarketUnit bz_v_mu where mubz.Id=:FormulaId and bz_main.Id=bz_v_main.Id and bz_mu.Id=bz_v_mu.Id and bz_v_typ.Key='Storage'">
    <Out Id="MU_BZ.DiagramCommEntryFromAllSSOs">
      <In>MU_BZMain2BZ_BZ.DiagramCommEntryToBZ</In>
    </Out>
    <Out Id="MU_BZ.DiagramCommExitFromAllSSOs">
      <In>MU_BZMain2BZ_BZ.DiagramCommExitToBZ</In>
    </Out>
  </Mapping>
  <Mapping Hql="select distinct mubz2bz_v.Id from MU_BZ mubz, MU_BZMain2BZ_BZ mubz2bz_v inner join mubz.BalanceZone bz_main inner join mubz.MarketUnit bz_mu inner join mubz2bz_v.BZBZ.BalanceZone bz_v_sup inner join mubz2bz_v.BZBZ.BZMain2BZ.BalanceZoneMain bz_v_main inner join mubz2bz_v.BZBZ.BalanceZone.BalanceZoneType bz_v_typ inner join mubz2bz_v.MarketUnit bz_v_mu where mubz.Id=:FormulaId and bz_main.Id=bz_v_main.Id and bz_mu.Id=bz_v_mu.Id and bz_v_typ.Key='Standard'">
    <Out Id="MU_BZ.DiagramCommEntryFromAllTSOs">
      <In>MU_BZMain2BZ_BZ.DiagramCommEntryToBZ</In>
    </Out>
    <Out Id="MU_BZ.DiagramCommExitFromAllTSOs">
      <In>MU_BZMain2BZ_BZ.DiagramCommExitToBZ</In>
    </Out>
  </Mapping>
  <Mapping Hql="select distinct item.Id from MU_GridComm item inner join item.Parent itemparent inner join itemparent.MUBZ mubz inner join mubz.bagMUBZComm sumcomm where item.Comm.Key=sumcomm.Comm.Key and sumcomm.Id=:FormulaId">
    <Out Id="MU_BZComm.DiagramEntryPayment">
      <In>MU_GridComm.DiagramEntryPayment</In>
    </Out>
    <Out Id="MU_BZComm.DiagramEntryVolume">
      <In>MU_GridComm.DiagramEntryVolume</In>
    </Out>
    <Out Id="MU_BZComm.DiagramExitPayment">
      <In>MU_GridComm.DiagramExitPayment</In>
    </Out>
    <Out Id="MU_BZComm.DiagramExitVolume">
      <In>MU_GridComm.DiagramExitVolume</In>
    </Out>
  </Mapping>
  <Mapping Hql="select distinct mugpgg.Id from MU_BZMain2BZ_BZ mubzm2bz, MU_GPGGrid mugpgg, GridPipeGPGG gpgpgg_main_gp, GridPipeGPGG_2 gpgpgg_other_gp, MU_BZ mubz inner join mubzm2bz.BZBZ bzm2bzbz inner join bzm2bzbz.BZMain2BZ bzm2bz inner join bzm2bz.BalanceZoneMain bz_main inner join bzm2bzbz.BalanceZone bz_other inner join mugpgg.GPGGrid gpgg inner join gpgg.Grid get inner join get.BalanceZone bz_mugpgg inner join gpgpgg_main_gp.GridPipe gp_main_gp inner join gpgpgg_main_gp.GPGGrid gpgg_main_gp inner join gpgpgg_other_gp.GridPipe gp_other_gp inner join gpgpgg_other_gp.GPGGrid gpgg_other_gp inner join gpgg_other_gp.Grid get_other_gp inner join get_other_gp.BalanceZone bz_other_gp where bz_mugpgg.Id=bz_main.Id and gpgg_main_gp.Id=gpgg.Id and bz_other_gp.Id=bz_other.Id and gp_main_gp.Id=gp_other_gp.Id and mubzm2bz.Id=:FormulaId and mubzm2bz.MarketUnit=mubz.MarketUnit and mubzm2bz.BZBZ.BalanceZone=mubz.BalanceZone">
    <Out Id="MU_BZMain2BZ_BZ.DiagramCommEntryToBZ">
      <In>MU_GPGGrid.DiagramEntryCommodity</In>
    </Out>
    <Out Id="MU_BZMain2BZ_BZ.DiagramCommExitToBZ">
      <In>MU_GPGGrid.DiagramExitCommodity</In>
    </Out>
  </Mapping>
  <Mapping Hql="select distinct mugp.Id from MU_GridPoint mugp, MU_GPGGrid mugpgg, MU_BZ mubz inner join mugp.GridPoint gp inner join gp.GPGGrid gpgg inner join mugpgg.GPGGrid mugpgg_gpgg inner join mugpgg_gpgg.Grid grid where mugpgg.Id=:FormulaId and mugpgg_gpgg.Id=gpgg.Id and gp.IOType.Key='Entry' and grid.BalanceZone=mubz.BalanceZone and mugp.MarketUnit=mubz.MarketUnit">
    <Out Id="MU_GPGGrid.DiagramEntryCommodity">
      <In>MU_GridPoint.DiagramCommodity</In>
    </Out>
  </Mapping>
  <Mapping Hql="select distinct mugp.Id from MU_GridPoint mugp, MU_GPGGrid mugpgg, MU_BZ mubz inner join mugp.GridPoint gp inner join gp.GPGGrid gpgg inner join mugpgg.GPGGrid mugpgg_gpgg inner join mugpgg_gpgg.Grid grid where mugpgg.Id=:FormulaId and mugpgg_gpgg.Id=gpgg.Id and gp.IOType.Key='Exit' and grid.BalanceZone=mubz.BalanceZone and mugp.MarketUnit=mubz.MarketUnit">
    <Out Id="MU_GPGGrid.DiagramExitCommodity">
      <In>MU_GridPoint.DiagramCommodity</In>
    </Out>
  </Mapping>
  <Mapping Hql="select distinct gpcomm.Id from MU_GridPointComm gpcomm, MU_GPGGridComm gpggcomm,MU_BZ mubz inner join gpcomm.Parent.MarketUnit gpcomm_mu inner join gpcomm.Parent.GridPoint.Grid.BalanceZone gpcomm_bz inner join gpcomm.Comm gpcomm_com inner join gpcomm.Parent.GridPoint.GPGGrid gpgpg inner join gpggcomm.Comm gpggcomm_com inner join gpggcomm.MU_GPGGrid.GPGGrid.Grid.BalanceZone gpggcomm_bz inner join gpggcomm.MU_GPGGrid.MarketUnit gpggcomm_mu inner join gpggcomm.MU_GPGGrid.GPGGrid gpg where gpcomm_mu.Id=gpggcomm_mu.Id and gpcomm_bz.Id=gpcomm_bz.Id and gpggcomm_com.Id=gpcomm_com.Id and gpg.Id=gpgpg.Id and gpggcomm.Id=:FormulaId and gpggcomm_bz.Id=mubz.BalanceZone.Id and gpggcomm_mu.Id=mubz.MarketUnit.Id ">
    <Out Id="MU_GPGGridComm.DiagramEntryVolume">
      <In>MU_GridPointComm.DiagramEntryVolume</In>
    </Out>
    <Out Id="MU_GPGGridComm.DiagramExitVolume">
      <In>MU_GridPointComm.DiagramExitVolume</In>
    </Out>
  </Mapping>
  <Mapping Hql="select distinct item.Id from MU_GridPointComm item inner join item.Parent itemparent inner join itemparent.MUGrid sumparent inner join sumparent.bagMUGridComm sumcomm inner join sumparent.MUBZ mubz where item.Comm.Key=sumcomm.Comm.Key and sumcomm.Id=:FormulaId">
    <Out Id="MU_GridComm.DiagramEntryPayment">
      <In>MU_GridPointComm.DiagramEntryPayment</In>
    </Out>
    <Out Id="MU_GridComm.DiagramEntryVolume">
      <In>MU_GridPointComm.DiagramEntryVolume</In>
    </Out>
    <Out Id="MU_GridComm.DiagramExitPayment">
      <In>MU_GridPointComm.DiagramExitPayment</In>
    </Out>
    <Out Id="MU_GridComm.DiagramExitVolume">
      <In>MU_GridPointComm.DiagramExitVolume</In>
    </Out>
  </Mapping>
  <Mapping Hql="select distinct gpcomm.Id from MU_GridPointComm gpcomm, MU_GridPoint gp inner join gpcomm.Parent.GridPoint gpcomm_gp inner join gpcomm.Parent.MarketUnit gpcomm_mu inner join gpcomm.Parent.GridPoint.Grid gpcomm_grid inner join gpcomm.Parent.GridPoint.Grid.BalanceZone gpcomm_bz inner join gpcomm.Comm gpcomm_com inner join gp.MarketUnit gp_mu inner join gp.GridPoint gpgp inner join gp.GridPoint.Grid gp_grid inner join gp.GridPoint.Grid.BalanceZone gp_bz inner join gpcomm.Parent.MUGrid.MUBZ mubz where gp.Id=:FormulaId and gpcomm_gp.Id=gpgp.Id and gpcomm_mu.Id=gp_mu.Id and gpcomm_grid.Id=gp_grid.Id and gpcomm_bz.Id=gp_bz.Id and gpcomm_com.Key='GASCom'">
    <Out Id="MU_GridPoint.DiagramCommodity">
      <In>MU_GridPointComm.DiagramSaldoVolume</In>
    </Out>
  </Mapping>
  <Mapping Hql="select distinct d.Id from Deal d inner join d.GridPointInternal egp inner join egp.bagMU_GridPoint mugp inner join mugp.bagMUGridPointComm mugpcomm inner join mugpcomm.Parent.MUGrid.MUBZ mubz where d.DealType.Commodity.Key=mugpcomm.Comm.Key and d.DealState.AggType=1 and d.DealType.IsUnited=0 and mugpcomm.Id=:FormulaId">
    <AllIdsHql>
      select distinct mugpcomm.Id,mubz.Id from MU_GridPointComm mugpcomm inner join mugpcomm.Parent.MUGrid.MUBZ mubz
      left join Deal d
    </AllIdsHql>
    <ResampleHqlPart>d.Product.AggregationFxType.Key</ResampleHqlPart>
    <Out Id="MU_GridPointComm.DiagramEntryPayment">
      <In ResampleExpression="Const;SUM">Deal.DiagramBuyPaymentMSAgg</In>
    </Out>
    <Out Id="MU_GridPointComm.DiagramEntryVolume">
      <In ResampleExpression="HqlIdx;0">Deal.DiagramBuyVolumeMS</In>
    </Out>
    <Out Id="MU_GridPointComm.DiagramExitPayment">
      <In ResampleExpression="Const;SUM">Deal.DiagramSellPaymentMSAgg</In>
    </Out>
    <Out Id="MU_GridPointComm.DiagramExitVolume">
      <In ResampleExpression="HqlIdx;0">Deal.DiagramSellVolumeMS</In>
    </Out>
  </Mapping>
</ImmediateAdapterMapping>