﻿<?xml version="1.0" encoding="utf-8"?>
<TreeConfig xmlns="Enif.TreeConfig">
  <ModContainer Name="Static">
    <ModCommand Name="Logout">
      <Type>Menu</Type>
      <ProgId>EnifClient.CCommandLogOff</ProgId>
      <Caption>Nástroje|Odhlásit se</Caption>
    </ModCommand>
    <ModCommand Name="mnRecomputeAllAll" Caption="Nástroje|Přepočítat vše (vše)" ProgId="Enif.Naos.CCommandRecomputeAll,EnifNaos" Type="Menu">
      <Params>
        <Param Name="NaosModuleName">NaosCore</Param>
      </Params>
    </ModCommand>
    <ModCommand Name="mnRecomputeAggDataAdapter" Caption="Nástroje|Přepočítat vše (NaosModuleAggDataAdapter)" ProgId="Enif.Naos.CCommandRecomputeAll,EnifNaos" Type="Menu">
      <Params>
        <Param Name="NaosModuleName">NaosModuleETRMAggDataAdapter</Param>
      </Params>
    </ModCommand>
    <ModCommand Name="lwLeftTree" Type="LeftPanel" ProgId="EnifGui.LWLeftTree">
      <Params>
        <Param Name="OrderByType" Value="NodeTypeAndCaption" />
        <Param Name="AllowDrop" Value="true" />
        <Param Name="RootNodes">
          <Param>[ROOT]|System|[ROOT]</Param>
          <Param>1|Act_ETRM-Actions-Root|ETRMActionsAndData</Param>
          <Param>1|Data_ETRM-Data-Root|ETRMActionsAndData</Param>
        </Param>
      </Params>
    </ModCommand>
  </ModContainer>

  <ModContainer Name="Global">
    <ModCommand Name="ServiceKeys">
      <ModProgId>Enif.ServiceKeys.CModCommandClassServiceKeys</ModProgId>
    </ModCommand>
    <ModCommand Name="LWProperties">
      <ModProgId>EnifCommon.CModCommandAddToBegin</ModProgId>
      <Type>Tab Editor</Type>
      <ProgId>EnifGui.LWProperties</ProgId>
      <Caption>Vlastnosti</Caption>
      <Params>
        <Param Name="ShowCommands">true</Param>
      </Params>
    </ModCommand>
    <ModCommand Name="Grid-full_Workspace">
      <Caption>Tabulkový pohled</Caption>
      <Type>Tab</Type>
      <Icon>Folder</Icon>
      <ProgId>EnifGridEditor.GridEditor</ProgId>
      <Params>
        <!--<Param Name="AggDiagVisibility">Collapsed</Param>-->
        <Param Name="InfoVisibility">0</Param>
        <Param Name="ViewMode">Stable</Param>
        <Param Name="ColsHeaderMultiline">true</Param>
        <Param Name="ColsHeaderAggWidth">70</Param>
        <Param Name="ListCategory">
          <Param Name="DefVal" Value="All"></Param>
          <Param Name="List">
            <Param Name="0" Value="All">
              <Param Name="Caption" Value="Všechny hodnoty"></Param>
              <ParamClass Name="ProgID" ClassProgId="Enif.CClassInfo">
                <ProgId>EnifGridEditor.CCategoryPNDN,EnifGridEditor</ProgId>
              </ParamClass>
            </Param>
          </Param>
        </Param>
      </Params>
    </ModCommand>
  </ModContainer>

  <NodeType Id="100" Name="[ERROR]">
    <NodeProgId>Enif.Tree.CNodeError</NodeProgId>
    <ModFormat>
      <ForeColor>White</ForeColor>
      <BackColor>Crimson</BackColor>
      <FontStyleChange>Bold1</FontStyleChange>
      <IconParams>Error</IconParams>
      <IconOperation>Set</IconOperation>
    </ModFormat>

    <ModCommand Name="LWError">
      <Type>Tab</Type>
      <ProgId>Enif.Tree.LWErrorNode,Enif</ProgId>
      <Caption>{{cmdErrorInformations}}Information</Caption>
    </ModCommand>
  </NodeType>

  <NodeType Id="200" Name="[ROOT]">
    <NodeProgId>Enif.CNode</NodeProgId>
    <ModFormat>
      <ForeColor>Black</ForeColor>
      <FontStyleChange>Bold1</FontStyleChange>
      <IconParams>Root</IconParams>
      <IconOperation>Set</IconOperation>
    </ModFormat>
  </NodeType>
  <ModContainer Name="Commands" ModProgId="EnifCommon.CModContainerFilterTemplateId">
    <Mods>
      <ModCommand Icon="PlusCreate" ProgId="EnifClient.CCommandLogOff">
        <Type>DirectCommand</Type>
        <ModParams>
          <Param Name="TemplateId">Disconnect</Param>
        </ModParams>
      </ModCommand>
      <ModCommand Type="Tab" ProgId="EnifHqlEditor.LWHqlEditor,EnifHqlEditor" Caption="HqlEditorETRM">
        <ModParams>
          <Param Name="TemplateId">HqlEditorETRM</Param>
        </ModParams>
        <Params>
          <Param Name="SessionFactory">ETRM</Param>
        </Params>
      </ModCommand>
    </Mods>
  </ModContainer>

  <NodeType Id="300" Name="Folder">
    <NodeProgId>Enif.CNode</NodeProgId>
    <Mods>
      <ModFormat>
        <ForeColor>Black</ForeColor>
        <FontStyleChange>Bold1</FontStyleChange>
        <IconParams>vd_folder</IconParams>
        <IconOperation>Set</IconOperation>
      </ModFormat>
    </Mods>
    <ModContainerRef Ref="Commands" />
  </NodeType>

  <NodeTemplate Id="[ROOT]" ProgId="EnifCommon.CNTConst">
    <NodeType>[ROOT]</NodeType>
    <Caption>{{ntRoot}}Lancelot ETRM Gas</Caption>
    <NodeTemplate Caption="Systém" Id="System" ProgId="EnifCommon.CNTConst" NodeType="Folder">
      <NodeTemplate Caption="Odhlásit" ProgId="EnifCommon.CNTConst" Id="Disconnect" NodeType="Folder">
        <Params>
          <Param Name="HasChildren">false</Param>
        </Params>
      </NodeTemplate>
      <NodeTemplate Caption="Hql editor ETRM" ProgId="EnifCommon.CNTConst" Id="HqlEditorETRM" NodeType="Folder">
        <Params>
          <Param Name="HasChildren">false</Param>
        </Params>
      </NodeTemplate>
    </NodeTemplate>
  </NodeTemplate>

</TreeConfig>

