﻿<?xml version="1.0" encoding="utf-8"?>
<Form Type="Entity" Caption="Adresa" WindowCaption="Adresa" ProgId="EGCore.EGBaseBehavior,EGCore" EntityType="Enif.EDA.EDA.Entities.Address,EnifGECommon" IsReadOnly="False" Scale="1" ValidationLevel="0" CanDelete="None">
  <FieldSection Name="Default" Caption="Adresa" Columns="1">
    <Field Name="AddresseeEx" Caption="AddresseeEx" FieldType="Text" SelectorType="Path" Selector="AddresseeEx" IsVisible="false" IsEnabled="true" IsReadOnly="false" IsRequired="false" IsReactive="True" Occupation="Line" ValidationLevel="0" Column="0" Colspan="1" Rowspan="1" Ratio="22:26" IsBinded="true" />
    <Field Name="Street" Caption="Ulice" FieldType="Text" SelectorType="Path" Selector="Street" IsVisible="true" IsEnabled="true" IsReadOnly="false" IsRequired="false" IsReactive="True" Occupation="Line" ValidationLevel="0" Column="0" Colspan="1" Rowspan="1" Ratio="22:26" IsBinded="true" />
    <Field Name="DescriptiveNumber" Caption="Číslo popisné" FieldType="Text" SelectorType="Path" Selector="DescriptiveNumber" IsVisible="true" IsEnabled="true" IsReadOnly="false" IsRequired="false" IsReactive="True" Occupation="Line" ValidationLevel="0" Column="0" Colspan="1" Rowspan="1" Ratio="22:26" IsBinded="true" />
    <Field Name="OrientationNumber" Caption="Číslo orientační" FieldType="Text" SelectorType="Path" Selector="OrientationNumber" IsVisible="true" IsEnabled="true" IsReadOnly="false" IsRequired="false" IsReactive="True" Occupation="Line" ValidationLevel="0" Column="0" Colspan="1" Rowspan="1" Ratio="22:26" IsBinded="true" />
    <Field Name="City" Caption="Město" FieldType="Text" SelectorType="Path" Selector="City" IsVisible="true" IsEnabled="true" IsReadOnly="false" IsRequired="false" IsReactive="True" Occupation="Line" ValidationLevel="0" Column="0" Colspan="1" Rowspan="1" Ratio="22:26" IsBinded="true" />
    <Field Name="Postcode" Caption="PSČ" FieldType="Text" SelectorType="Path" Selector="Postcode" IsVisible="true" IsEnabled="true" IsReadOnly="false" IsRequired="false" IsReactive="True" Occupation="Line" ValidationLevel="0" Column="0" Colspan="1" Rowspan="1" Ratio="22:26" IsBinded="true" />
    <Field Name="State" Caption="Stát" FieldType="EnumField" SelectorType="Path" Selector="TState" IsVisible="True" IsEnabled="True" IsReadOnly="False" Occupation="Line">
      <Params>
        <Param Name="HQL">select T, T.Caption from TState T</Param>
      </Params>
    </Field>
  </FieldSection>
</Form>