﻿<?xml version="1.0" encoding="utf-8"?>
<Form Type="Entity" Caption="Společnost" WindowCaption="Společnost" ProgId="" EntityType="Enif.EDA.EDA.Entities.Company,EnifGECommon" IsReadOnly="False" Scale="1" ValidationLevel="0">
  <FieldSection Name="Default" Caption="Detail" Columns="1">
    <Columns />
    <Field Name="Active" Caption="Aktivní" FieldType="BoolField" SelectorType="Path" Selector="Active" IsVisible="true" IsEnabled="true" IsReadOnly="false" IsRequired="true" IsReactive="True" Occupation="Line" ValidationLevel="0" Column="0" Colspan="1" Rowspan="1" Ratio="22:26" IsBinded="true" />
    <Field Name="CompanyId" Caption="Klíč" FieldType="Text" SelectorType="Path" Selector="CompanyId" IsVisible="true" IsEnabled="true" IsReadOnly="false" IsRequired="true" IsReactive="True" Occupation="Line" ValidationLevel="0" Column="0" Colspan="1" Rowspan="1" Ratio="22:26" IsBinded="true" />
    <Field Name="Name" Caption="Název" FieldType="Text" SelectorType="Path" Selector="Name" IsVisible="true" IsEnabled="true" IsReadOnly="false" IsRequired="true" IsReactive="True" Occupation="Line" ValidationLevel="0" Column="0" Colspan="1" Rowspan="1" Ratio="22:26" IsBinded="true" />
    <Field Name="ShortName" Caption="Krátký název" FieldType="Text" SelectorType="Path" Selector="ShortName" IsVisible="true" IsEnabled="true" IsReadOnly="false" IsRequired="true" IsReactive="True" Occupation="Line" ValidationLevel="0" Column="0" Colspan="1" Rowspan="1" Ratio="22:26" IsBinded="true" />
    <Field Name="TCompanyType" Caption="Typ společnosti" FieldType="EnumField" SelectorType="Path" Selector="TCompanyType" IsVisible="true" IsEnabled="true" IsReadOnly="false" IsRequired="false" IsReactive="True" Occupation="Line" ValidationLevel="0" Column="0" Colspan="1" Rowspan="1" Ratio="22:26" IsBinded="true">
      <Params>
        <Param Name="HQL">SELECT t, t.Caption from TCompanyType t</Param>
      </Params>
    </Field>
  </FieldSection>
  <FieldSection Name="Contacts" Caption="Kontakty">
    <Columns />
    <Field Name="Email" Caption="Email" FieldType="Text" SelectorType="Path" Selector="Email" IsVisible="true" IsEnabled="true" IsReadOnly="false" IsRequired="false" IsReactive="True" Occupation="Line" ValidationLevel="0" Column="0" Colspan="1" Rowspan="1" Ratio="22:26" IsBinded="true" />
    <Field Name="Phone" Caption="Telefon" FieldType="Text" SelectorType="Path" Selector="Phone" IsVisible="true" IsEnabled="true" IsReadOnly="false" IsRequired="false" IsReactive="True" Occupation="Line" ValidationLevel="0" Column="0" Colspan="1" Rowspan="1" Ratio="22:26" IsBinded="true" />
    <Field Name="MobilePhone" Caption="Mobil" FieldType="Text" SelectorType="Path" Selector="MobilePhone" IsVisible="true" IsEnabled="true" IsReadOnly="false" IsRequired="false" IsReactive="True" Occupation="Line" ValidationLevel="0" Column="0" Colspan="1" Rowspan="1" Ratio="22:26" IsBinded="true" />
    <Field Name="Fax" Caption="Fax" FieldType="Text" SelectorType="Path" Selector="Fax" IsVisible="true" IsEnabled="true" IsReadOnly="false" IsRequired="false" IsReactive="True" Occupation="Line" ValidationLevel="0" Column="0" Colspan="1" Rowspan="1" Ratio="22:26" IsBinded="true" />
    <Field Name="WWW" Caption="WWW" FieldType="Text" SelectorType="Path" Selector="WWW" IsVisible="true" IsEnabled="true" IsReadOnly="false" IsRequired="false" IsReactive="True" Occupation="Line" ValidationLevel="0" Column="0" Colspan="1" Rowspan="1" Ratio="22:26" IsBinded="true" />
    <Field Name="Address" Caption="Adresa" FieldType="Entity" SelectorType="Path" Selector="Address" IsVisible="true" IsEnabled="true" IsReadOnly="false" IsRequired="false" IsReactive="True" Occupation="Line" ValidationLevel="0" Column="0" Colspan="1" Rowspan="1" Ratio="22:26" IsBinded="true">
      <DetailsButton IsVisible="True" Form="egeAddress" UnionTransaction="True" Target="@Window" />
      <SelectButton IsVisible="False" Form="eggAddress" UnionTransaction="True" Target="@Window" Mode="Single" />
    </Field>
  </FieldSection>
  <FieldSection Name="Identifiers" Caption="Identifikátory">
    <Columns />
    <Field Name="Registration" Caption="Registrace" FieldType="Text" SelectorType="Path" Selector="Registration" IsVisible="true" IsEnabled="true" IsReadOnly="false" IsRequired="false" IsReactive="True" Occupation="Line" ValidationLevel="0" Column="0" Colspan="1" Rowspan="1" Ratio="22:26" IsBinded="true" />
    <Field Name="CompanyTaxId" Caption="Tax Id" FieldType="Text" SelectorType="Path" Selector="CompanyTaxId" IsVisible="true" IsEnabled="true" IsReadOnly="false" IsRequired="false" IsReactive="True" Occupation="Line" ValidationLevel="0" Column="0" Colspan="1" Rowspan="1" Ratio="22:26" IsBinded="true" />
    <Field Name="CompanyVatId" Caption="VAT Id" FieldType="Text" SelectorType="Path" Selector="CompanyVatId" IsVisible="true" IsEnabled="true" IsReadOnly="false" IsRequired="false" IsReactive="True" Occupation="Line" ValidationLevel="0" Column="0" Colspan="1" Rowspan="1" Ratio="22:26" IsBinded="true" />
  </FieldSection>
  <FieldSection Name="Description" Caption="Popis">
    <Columns />
    <Field Name="Description" Caption="Popis" FieldType="Text" SelectorType="Path" Selector="Note" IsVisible="true" IsEnabled="true" IsReadOnly="false" IsRequired="false" IsReactive="True" Occupation="CaptionBlock" ValidationLevel="0" Column="0" Colspan="1" Rowspan="1" Ratio="22:26" IsBinded="true" />
  </FieldSection>
  <FieldSection Name="Subjects" Caption="Subjekty">
    <Columns />
    <Field Name="bagSubject" Caption="Subjekty" FieldType="Grid" SelectorType="Path" Selector="bagSubject" IsReadOnly="False" Occupation="Block">
      <DetailsButton IsVisible="True" Form="egeSubject" UnionTransaction="True" Target="@Window" />
      <SelectButton IsVisible="True" Form="eggSubject" UnionTransaction="True" Mode="Single" />
      <NewButton IsVisible="True" Form="egeSubject" UnionTransaction="True" />
      <Params>
        <Param Name="Columns">
          <Param Name="ID">
            <Param Name="Field">Id</Param>
          </Param>
          <Param Name="Externí ID">
            <Param Name="Field">ExternalId1</Param>
          </Param>
        </Param>
        <Param Name="DeleteMode">Multi</Param>
      </Params>
    </Field>
  </FieldSection>
</Form>