<?xml version="1.0" encoding="utf-8"?>
<Form Caption="Obchodník" WindowCaption="Obchodník" Type="Entity" ProgId="Enif.EDA.ETRM.EnGui.SubjectTraderBehavior,EnifEtrmGui"
			EntityType="Enif.EDA.ETRM.Entities.SubjectTrader,EnifEtrmCommon" IsReadOnly="False" Scale="1" ValidationLevel="0" CanDelete="None"
			Background="#3E8791" Foreground="White">
  <FieldSection Name="Default" Caption="Obchodník" Color="" TextColor="Black" Columns="1">
       
    <Field Name="TTitlePrefix" Caption="Titul" Selector="Person.TTitlePrefix" SelectorType="Path" FieldType="EnumField" IsReadOnly="false"
					 IsRequired="false" IsReactive="True" IsVisible="true" IsEnabled="true" Dependents="" Occupation="Line" ValidationLevel="0"
					 Column="0" Colspan="1" Rowspan="1" Ratio="22:26" IsBinded="true">
      <Params>
        <Param Name="HQL">select T, T.Caption from TTitlePrefix T</Param>
      </Params>
    </Field>
    <Field Name="Address" Caption="Adresa" Selector="Person.Address" SelectorType="Path" FieldType="Entity" IsReadOnly="false" IsRequired="false"
					 IsReactive="True" IsVisible="true" IsEnabled="true" Dependents="" Occupation="Line" ValidationLevel="0" Column="0"
					 Colspan="1" Rowspan="1" Ratio="22:26" IsBinded="true">
      <DetailsButton IsVisible="True" Form="egeAddress" UnionTransaction="True" Target="@Window" />
    </Field>
    <Field Name="FirstName" Caption="Jméno" Selector="Person.FirstName" SelectorType="Path" FieldType="Text" IsReadOnly="false" IsRequired="false"
					 IsReactive="True" IsVisible="true" IsEnabled="true" Dependents="" Occupation="Line" ValidationLevel="0" Column="0"
					 Colspan="1" Rowspan="1" Ratio="22:26" IsBinded="true" />
    <Field Name="LastName" Caption="Příjmení" Selector="Person.LastName" SelectorType="Path" FieldType="Text" IsReadOnly="false" IsRequired="false"
					 IsReactive="True" IsVisible="true" IsEnabled="true" Dependents="" Occupation="Line" ValidationLevel="0" Column="0"
					 Colspan="1" Rowspan="1" Ratio="22:26" IsBinded="true" />
    <Field Name="Email" Caption="E-mail" Selector="Person.Email" SelectorType="Path" FieldType="Text" IsReadOnly="false" IsRequired="false"
					 IsReactive="True" IsVisible="true" IsEnabled="true" Dependents="" Occupation="Line" ValidationLevel="0" Column="0"
					 Colspan="1" Rowspan="1" Ratio="22:26" IsBinded="true" />
    <Field Name="Phone" Caption="Tel" Selector="Person.Phone" SelectorType="Path" FieldType="Text" IsReadOnly="false" IsRequired="false"
					 IsReactive="True" IsVisible="true" IsEnabled="true" Dependents="" Occupation="Line" ValidationLevel="0" Column="0"
					 Colspan="1" Rowspan="1" Ratio="22:26" IsBinded="true" />
    <Field Name="MobilePhone" Caption="Mobil" Selector="Person.MobilePhone" SelectorType="Path" FieldType="Text" IsReadOnly="false"
					 IsRequired="false" IsReactive="True" IsVisible="true" IsEnabled="true" Dependents="" Occupation="Line" ValidationLevel="0"
					 Column="0" Colspan="1" Rowspan="1" Ratio="22:26" IsBinded="true" />
    <Field Name="Fax" Caption="Fax" Selector="Person.Fax" SelectorType="Path" FieldType="Text" IsReadOnly="false" IsRequired="false"
					 IsReactive="True" IsVisible="true" IsEnabled="true" Dependents="" Occupation="Line" ValidationLevel="0" Column="0"
					 Colspan="1" Rowspan="1" Ratio="22:26" IsBinded="true" />
    <Field Name="Note" Caption="Note" Selector="Person.Note" SelectorType="Path" FieldType="Text" IsReadOnly="false" IsRequired="false"
					 IsReactive="True" IsVisible="true" IsEnabled="true" Dependents="" Occupation="Line" ValidationLevel="0" Column="0"
					 Colspan="1"  Rowspan="1" Ratio="22:26" IsBinded="true" />

	</FieldSection>
</Form>