﻿<?xml version="1.0" encoding="utf-8"?>
<Form Type="Entity" Caption="Identifikátor" WindowCaption="Identifikátor" EntityType="Enif.EDA.EDA.Entities.SubjectIdentifier,EnifGECommon" IsReadOnly="False" Scale="1" ValidationLevel="1">
	<FieldSection TextColor="#FF000000" Color="#FF78ABB2" Caption="Základní">
		<Field Name="Subject" Caption="Subjekt" FieldType="Entity" SelectorType="Path" Selector="Subject" IsRequired="true" Occupation="Line">
			<DetailsButton IsVisible="True" Form="GE.egeSubject" UnionTransaction="True" Target="@Window" />
			<SelectButton IsVisible="True" Form="GE.eggSubjectList" UnionTransaction="True" Target="@Window" Mode="Single" />
			<NewButton IsVisible="False" UnionTransaction="True" />
			<Params>
				<Param Name="Format">{Name}</Param>
				<Param Name="Arguments">
					<Param Name="Path;Company.Name as Name" />
				</Param>
				<Param Name="DeleteButton">False</Param>
			</Params>
		</Field>
		<Field Name="Type" Caption="Typ" FieldType="EnumField" SelectorType="Path" Selector="IdentifierType" Occupation="Line">
			<Params>
				<Param Name="HQL">SELECT T, T.Caption FROM IdentifierType T</Param>
			</Params>
		</Field>
		<Field Name="Value" Caption="Hodnota" FieldType="Text" SelectorType="Path" Selector="IdentifierValue" Occupation="Line" />
	</FieldSection>
</Form>