﻿<?xml version="1.0" encoding="utf-8"?>
<Form Type="Entity" Caption="Subjekt" WindowCaption="Subjekt" ProgId="EGCore.EGBaseBehavior,EGCore" EntityType="Enif.EDA.EDA.Entities.Subject,EnifGECommon" IsReadOnly="False" Scale="1" ValidationLevel="0">
  <FieldSection Name="Detail" Caption="Detail" Columns="1">
    <Columns />
    <Field Name="Active" Caption="Aktivní" FieldType="BoolField" SelectorType="Path" Selector="Active" IsRequired="true" Occupation="Line" />
    <Field Name="Company" Caption="Společnost" FieldType="Entity" SelectorType="Path" Selector="Company" IsVisible="true" IsEnabled="true" IsReadOnly="false" IsRequired="true" IsReactive="True" Occupation="Line" ValidationLevel="0" Column="0" Colspan="1" Rowspan="1" Ratio="22:26" IsBinded="true">
      <DetailsButton IsVisible="False" Form="egeCompany" UnionTransaction="True" Target="@Window" />
      <SelectButton IsVisible="True" Form="eggCompany" UnionTransaction="True" Target="@Window" Mode="Single" />
      <Params>
        <Param Name="DeleteButton">False</Param>
      </Params>
    </Field>
    <Field Name="ExternalId" Caption="Externí ID" FieldType="Text" SelectorType="Path" Selector="ExternalId1" Occupation="Line" />
    <Field Name="ExternalId2" Caption="Externí ID 2" FieldType="Text" SelectorType="Path" Selector="ExternalId2" Occupation="Line" />
    <Field Name="ExternalId3" Caption="Externí ID 3" FieldType="Text" SelectorType="Path" Selector="ExternalId3" Occupation="Line" />
    <Field Name="Address" Caption="Adresa" FieldType="Entity" SelectorType="Path" Selector="Address" IsVisible="true" IsEnabled="true" IsReadOnly="false" IsRequired="false" IsReactive="True" Occupation="Line" ValidationLevel="0" Column="0" Colspan="1" Rowspan="1" Ratio="22:26" IsBinded="true">
      <DetailsButton IsVisible="True" Form="egeAddress" UnionTransaction="True" Target="@Window" />
      <SelectButton IsVisible="False" Form="eggAddress" UnionTransaction="True" Target="@Window" Mode="Single" />
    </Field>
  </FieldSection>
  <FieldSection Name="Description" Caption="Popis" Columns="1">
    <Columns />
    <Field Name="Description" Caption="Popis" FieldType="Text" SelectorType="Path" Selector="Note" IsVisible="true" IsEnabled="true" IsReadOnly="false" IsRequired="false" IsReactive="True" Occupation="CaptionBlock" ValidationLevel="0" Column="0" Colspan="1" Rowspan="1" Ratio="22:26" IsBinded="true" />
  </FieldSection>
  <FieldSection Name="Coparty" Caption="Protistrany">
    <Columns />
    <Field Name="bagMUMarketCoparty" Caption="Protistrany" FieldType="Grid" SelectorType="Path" Selector="bagMUMarketCoparty" IsReadOnly="False" Occupation="Block">
      <DetailsButton IsVisible="True" Form="Enif.ETRM.egeMarketCoparty" UnionTransaction="True" Target="@Window" />
      <SelectButton IsVisible="True" Form="Enif.ETRM.eggMarketCoparty" UnionTransaction="True" Mode="Single" />
      <NewButton IsVisible="True" Form="Enif.ETRM.egeMarketCoparty" UnionTransaction="True" />
      <Params>
        <Param Name="Columns">
          <Param Name="ID">
            <Param Name="Field">Id</Param>
          </Param>
          <Param Name="Trh">
            <Param Name="Field">MUMarketGrid.Market.Caption</Param>
          </Param>
          <Param Name="MarketUnit">
            <Param Name="Field">MUMarketGrid.MarketUnit.Subject.Company.Name</Param>
          </Param>
        </Param>
        <Param Name="DeleteMode">Multi</Param>
      </Params>
    </Field>
  </FieldSection>
</Form>