﻿<?xml version="1.0" encoding="utf-8"?>
<Form Type="Grid" Caption="Společnost" WindowCaption="Společnost" ProgId="EGCore.EGBaseBehavior,EGCore" EntityType="Enif.EDA.EDA.Entities.Company,EnifGECommon" IsReadOnly="False" Scale="2" ValidationLevel="0" CanDelete="Multi">
  <Params>
    <Param Name="ViewName">%schema%&lt;&lt;EDA_COMPANY&gt;&gt;</Param>
    <Param Name="PrimaryKeyName">ID</Param>
    <Param Name="WhereCondition" />
    <Param Name="Columns">
      <Param Name="Active">
        <Param Name="Label">Act.</Param>
        <Param Name="DataType">Boolean</Param>
        <Param Name="Alignment">Center</Param>
        <Param Name="Width">40</Param>
      </Param>
      <Param Name="Id">
        <Param Name="Label">ID</Param>
        <Param Name="Width">70</Param>
        <Param Name="DataType">String</Param>
        <Param Name="Alignment">Center</Param>
      </Param>
      <Param Name="COMPANYID">
        <Param Name="Label">Klíč</Param>
        <Param Name="Width">80</Param>
      </Param>
      <Param Name="NAME">
        <Param Name="Label">Název</Param>
        <Param Name="Width">1*</Param>
        <Param Name="MinWidth">150</Param>
      </Param>
      <Param Name="EMAIL">
        <Param Name="Label">Email</Param>
        <Param Name="Width">120</Param>
      </Param>
      <Param Name="PHONE">
        <Param Name="Label">Telefon</Param>
        <Param Name="Width">100</Param>
      </Param>
      <Param Name="MOBILEPHONE">
        <Param Name="Label">Mobil</Param>
        <Param Name="Width">100</Param>
      </Param>
      <Param Name="FAX">
        <Param Name="Label">Fax</Param>
        <Param Name="Width">100</Param>
      </Param>
      <Param Name="WWW">
        <Param Name="Label">www</Param>
        <Param Name="Width">150</Param>
      </Param>
    </Param>
    <Param Name="DynamicLoading">False</Param>
    <Param Name="Export">
      <Param Name="Export do Excelu"></Param>
    </Param>
  </Params>
  <DetailsButton IsVisible="True" Form="egeCompany" UnionTransaction="True" />
  <SelectButton IsVisible="True" Form="egeCompany" UnionTransaction="True" />
</Form>