﻿<?xml version="1.0" encoding="utf-8"?>
<Form Type="Grid" EntityType="Enif.EDA.EDA.Entities.SubjectIdentifier,EnifETRMCommon" Caption="Identifikátory" WindowCaption="Identifikátory" IsReadOnly="False" >
	<Params>
		<Param Name="ViewName">Select SubjectIdentifier.Id as ID, 
                               Company.Name as Name,
                               SubjectIdentifier.IdentifierValue as IdentifierValue,
                               Type.Caption as Type 
                               from SubjectIdentifier as SubjectIdentifier 
                               left join SubjectIdentifier.IdentifierType as Type
                               left join SubjectIdentifier.Subject as Subject
                               left join Subject.Company as Company</Param>
		<Param Name="ViewType">HQL</Param>
		<Param Name="PrimaryKeyName">ID</Param>
		<Param Name="Columns">
			<Param Name="IdentifierValue">
				<Param Name="Label">Hodnota</Param>
				<Param Name="Width">150</Param>
			</Param>	
			<Param Name="Type">
				<Param Name="Label">Typ</Param>
				<Param Name="Width">150</Param>
        <Param Name="CalculateDistinctValues">True</Param>
			</Param>
			<Param Name="Name">
				<Param Name="Label">Protistrana</Param>
				<Param Name="Width">150</Param>
        <Param Name="CalculateDistinctValues">True</Param>
			</Param>
		</Param>
	</Params>
	<DetailsButton IsVisible="True" Form="egeSubjectIdentifier" UnionTransaction="True" />
	<SelectButton IsVisible="True" Form="egeSubjectIdentifier" UnionTransaction="True" />
</Form>