﻿<?xml version="1.0" encoding="utf-8"?>
<Form Type="Grid" Caption="Subjekty" WindowCaption="Subjekty" ProgId="EGCore.EGBaseBehavior,EGCore" EntityType="Enif.EDA.EDA.Entities.Subject,EnifGECommon" IsReadOnly="False" Scale="1.1" ValidationLevel="0" CanDelete="Multi">
  <Params>
    <Param Name="ViewName">select 
subj.Id as Id, subj.Active as Active, subj.ExternalId1 as ExternalId1,
comp.Name as CompanyName,
COALESCE(mus.CountMarketUnits,0) as CountMarketUnits

from 
(select Id, Active, CompanyFK, ExternalId1 from EDA_subject) subj

left outer join
(select Id, Name from EDA_Company) comp
on
subj.CompanyFK = comp.Id

left outer join
(select count(Id) as CountMarketUnits, SubjectFK from EDA_MARKETUNIT group by SubjectFK) mus
on
subj.Id = mus.SubjectFK</Param>
    <Param Name="ViewType">Sql</Param>
    <Param Name="PrimaryKeyName">ID</Param>
    <Param Name="Columns">
      <Param Name="Active">
        <Param Name="Label">Akt.</Param>
        <Param Name="DataType">Boolean</Param>
        <Param Name="Alignment">Center</Param>
        <Param Name="Width">40</Param>
      </Param>
      <Param Name="Id">
        <Param Name="Label">ID</Param>
        <Param Name="Width">70</Param>
        <Param Name="DataType">String</Param>
        <Param Name="Alignment">Center</Param>
      </Param>
      <Param Name="CompanyName">
        <Param Name="Label">Společnost</Param>
        <Param Name="Width">1*</Param>
        <Param Name="DataType">String</Param>
        <Param Name="Alignment">Left</Param>
        <Param Name="MinWidth">150</Param>
      </Param>
      <Param Name="ExternalId1">
        <Param Name="Label">Externí ID</Param>
        <Param Name="DataType">String</Param>
        <Param Name="Alignment">Left</Param>
        <Param Name="Width">80</Param>
      </Param>
      <Param Name="CountMarketUnits">
        <Param Name="Label">OJ</Param>
        <Param Name="DataType">Int16</Param>
        <Param Name="Alignment">Right</Param>
        <Param Name="Width">40</Param>
      </Param>
    </Param>
    <Param Name="DynamicLoading">False</Param>
    <Param Name="Export">
      <Param Name="Export do Excelu"></Param>
    </Param>
  </Params>
  <DetailsButton IsVisible="True" Form="egeSubject" UnionTransaction="True" />
  <SelectButton IsVisible="True" Form="egeSubject" UnionTransaction="True" />
</Form>