﻿<?xml version="1.0" encoding="utf-8"?>
<Form Type="Grid" EntityType="Enif.EDA.EDA.Entities.Subject,EnifETRMCommon" Caption="Subjekty" WindowCaption="Subjekty">
  <Params>
    <Param Name="ViewName">Select Subject.Id as ID, Company.Name as Name, Company.CompanyId as CompanyCode from Subject as Subject left join Subject.Company as Company</Param>
    <Param Name="ViewType">HQL</Param>
    <Param Name="PrimaryKeyName">ID</Param>
    <Param Name="Columns">
    <Param Name="ID">
        <Param Name="Label">ID</Param>
        <Param Name="Width">80</Param>
      </Param>
      <Param Name="NAME">
        <Param Name="Label">Název</Param>
        <Param Name="Width">300</Param>
      </Param>
      <Param Name="COMPANYCODE">
        <Param Name="Label">Kód společnosti</Param>
        <Param Name="Width">80</Param>
      </Param>
    </Param>
  </Params>
</Form>