﻿<?xml version="1.0" encoding="utf-8"?>
<!--Created: PKL v1.0 07.12.2016-->
<Form Type="Dummy" Caption="Odchylky" WindowCaption="Načtení odchylek" EntityType="Enif.EDA.CIS.Entities.PDT,EnifGECommon" ProgId="Enif.EDA.ETRM.MCA.CZ.Behaviors.egbDMCAProcess,EnifMCAETRM" IsReadOnly="false" Scale="2" ValidationLevel="0" Foreground="White">
  <Params>
    <Param Name="PropagatedParams">
    </Param>
  </Params>
  <FieldSection TextColor="#FF000000" Color="#FFFFFFFF" Caption="Parametry" Columns="3">

    <Field Name="RangeFrom" Caption="Rozsah od" FieldType="Date" SelectorType="Const" Selector="" IsVisible="true" IsEnabled="true" IsReadOnly="false" ValidationLevel="0" Occupation="Line" IsReactive="True" Column="0" Colspan="1" Rowspan="1" IsBinded="False" IsRequired="true" >
      <Params>
        <Param Name="ParameterField">RangeFrom</Param>
      </Params>
    </Field>
    <Field Name="RangeTo" Caption="Rozsah do" FieldType="Date" SelectorType="Const" Selector="" IsVisible="true" IsEnabled="true" IsReadOnly="false" ValidationLevel="0" Occupation="Line" IsReactive="True" Column="1" Colspan="1" Rowspan="1" IsBinded="False" IsRequired="true">
      <Params>
        <Param Name="ParameterField">RangeTo</Param>
      </Params>
    </Field>

    <Field Name="RequestType" Caption="Typ odchylky" FieldType="EnumField" SelectorType="Const" Selector="" IsVisible="true" IsEnabled="true" IsReadOnly="false" ValidationLevel="0" Occupation="Line" IsReactive="True" Column="2" Colspan="1" Rowspan="1" IsBinded="False">
      <Params>
        <Param Name="ParameterField">RequestType</Param>
        <Param Name="HQL">SELECT t, t.Caption from EDI_IMB_RequestType t where t.Active = 1</Param>
        <Param Name="EmptyValue">Nevybráno</Param>
        <Param Name="DeleteButton">true</Param>
      </Params>
    </Field>

    <!--field neviditelný s natvrdo vybranou komoditou GAS-->
    <!--<Field Name="Komodita" Caption="Komodita" FieldType="Text" Default="2" SelectorType="Const" Selector="" IsVisible="false" IsEnabled="true" IsReadOnly="false" ValidationLevel="0" Occupation="Line" IsReactive="True" Column="0" Colspan="1" Rowspan="1" IsBinded="False">
      <Params>
        <Param Name="FilterField">COMMODITYFK</Param>
        <Param Name="FilterType">Normal</Param>
        <Param Name="FilterOperation">Equal</Param>
      </Params>
    </Field>-->

    <Field Name="StartIMBNCZInGas" Caption="Žádost o data odchylek" FieldType="ButtonsField" SelectorType="Const" Selector="" IsVisible="true" IsEnabled="true" IsReadOnly="false" ValidationLevel="0" Occupation="Block" Height="1" IsReactive="True" Column="2" Colspan="1" Rowspan="1" IsBinded="False">
      <Params>
        <Param Name="Buttons">
          <Param Name="StartIMBNCZInGas">
            <Param Name="Background">Gray</Param>Žádost o data odchylek
          </Param>
        </Param>
      </Params>
    </Field>

  </FieldSection>

  <FieldSection TextColor="#FF000000" Color="#FFFFFFFF" Caption="Procesy" Columns="3">

    <Field Name="Go" Caption="Go" FieldType="FormButtons" SelectorType="Const" Selector="" IsVisible="true" IsEnabled="true" IsReadOnly="false" ValidationLevel="0" Occupation="Block" Height="1" IsReactive="True" Column="0" Colspan="1" Rowspan="1" IsBinded="False">
      <Params>
        <Param Name="Buttons">
          <Param Name="FilterButton">
            <Param Name="Value">Seznam procesů</Param>
            <Param Name="ToolTip">Vyhledání komunikačních procesů pro data odchylek</Param>
            <Param Name="Form">eggCommProcessETRM</Param>
            <Param Name="Background">Gray</Param>
            <Param Name="Target" Value="@Self"/>
            <Param Name="Params" >
              <Param Name="LWParams">
                <Param Name="Type">ColumnsNotSum</Param>
              </Param>
            </Param>
          </Param>
        </Param>
      </Params>
    </Field>

    <!--<Field Name="Reset" Caption="Reset filtru" FieldType="ButtonsField" SelectorType="Const" Selector="" IsVisible="true" IsEnabled="true" IsReadOnly="false" IsRequired="false" ValidationLevel="0" Occupation="Block" Height="1" IsReactive="True" Colspan="1" Rowspan="1" IsBinded="false">
      <Params>
        <Param Name="Buttons">
          <Param Name="Reset">
            <Param Name="Background">Gray</Param>Reset filtru
          </Param>
        </Param>
      </Params>
    </Field>-->

  </FieldSection>
</Form>