﻿<?xml version="1.0" encoding="utf-8"?>
<!--generated by SwanMaker 1.0.0.23-->
<Form Type="Entity" Caption="Komunikační proces" WindowCaption="Komunikační proces" ProgId="Enif.EDA.ETRM.Gui.egbFilterBase,EnifETRMGui" EntityType="Enif.EDA.CIS.Entities.CommunicationProcess,EnifGECommon" IsReadOnly="False" Scale="1" ValidationLevel="0" Foreground="White">
  <FieldSection TextColor="#FF000000" Color="#FF78ABB2" Name="Info" Caption="Info" Columns="1">
    <Field Name="ProcessStart" Caption="Zahájení" FieldType="DateTime" SelectorType="Path" Selector="ProcessStart" IsVisible="true" IsEnabled="true" IsReadOnly="false" IsRequired="false" />
    <Field Name="ProcessEnd" Caption="Ukončení" FieldType="DateTime" SelectorType="Path" Selector="ProcessEnd" />
   </FieldSection>

  <FieldSection TextColor="#FF000000" Color="#FF78ABB2" Name="Zprávy" Caption="Zprávy" Columns="2">
  
    <Field Name="Code" Caption="Kód" FieldType="EnumField" SelectorType="Const" Selector="" Column="0" Colspan="1" IsBinded="False">
      <Params>
        <Param Name="HQL">{sql}	Path;Id as ID	Exp;string sql="select distinct MH.MessageFK, M.Caption from MessageHistory MH join MH.TMessage M join MH.CommunicationProcess CP where CP.Id = "+ID</Param>
      </Params>
    </Field>
    <Field Name="WError" Caption="S chybou" FieldType="BoolField" SelectorType="Const" Selector="" Column="1" Colspan="1" IsBinded="False" />
    <Field Name="bagMessageHistory" Caption="Zprávy" FieldType="Grid" SelectorType="HQL" 
           Selector="select distinct MH.Id as Id, CP.Id as CId, MH.CreationDate as CreationDate, MH.MessageCreation as MessageCreation, MH.MessageFK, 
                            TM.Caption as Caption, TM.Description as Description, MH.ReferenceId as ReferenceId,
                            case when MH.ErrorMessage = true then 'Ano' else 'Ne' end as ErrorMessage 
                            from MessageHistory MH 
                            left join MH.TMessage TM
                            join MH.CommunicationProcess CP
                     where CP.Id = {0} and MH.ErrorMessage = coalesce({WError}, MH.ErrorMessage) and MH.MessageFK = coalesce({Code}, MH.MessageFK)" 
           Occupation="Block" Column="0" Colspan="2" IsBinded="False">
   
      <DetailsButton IsVisible="True" Form="egeMessageHistoryETRM" UnionTransaction="True" />
      <NewButton IsVisible="False" />
      <Params>
        <Param Name="Order">CreationDate Descending</Param>
        <Param Name="AskOnDelete">Opravdu smazat?</Param>
        <Param Name="DeleteMode">None</Param>
        <Param Name="SelectionMode">Multi</Param>
        <Param Name="PrimaryKeyName">Id</Param>
        <Param Name="Buttons">
          <Param Name="btnZobrazZpravu">Zobraz zprávu</Param>
        </Param>
        <Param Name="Columns">
          <Param Name="Přijato">
            <Param Name="Field">CreationDate</Param>
            <Param Name="Width">130</Param>
          </Param>
          <Param Name="Vytvořeno">
            <Param Name="Field">MessageCreation</Param>
            <Param Name="Width">130</Param>
          </Param>
          <Param Name="Kód">
            <Param Name="Field">Caption</Param>
            <Param Name="Width">55</Param>
          </Param>
          <Param Name="S chybou">
            <Param Name="Field">ErrorMessage</Param>
            <Param Name="Width">85</Param>
          </Param>
          <Param Name="Typ zprávy">
            <Param Name="Field">Description</Param>
            <Param Name="Width">200</Param>
          </Param>
          <Param Name="Číslo zprávy">
            <Param Name="Field">ReferenceId</Param>
            <Param Name="Width">102</Param>
          </Param>
        </Param>
      </Params>
    </Field>
  </FieldSection>
  <FieldSection TextColor="#FF000000" Color="#FF78ABB2" Caption="Log" Columns="1">
    <Field Name="LogBlock" Caption="Log" FieldType="Text" SelectorType="Path" Selector="ProcessInfo" Occupation="CaptionBlock" Height="8" MaxHeight="8">
      <Params>
        <Param Name="Multiline">True</Param>
      </Params>
    </Field>
  </FieldSection>
</Form>