﻿<?xml version="1.0" encoding="utf-8"?>
<!--generated by SwanMaker 1.0.0.23-->
<Form Type="Entity" Caption="Zpráva" WindowCaption="Zpráva" ProgId="Enif.EDA.CIS.MCA.CZ.Behaviors.egbDZDSupply,EnifMCACIS" EntityType="Enif.EDA.CIS.Entities.MessageHistory,EnifGECommon" IsReadOnly="True" Scale="1" ValidationLevel="0" Foreground="White">
	<FieldSection TextColor="#FF000000" Color="#FF78ABB2" Caption="Základní" Columns="1">
		<Field Name="CreationDate" Caption="Přijata" FieldType="DateTime" SelectorType="Path" Selector="CreationDate" IsVisible="true" IsEnabled="true" IsReadOnly="false" IsRequired="false" />
		<Field Name="MessageCreation" Caption="Vytvořena" FieldType="DateTime" SelectorType="Path" Selector="MessageCreation" />
		<Field Name="Msgcode" Caption="Kód zprávy" FieldType="Text" SelectorType="Path" Selector="TMessage.Caption" />
		<Field Name="Msgcaption" Caption="Typ zprávy" FieldType="Text" SelectorType="Path" Selector="TMessage.Description" Occupation="CaptionBlock" Height="4" MaxHeight="4">
			<Params>
				<Param Name="Multiline">True</Param>
			</Params>
		</Field>
		<Field Name="ReferenceId" Caption="Referenční číslo zprávy" FieldType="Text" SelectorType="Path" Selector="ReferenceId" />
		<Field Name="ErrorMessage" Caption="Zpráva zpracována s chybou" FieldType="BoolField" SelectorType="Path" Selector="ErrorMessage" />
		<Field Name="ResetLastStatus" Caption="Znovu zpracovat zprávu" FieldType="ButtonsField" SelectorType="Path" Selector="" IsVisible="True" 
		       IsEnabled="{IsEnabled}&#x9;Path;CommunicationProcess.TProcessStatus.Key as ErrorStatus&#x9;Path;TMessage.Caption as MsgCode&#x9;Exp;bool IsEnabled=(ErrorStatus == &quot;ERROR&quot;  &amp;&amp; (MsgCode == &quot;178&quot; || MsgCode ==&quot;GAK&quot; ))" 
			   IsReadOnly="False" Occupation="Block" Height="1" Column="0" Colspan="1" Rowspan="1">
			<Params>
				<Param Name="Buttons">
					<Param Name="ResetLastStatus" Value="Znovu zpracovat zprávu">
						<Param Name="ToolTip">Znovu zpracovat zprávu (potvrzovací) 178 nebo GAK</Param>
						<Param Name="Background">Gray</Param>
					</Param>
				</Param>
			</Params>
		</Field>
		
		<Field Name="MessageInfo" Caption="Obsah zprávy" FieldType="Text" SelectorType="Path" Selector="MessageInfo" Occupation="CaptionBlock" Height="5" MaxHeight="40">
			<Params>
				<Param Name="Multiline">True</Param>
			</Params>
		</Field>
		<Field Name="FileLink" Caption="Odkaz na zprávu" FieldType="Text" SelectorType="Path" Selector="FileLink" IsVisible="False" />
		<Field Name="CMOMessageFK" Caption="CMOMessageFK" FieldType="Integer" SelectorType="Path" Selector="CMOMessageFK" IsVisible="False" />
		<Field Name="ProcessFK" Caption="ProcessFK" FieldType="Integer" SelectorType="Path" Selector="ProcessFK" IsVisible="False" />
		<Field Name="MessageFK" Caption="MessageFK" FieldType="Integer" SelectorType="Path" Selector="MessageFK" IsVisible="False" />
	</FieldSection>
</Form>