﻿<?xml version="1.0" encoding="utf-8"?>
<!--generated by SwanMaker 1.0.0.23-->
<Form Type="Grid" Caption="Komunikační procesy" WindowCaption="Komunikační procesy" ProgId="Enif.EDA.ETRM.Gui.eggGridBase,EnifETRMGui" EntityType="Enif.EDA.CIS.Entities.CommunicationProcess,EnifGECommon" IsReadOnly="False" Scale="2" ValidationLevel="0" CanDelete="None" SelectMode="Multi">
  <DetailsButton IsVisible="True" ToolTip="Detail" Form="egeCommProcessETRM" UnionTransaction="True" />
  <SelectButton IsVisible="False" Form="Enif.EDA.CIS.Entities.CommunicationProcess,EnifGECommon" UnionTransaction="True" />
  <Params>
    <Param Name="ViewName">
      (SELECT CPP.ACTIONDATEFROM as ACTIONDATEFROM, CPP.ACTIONDATETO as ACTIONDATETO, S.CAPTION STATUS, T.CAPTION TYPE, C.ID AS ID,
      C.PROCESSSTART PROCESSSTART, C.PROCESSEND PROCESSEND, C.PROCESSTYPEFK PROCESSTYPEFK, C.PROCESSSTATUSFK
      FROM EDA_COMMUNICATIONPROCESS C
      INNER JOIN EDA_TPROCESSTYPE T ON C.PROCESSTYPEFK = T.ID AND T.KEY = 'IMBNG' 
      INNER JOIN EDA_TPROCESSSTATUS S ON C.PROCESSSTATUSFK = S.ID
      INNER JOIN EDA_CPPOTEETRMREQ CPP ON CPP.PROCESSFK = C.ID)
    </Param>
    <Param Name="PrimaryKeyName">ID</Param>
    <Param Name="WhereCondition"></Param>
    <Param Name="RefreshOnNotifyEnabled">False</Param>
    <Param Name="Order">PROCESSSTART Descending</Param>
    <Param Name="Columns">
      <Param Name="TYPE">
        <Param Name="Label">Typ</Param>
        <Param Name="DataType">String</Param>
        <Param Name="Width">130</Param>
      </Param>
      <Param Name="STATUS">
        <Param Name="Label">Status</Param>
        <Param Name="DataType">String</Param>
        <Param Name="Width">75</Param>
      </Param>
      <Param Name="PROCESSSTART">
        <Param Name="Label">Zahájení</Param>
        <Param Name="DataType">DateTime</Param>
        <Param Name="Format">d.MM.yyyy HH:mm:ss </Param>
        <Param Name="Width">110</Param>
        <Param Name="Alignment">Right</Param>
      </Param>
      <Param Name="PROCESSEND">
        <Param Name="Label">Ukončení</Param>
        <Param Name="DataType">DateTime</Param>
        <Param Name="Format">d.MM.yyyy HH:mm:ss </Param>
        <Param Name="Width">110</Param>
        <Param Name="Alignment">Right</Param>
      </Param>
      <Param Name="ACTIONDATEFROM">
        <Param Name="Label">Proces od</Param>
        <Param Name="DataType">DateTime</Param>
        <Param Name="Format">d.MM.yyyy </Param>
        <Param Name="Width">90</Param>
        <Param Name="Alignment">Right</Param>
      </Param>
      <Param Name="ACTIONDATETO">
        <Param Name="Label">Proces do</Param>
        <Param Name="DataType">DateTime</Param>
        <Param Name="Format">d.MM.yyyy </Param>
        <Param Name="Width">90</Param>
        <Param Name="Alignment">Right</Param>
      </Param>
      <Param Name="ID">
        <Param Name="Label">ID</Param>
        <Param Name="DataType">String</Param>
        <Param Name="Width">50</Param>
      </Param>
    </Param>
  </Params>
</Form>