﻿<?xml version="1.0" encoding="utf-8"?>
<Form Type="Grid" Caption="Skupiny" WindowCaption="Skupiny" ProgId="EnifNHGuiEG.Identities.egbIdentity,EnifNHGuiEG" EntityType="EnifNHCommon.EnifManual.EMIdentity,EnifNHCommon" IsReadOnly="false" Scale="1.5" ValidationLevel="0" CanDelete="Multi" GridGroupableDisable="false">
  <DetailsButton IsVisible="true" ToolTip="Editovat" Form="egeGroup" UnionTransaction="true" />
  <SelectButton IsVisible="{IsVisible}&#x9;Exp;bool IsVisible=RoleExp(&quot;Admin or EDM_IdentityAdmin&quot;)" ToolTip="Nová skupina" Form="egeGroup" UnionTransaction="false" />
  <Params>
    <Param Name="ViewType">LINQ</Param>
    <Param Name="ViewName">Where(p =&gt; p.EMIdentityType.Key == ((int)Enif.Identities.EIdentityType.Group).ToString()).OrderBy(p =&gt; p.Name).ToList()</Param>
    <Param Name="PrimaryKeyName">Id</Param>
    <Param Name="WhereCondition"></Param>
    <Param Name="DynamicLoading">false</Param>
    <Param Name="AskOnDelete">Opravdu odstranit vybrané skupiny ?</Param>
    <Param Name="Buttons">
      <Param Name="Copy" Value="Kopírovat">
        <Param Name="ToolTip">Vytvořit novou skupinu jako kopii vybrané skupiny</Param>
      </Param>
    </Param>
    <Param Name="Columns">
      <Param Name="Name">
        <Param Name="Label">Název skupiny</Param>
        <Param Name="DataType">String</Param>
        <Param Name="Width">1*</Param>
      </Param>
      <Param Name="Description">
        <Param Name="Label">Popis skupiny</Param>
        <Param Name="DataType">String</Param>
        <Param Name="Width">1*</Param>
      </Param>
      <!--
      <Param Name="AdapterId">
        <Param Name="Label">Adaptér</Param>
        <Param Name="DataType">String</Param>
        <Param Name="Width">150</Param>
      </Param>
      -->
    </Param>
  </Params>
</Form>