<?xml version="1.0" encoding="utf-8"?>
<Form Caption="{{Diagram}}Diagram" WindowCaption="{{Diagram}}Diagram" Type="Entity" ValidationLevel="1" EntityType="Enif.Gui.ImportExportExcel.Common.Entities.ImportExportTS,EnifImportExportExcelCommon" ProgId="Enif.Gui.ImportExportExcel.Gui.Behaviors.egeImportExportTS,EnifImportExportExcelGui">
  <FieldSection Name="Default" Caption="{{Detail}}Detail">
    <Field Name="Diagram" Caption="{{Diagram}}Diagram" FieldType="DropControl" SelectorType="Path" Selector="DataId" IsRequired="True" />
    <Field Name="ButtonsField" Caption="" FieldType="ButtonsField">
      <Params>
        <Param Name="Buttons">
          <Param Name="LoadFromExcel">{{NacistBunkuZOtevrenehoExcelu}}Načíst buňku z otevřeného Excelu</Param>
        </Param>
      </Params>
    </Field>
    <Field Name="File" Caption="{{SouborProImportExport}}Soubor pro import/export" Selector="ExcelPath" SelectorType="Path" FieldType="Text" IsRequired="True"/>
    <Field Name="Worksheet" Caption="{{List}}List" Selector="Worksheet" SelectorType="Path" FieldType="Text" IsRequired="True"/>
    <Field Name="Cell" Caption="{{Bunka}}Buňka" Selector="Cell" SelectorType="Path" FieldType="Text" IsRequired="True" />
  </FieldSection>
</Form>