<?xml version="1.0" encoding="utf-8"?>
<Form Type="Entity" Caption="{{ExcelImportexport}}Excel - Import/Export" ValidationLevel="1" EntityType="Enif.Gui.ImportExportExcel.Common.Entities.ImportExport,EnifImportExportExcelCommon" ProgId="Enif.Gui.ImportExportExcel.Gui.Behaviors.egeImportExportExcel,EnifImportExportExcelGui">
  <FieldSection Name="Default">
    <Field Name="Name" Caption="{{Nazev}}Název" Selector="Name" SelectorType="Path" FieldType="Text" IsRequired="True" />
    <Field Name="Description" Caption="{{Popis}}Popis" Selector="Description" SelectorType="Path" FieldType="Text" />
  </FieldSection>
  <FieldSection Name="RozsahKopirovani" Caption="{{RozsahKopirovani}}Rozsah kopírování">
    <Field Name="CopyType" Caption="{{TypKopirovani}}Typ kopírování" FieldType="EnumField" SelectorType="Path" Selector="CopyType" IsRequired="True">
      <Params>
        <Param Name="Enum">
          <Param Name="Import">0</Param>
          <Param Name="Export">1</Param>
        </Param>
      </Params>
    </Field>
    <Field Name="Timezone" Caption="{{CasovaZona}}Časové pásmo" FieldType="EnumField" SelectorType="Path" Selector="TimezoneFK" IsRequired="True" />
    <Field Name="FromDateTime" Caption="{{RozsahCasuOd}}Rozsah času od" FieldType="DateTime" SelectorType="Path" Selector="FromDateTime" IsRequired="True" />
    <Field Name="ToDateTime" Caption="{{RozsahCasuDo}}Rozsah času do" FieldType="DateTime" SelectorType="Path" Selector="ToDateTime" IsRequired="True" />
    <Field Name="IsToDateTimeIncluded" Caption="{{VcetneCasuDo}}Včetně času do" FieldType="BoolField" SelectorType="Path" Selector="IsToDateTimeIncluded" IsRequired="True" />
  </FieldSection>
  <FieldSection Name="Konfigurace" Caption="{{Konfigurace}}Konfigurace" Visibility="{IsVisible}&#x9;Path;CopyType as CopyType&#x9;Exp;bool IsVisible=(CopyType==1)">
    <Field Name="ExportDateColumn" Caption="{{ExportovatSloupecSDatumem}}Exportovat sloupec s datumem" FieldType="BoolField" SelectorType="Path" Selector="ExportDateColumn" IsRequired="True" />
    <Field Name="ExportTSNames" Caption="{{ExportovatNazvyDiagramu}}Exportovat názvy diagramů" FieldType="BoolField" SelectorType="Path" Selector="ExportTSNames" IsRequired="True" />
    <Field Name="TSNameType" Caption="{{NazevDiagramu}}Název diagramu" FieldType="EnumField" SelectorType="Path" Selector="TSNameType" IsRequired="True">
      <Params>
        <Param Name="Enum">
          <Param Name="{{PouzeNazev}}Pouze název">0</Param>
          <Param Name="{{NazevVcetneCesty}}Název včetně cesty">1</Param>
        </Param>
      </Params>
    </Field>
  </FieldSection>
  <FieldSection Name="Diagramy" Caption="{{VstupniVystupniDiagramy}}Vstupní/Výstupní diagramy">
    <Field Name="Diagramy" Caption="{{VstupniVystupniDiagramy}}Vstupní/Výstupní diagramy" FieldType="Grid" SelectorType="Path" Selector="bagImportExportTS" Occupation="Block">
      <DetailsButton IsVisible="True" Form="egeImportExportTS" UnionTransaction="True" Target="@SelfDetail" />
      <Params>
        <Param Name="AskOnDelete">{{OpravduOdstranit}}Opravdu odstranit?</Param>
        <Param Name="DeleteMode">Multi</Param>
        <Param Name="Columns">
          <Param Name="{{Diagram}}Diagram">
            <Param Name="Field">TSNodePath</Param>
            <Param Name="Width">1*</Param>
          </Param>
          <Param Name="{{SouborProImportExport}}Soubor pro import/export">
            <Param Name="Field">ExcelPath</Param>
            <Param Name="Width">1*</Param>
          </Param>
          <Param Name="{{List}}List">
            <Param Name="Field">Worksheet</Param>
            <Param Name="Width">1*</Param>
          </Param>
          <Param Name="{{Bunka}}Buňka">
            <Param Name="Field">Cell</Param>
            <Param Name="Width">1*</Param>
          </Param>
        </Param>
      </Params>
    </Field>
  </FieldSection>
  <FieldSection Name="PripojeneImportyExporty" Caption="{{PripojeneImportyExporty}}Připojené importy/exporty">
    <Field Name="PripojeneImportyExporty" Caption="{{PripojeneImportyExporty}}Připojené importy/exporty" FieldType="Grid" SelectorType="Path" Selector="bagChildLink" Occupation="Block">
      <SelectButton IsVisible="True" Form="eggImportExportExcel" UnionTransaction="True" Mode="Multi" />
      <Params>
        <Param Name="AskOnDelete">{{OpravduOdstranit}}Opravdu odstranit?</Param>
        <Param Name="BagItemProgId">Enif.Gui.ImportExportExcel.Common.Entities.ImportExportLink,EnifImportExportExcelCommon</Param>
        <Param Name="BagItemRefValue">Child</Param>
        <Param Name="DeleteMode">Multi</Param>
        <Param Name="Columns">
          <Param Name="{{Nazev}}Název">
            <Param Name="Field">Child.Name</Param>
            <Param Name="Width">1*</Param>
          </Param>
        </Param>
      </Params>
    </Field>
  </FieldSection>
  <Params>
    <Param Name="Buttons">
      <Param Name="Run">{{Spustit}}Spustit</Param>
    </Param>
  </Params>
</Form>