<?xml version="1.0" encoding="utf-8"?>
<Form Type="Entity" Caption="{{KopirovaniDiagramu}}Kopírování diagramů" ValidationLevel="1" EntityType="Enif.Gui.TSCopy.Common.Entities.TSCopyNode,EnifTSCopyCommon" ProgId="Enif.Gui.TSCopy.Gui.Behaviors.egeTSCopyNode,EnifTSCopyGui">
  <FieldSection Name="Default" Caption="{{Zakladni}}Základní">
    <Field Name="Name" Caption="{{Nazev}}Název" Selector="Name" SelectorType="Path" FieldType="Text" IsRequired="True" />
    <Field Name="Description" Caption="{{Popis}}Popis" Selector="Description" SelectorType="Path" FieldType="Text" />
    <Field Name="CopyType" Caption="{{TypRozsahu}}Typ rozsahu" FieldType="EnumField" SelectorType="Path" Selector="CopyType" IsRequired="True">
      <Params>
        <Param Name="Enum">
          <Param Name="{{PodleRozsahuVstupnichRad}}Podle rozsahu vstupních řad">0</Param>
          <Param Name="{{VRozsahuZvolenychCasu}}V rozsahu zvolených časů">1</Param>
        </Param>
      </Params>
    </Field>
  </FieldSection>
  <FieldSection Name="RozsahKopirovani" Caption="{{DleData}}Dle data" Visibility="{IsVisible}&#x9;Path;CopyType as CopyType&#x9;Exp;bool IsVisible=(CopyType==1)">
    <Field Name="Timezone" Caption="{{CasovePasmo}}Časové pásmo" FieldType="EnumField" SelectorType="Path" Selector="TimezoneFK" />
    <Field Name="FromDateTime" Caption="{{RozsahCasuOd}}Rozsah času od" FieldType="DateTime" SelectorType="Path" Selector="FromDateTime"/>
    <Field Name="ToDateTime" Caption="{{RozsahCasuDo}}Rozsah času do" FieldType="DateTime" SelectorType="Path" Selector="ToDateTime" />
    <Field Name="IsToDateTimeIncluded" Caption="{{VcetneCasuDo}}Včetně času do" FieldType="BoolField" SelectorType="Path" Selector="IsToDateTimeIncluded" />
  </FieldSection>
  <FieldSection Name="Diagramy" Caption="{{VstupyVystupy}}Vstupy/Výstupy">
    <Field Name="Diagramy" Caption="{{VstupniVystupniDiagramy}}Vstupní/Výstupní diagramy" FieldType="Grid" SelectorType="Path" Selector="bagTSCopyItem" Occupation="Block">
      <DetailsButton IsVisible="True" Form="egeTSCopyItem" UnionTransaction="True" Target="@SelfDetail" />
      <Params>
        <Param Name="AskOnDelete">{{OpravduOdstranit}}Opravdu odstranit?</Param>
        <Param Name="DeleteMode">Multi</Param>
        <Param Name="Columns">
          <Param Name="{{ZdrojovyDiagram}}Zdrojový diagram">
            <Param Name="Field">SourceTSNodePath</Param>
            <Param Name="Width">1*</Param>
          </Param>
          <Param Name="{{CilovyDiagram}}Cílový diagram">
            <Param Name="Field">TargetTSNodePath</Param>
            <Param Name="Width">1*</Param>
          </Param>
        </Param>
      </Params>
    </Field>
  </FieldSection>
  <Params>
    <Param Name="Buttons">
      <Param Name="Run">{{Spustit}}Spustit</Param>
    </Param>
  </Params>
</Form>