﻿<Config>
  <FieldTypes>
    <FieldType Name="AvalonEdit" ProgId="EGSpecFields.EGFieldAvalonEditor" />
    <FieldType Name="HqlEditor" ProgId="EGSpecFields.EGFieldHqlEditor2" />
    <FieldType Name="StringResolver" ProgId="EGSpecFields.EGFieldStringResolver" />
    <FieldType Name="StringResolverDetail" ProgId="EGSpecFields.EGFieldStringResolverDetail" />
    <FieldType Name="CurrencyField" ProgId="EGBaseFields.EGFieldNum">
      <Params>
        <Param Name="Format" Value="{0:C2}"/>
      </Params>
    </FieldType>
    <FieldType Name="ShortText" ProgId="EGBaseFields.EGFieldText">
      <Params>
        <Param Name="MaxLen">32</Param>
      </Params>
    </FieldType>
    <FieldType Name="Text" ProgId="EGBaseFields.EGFieldText" BaseType="String"/>
    <FieldType Name="Entity" ProgId="EGBaseFields.EGFieldEntity" BaseType="Entity"/>
    <FieldType Name="Address" ProgId="EGBaseFields.EGFieldEntity" BaseType="Entity">
      <Params>
        <Param Name="Format" Value="{Street} {DescriptiveNumber}/{OrientationNumber},{ZipCode} {City}"/>
        <Param Name="Arguments">
          <Param Name="Path;Street as Street"/>
          <Param Name="Path;DescriptiveNumber as DescriptiveNumber"/>
          <Param Name="Path;OrientationNumber as OrientationNumber"/>
          <Param Name="Path;City as City"/>
          <Param Name="Path;ZipCode as ZipCode"/>
        </Param>
        <Param Name="FK" Value="AddressFK"  />
      </Params>
      <DetailsButton IsVisible="True" Form="Detail.Address" UnionTransaction="False"/>
    </FieldType>
    <FieldType Name="Number" ProgId="EGBaseFields.EGFieldNum"/>
    <FieldType Name="TestNumber" ProgId="TestControls.TestField"/>
    <FieldType Name="Integer" ProgId="EGBaseFields.EGFieldNum">
      <Params>
        <Param Name="Format" Value="{0:D}"/>
      </Params>
    </FieldType>
    <FieldType Name="Time" ProgId="EGBaseFields.EGFieldDateTime">
      <Params>
        <Param Name="Mode">Time</Param>
      </Params>
    </FieldType>
    <FieldType Name="DateTime" ProgId="EGBaseFields.EGFieldDateTime">
      <Params>
        <Param Name="Mode">DateTime</Param>
      </Params>
    </FieldType>
    <FieldType Name="Date" ProgId="EGBaseFields.EGFieldDateTime">
      <Params>
        <Param Name="Mode">Date</Param>
      </Params>
    </FieldType>
    <FieldType Name="BoolField" ProgId="EGBaseFields.EGFieldBool"/>
    <FieldType Name="EnumField" ProgId="EGBaseFields.EGFieldEditableEnum"/>
    <FieldType Name="EnumFieldOld" ProgId="EGBaseFields.EGFieldEnum"/>

    <FieldType Name="DropControl" ProgId="EGBaseFields.EGFieldDropControl">
      <Params/>
    </FieldType>
    <FieldType Name="CalendarField" ProgId="EGBaseFields.EGFieldCalendar"/>
    <FieldType Name="ButtonsField" ProgId="EGBaseFields.EGFieldButtons"/>
    <FieldType Name="FormButtons" ProgId="EGBaseFields.EGFieldOpenFormButtons"/>
    <FieldType Name="Gender" ProgId="EGBaseFields.EGFieldEnum">
      <Params>
        <Param Name="Enum">
          <Param Name="Žena">0</Param>
          <Param Name="Muž">1</Param>
          <Param Name="Nevím">2</Param>
        </Param>
      </Params>
    </FieldType>
    <FieldType Name="Grid" ProgId="EGBaseFields.EGFieldGrid"/>
    <FieldType Name="HistoryField" ProgId="EGBaseFields.EGFieldHistoryInfo"/>
    <FieldType Name="ETSSet" ProgId="EGBaseFields.EGFieldETSSet,EGBaseFields">
      <Params>
        <Param Name="Tabs">
          <Param Name="Chart">
            <Param Name="Shape">Chart</Param>
            <Param Name="ProgID">Enif.Gui.Chart.LWChart,EnifChart</Param>
            <Param Name="LWParams"/>
          </Param>
          <Param Name="Table">
            <Param Name="Shape">EnifGridEditor</Param>
            <Param Name="ProgID">EnifGridEditor.GridEditor</Param>
            <Param Name="LWParams"/>
          </Param>
        </Param>
      </Params>
    </FieldType>
    <FieldType Name="FieldLW" ProgId="EGBaseFields.EGFieldLW,EGBaseFields"/>
    <FieldType Name="Formula" ProgId="EGBaseFields.EGFieldETSSet,EGBaseFields">
      <Params>
        <Param Name="Tabs">
          <Param Name="Formula Editor">
            <Param Name="Shape">TreeObject</Param>
            <Param Name="ProgID">EnifNaosGUI.LWNaosFxEditorMain</Param>
            <Param Name="LWParams">
              <Param Name="NaosModuleName" Value="EntityNaos"/>
            </Param>
          </Param>
        </Param>
      </Params>
    </FieldType>
    <FieldType Name="FilePath" ProgId="EGBaseFields.EGFieldFilePath">
    </FieldType>
    <FieldType Name="FolderPath" ProgId="EGBaseFields.EGFieldFilePath">
      <Params>
        <Param Name="BrowseMode" Value="Folder"/>
      </Params>
    </FieldType>
    <FieldType Name="ClassInfo" ProgId="EnifModelFirstGuiPJ.EGFieldClassInfo">
    </FieldType>

    <FieldType Name="EGFieldEnumWithFreeChoice" ProgId="EnifGuiEG.EGFields.EGFieldEnumWithFreeChoice,EnifGuiEG"/>
    <FieldType Name="MultiSelector" ProgId="EGBaseFields.EGFieldMultiSelector"/>
  </FieldTypes>
  <BaseTypes>
    <BaseType SystemType="Double" FieldType="Number"/>
    <BaseType SystemType="String" FieldType="Text"/>
    <BaseType SystemType="Entity" FieldType="Entity"/>
    <BaseType SystemType="Int16" FieldType="Integer"/>
    <BaseType SystemType="Int32" FieldType="Integer"/>
    <BaseType SystemType="Int64" FieldType="Integer"/>
    <BaseType SystemType="DateTime" FieldType="DateTime"/>
    <BaseType SystemType="Boolean" FieldType="BoolField"/>
    <BaseType SystemType="Collection" FieldType="Grid"/>
  </BaseTypes>
</Config>

