﻿<Config>
  <FieldTypes>
    <FieldType Name="QuanParamChart" ProgId="EnifGuiEG.EGFields.EGFieldQuanParamChart,EnifGuiEG"/>
    <FieldType Name="EGFieldEnumWithFreeChoice" ProgId="EnifGuiEG.EGFields.EGFieldEnumWithFreeChoice,EnifGuiEG"/>
    <FieldType Name="CurrencyField" ProgId="EGBaseFields.EGFieldNum" >
      <Params>
        <Param Name="Format" Value="{0:C2}" />
      </Params>
    </FieldType>
    <FieldType Name="ShortText" ProgId="EGBaseFields.EGFieldText">
      <Params>
        <Param Name="MaxLen">32</Param>
      </Params>
    </FieldType>
    <FieldType Name="Text" ProgId="EGBaseFields.EGFieldText" BaseType="String"/>
    <FieldType Name="Entity" ProgId="EGBaseFields.EGFieldEntity" BaseType="Entity"/>
    <FieldType Name="Address" ProgId="EGBaseFields.EGFieldEntity">
      <DetailsButton IsVisible="True" Form="egeAddress" UnionTransaction="True" />
      <Params>
        <Param Name="Format" Value="{City??NoCity} {Postcode??Space}, {Street??NoStreet} {DescriptiveNumber??Missing}/{OrientationNumber??Missing}" />
        <Param Name="Arguments">
          <Param Name="Path;City as City" />
          <Param Name="Path;Postcode as Postcode" />
          <Param Name="Path;Street as Street" />
          <Param Name="Path;DescriptiveNumber as DescriptiveNumber" />
          <Param Name="Path;OrientationNumber as OrientationNumber" />
          <Param Name="Const;  as Space" />
          <Param Name="Const;- as Missing" />
          <Param Name="Const;(bez města) as NoCity" />
          <Param Name="Const;(bez ulice) as NoStreet" />
        </Param>
      </Params>
    </FieldType>
    <FieldType Name="Number" ProgId="EGBaseFields.EGFieldNum" />
    <FieldType Name="TestNumber" ProgId="TestControls.TestField"/>
    <FieldType Name="Integer" ProgId="EGBaseFields.EGFieldNum">
      <Params>
        <Param Name="Format" Value="{0:D}" />
      </Params>
    </FieldType>
    <FieldType Name="Time" ProgId="EGBaseFields.EGFieldDateTime">
      <Params>
        <Param Name="Mode">Time</Param>
      </Params>
    </FieldType>
    <FieldType Name="DateTime" ProgId="EGBaseFields.EGFieldDateTime">
      <Params>
        <Param Name="Mode">DateTime</Param>
      </Params>
    </FieldType>
    <FieldType Name="Date" ProgId="EGBaseFields.EGFieldDateTime">
      <Params>
        <Param Name="Mode">Date</Param>
      </Params>
    </FieldType>
    <FieldType Name="BoolField" ProgId="EGBaseFields.EGFieldBool">
      <Params>
        <Param Name="TrueText">(Ano)</Param>
        <Param Name="FalseText">(Ne)</Param>
      </Params>
    </FieldType>
    <FieldType Name="EnumField" ProgId="EGBaseFields.EGFieldEditableEnum"/>
    <FieldType Name="CalendarField" ProgId="EGBaseFields.EGFieldCalendar"/>
    <FieldType Name="ButtonsField" ProgId="EGBaseFields.EGFieldButtons"/>
    <FieldType Name="FormButtons" ProgId="EGBaseFields.EGFieldOpenFormButtons"/>
    <FieldType Name="ETSButtons" ProgId="EGBaseFields.EGFieldOpenFormButtons">
      <Params>
        <Param Name="Buttons">
          <Param Name="ButtonChart">
            <Param Name="Value">Graf</Param>
            <Param Name="ToolTip">Ukaž graf</Param>
            <Param Name="Form">egpChart</Param>
            <Param Name="Params" >
              <Param Name="LWParams">
                <Param Name="Type">ColumnsNotSum</Param>
              </Param>
            </Param>
          </Param>
          <Param Name="ButtonTable">
            <Param Name="Value">Tabulka</Param>
            <Param Name="ToolTip">Ukaž tabulku</Param>
            <Param Name="Form">egpGridEditor</Param>
            <Param Name="Params" />
          </Param>
          <Param Name="Button2DTable">
            <Param Name="Value">2D Tabulka</Param>
            <Param Name="ToolTip">Ukaž 2D tabulku</Param>
            <Param Name="Form">egp2DGridEditor</Param>
            <Param Name="Params" />
          </Param>
        </Param>
      </Params>
    </FieldType>
    <FieldType Name="Gender" ProgId="EGBaseFields.EGFieldEnum">
      <Params>
        <Param Name="Enum">
          <Param Name="Žena">0</Param>
          <Param Name="Muž">1</Param>
          <Param Name="Nevím">2</Param>
        </Param>
      </Params>
    </FieldType>
    <FieldType Name="Grid" ProgId="EGBaseFields.EGFieldGrid" />
    <FieldType Name="HistoryField" ProgId="EGBaseFields.EGFieldHistoryInfo" />
    <FieldType Name="ETS" ProgId="EGBaseFields.EGFieldETS">
      <Params>
        <Param Name="LWParams">
        </Param>
      </Params>
    </FieldType>
    <FieldType Name="MultiSelector" ProgId="EGBaseFields.EGFieldMultiSelector">
    </FieldType>
    <FieldType Name="ETSSet" ProgId="EGBaseFields.EGFieldETSSet,EGBaseFields">
      <Params>
        <Param Name="Tabs">
          <Param Name="Graf">
            <Param Name="Shape">Chart</Param>
            <Param Name="ProgID">Enif.Gui.Chart.LWChart,EnifChart</Param>
            <Param Name="LWParams"/>
          </Param>
          <Param Name="Tabulka">
            <Param Name="Shape">EnifGridEditor</Param>
            <Param Name="ProgID">EnifGridEditor.GridEditor</Param>
            <Param Name="LWParams">
              <Param Name="DateUtilsSettingCol">DateFormat=1;TimeFormat=7</Param>
              <Param Name="DateUtilsSettingRow">DateFormat=1;TimeFormat=7</Param>
            </Param>
          </Param>
          <Param Name="Historie">
            <Param Name="Shape">TreeObject</Param>
            <Param Name="ProgID">EnifTSHistory.EnifTSHistory</Param>
            <Param Name="LWParams">
              <Param Name="Viewers">
                <ParamClass Name="Chart" ClassProgId="Enif.CClassInfo">
                  <Caption>Graf</Caption>
                  <ProgId>Enif.Gui.Chart.LWChart,EnifChart</ProgId>
                </ParamClass>
                <ParamClass Name="QuickGrid" ClassProgId="Enif.CClassInfo">
                  <Caption>Tabulka</Caption>
                  <ProgId>EnifGridEditor.GridEditor</ProgId>
                  <Params>
                    <Param Name="ViewMode">API</Param>
                    <Param Name="EditorType">QuickTable</Param>
                    <Param Name="ListCategory">
                      <Param Name="List">
                        <Param Name="0" Value="All">
                          <Param Name="Caption" Value="Všechny hodnoty" />
                          <ParamClass Name="ProgID" ClassProgId="Enif.CClassInfo">
                            <ProgId>EnifGridEditor.CCategoryPNDN,EnifGridEditor</ProgId>
                          </ParamClass>
                        </Param>
                      </Param>
                    </Param>
                    <Param Name="ListAggDiag">
                      <Param Name="DefVal" Value="WOAgg" />
                      <Param Name="List">
                        <Param Name="3" Value="WOAgg">
                          <Param Name="Caption" Value="Bez agregace" />
                          <ParamClass Name="ProgID" ClassProgId="Enif.CClassInfo">
                            <ProgId>EnifGridEditor.CAggDiagSimple,EnifGridEditor</ProgId>
                          </ParamClass>
                        </Param>
                        <Param Name="4" Value="AvgBreakNull">
                          <Param Name="Caption" Value="Průměr" />
                          <ParamClass Name="ProgID" ClassProgId="Enif.CClassInfo">
                            <ProgId>EnifGridEditor.CAggDiagSimple,EnifGridEditor</ProgId>
                          </ParamClass>
                        </Param>
                        <Param Name="5" Value="SumBreakNull">
                          <Param Name="Caption" Value="Suma" />
                          <ParamClass Name="ProgID" ClassProgId="Enif.CClassInfo">
                            <ProgId>EnifGridEditor.CAggDiagSimple,EnifGridEditor</ProgId>
                          </ParamClass>
                        </Param>
                      </Param>
                    </Param>
                  </Params>
                </ParamClass>
              </Param>
            </Param>
          </Param>
        </Param>
      </Params>
    </FieldType>
    <FieldType Name="DocumentDMS" ProgId="EGBaseFields.EGFieldDocumentDMS,EGBaseFields">
      <Params>
        <Param Name="EntityType" Value="Enif.EDA.Entities.Document,EnifGECommon"/>
        <Param Name="MaxSizeMB" Value="50"/>
      </Params>
    </FieldType>
    <FieldType Name="Formula" ProgId="EGBaseFields.EGFieldETSSet,EGBaseFields">
      <Params>
        <Param Name="Tabs">
          <Param Name="Formula Editor">
            <Param Name="Shape">TreeObject</Param>
            <Param Name="ProgID">EnifNaosGUI.LWNaosFxEditorMain</Param>
            <Param Name="LWParams">
              <Param Name="NaosModuleName" Value="NaosModuleSBX"/>
            </Param>
          </Param>
        </Param>
      </Params>
    </FieldType>
    <FieldType Name="GridTS" ProgId="EGBaseFields.EGFieldGridTS" >
      <Params/>
    </FieldType>
  </FieldTypes>
  <BaseTypes>
    <BaseType SystemType="Double" FieldType="Number" />
    <BaseType SystemType="String" FieldType="Text" />
    <BaseType SystemType="Entity" FieldType="Entity" />
    <BaseType SystemType="Int16" FieldType="Integer" />
    <BaseType SystemType="Int32" FieldType="Integer" />
    <BaseType SystemType="Int64" FieldType="Integer" />
    <BaseType SystemType="DateTime" FieldType="DateTime" />
    <BaseType SystemType="Boolean" FieldType="BoolField" />
    <BaseType SystemType="Collection" FieldType="Grid" />

    <BaseType SystemType="double" FieldType="Number" />
    <BaseType SystemType="string" FieldType="Text" />
    <BaseType SystemType="entity" FieldType="Entity" />
    <BaseType SystemType="int" FieldType="Integer" />
    <BaseType SystemType="long" FieldType="Integer" />
    <BaseType SystemType="datetime" FieldType="DateTime" />
    <BaseType SystemType="bool" FieldType="BoolField" />
    <BaseType SystemType="collection" FieldType="Grid" />
  </BaseTypes>
</Config>