﻿<?xml version="1.0" encoding="utf-8"?>
<Form Type="Dummy" Caption="{{EditParamdictXml}}Edit ParamDict XML" WindowCaption="{{EditParamdictXml}}Edit ParamDict XML" ProgId="EnifModelFirstGui.egbEnGuiEditorParamsDictXml,EnifModelFirstGuiMB" EntityType="Enif.EDA.ENV.MF.EGForm,EnifModelFirstCommon" IsReadOnly="false" Scale="2" ValidationLevel="0">
  <FieldSection Caption="{{Xml}}XML" Columns="1">
    <Field Name="ParamDictXml" Caption="{{Xml}}XML" FieldType="AvalonEdit" SelectorType="Const" Selector="" IsVisible="True" IsEnabled="True" IsReadOnly="False" Occupation="Block" IsBinded="false" IsReactive="True" Height="30" MaxHeight="31">
      <Params>
        <Param Name="TextWrapping">NoWrap</Param>
        <Param Name="SyntaxHighlighting">XML</Param>
        <Param Name="CodeMode">True</Param>
        <Param Name="ShowFolding">True</Param>
      </Params>
    </Field>
  </FieldSection>
  <Params>
    <Param Name="Buttons">
      <Param Name="Save" Value="{{Save}}  Save  " />
    </Param>
  </Params>
</Form>