﻿<?xml version="1.0" encoding="utf-8"?>
<Form Type="Dummy" Caption="{{NahledKonfiguracnihoXml}}Náhled konfiguračního XML" WindowCaption="{{NahledKonfiguracnihoXml}}Náhled konfiguračního XML" ProgId="" EntityType="Enif.EDA.ENV.MF.EGForm,EnifModelFirstCommon" IsReadOnly="false" Scale="2.5" ValidationLevel="0">
  <FieldSection Caption="{{Xml}}XML" Columns="1">
    <Field Name="FormXml" Caption="{{Xml}}XML" FieldType="AvalonEdit" SelectorType="Const" Selector="" IsVisible="True" IsEnabled="True" IsReadOnly="True" Occupation="Block" IsBinded="false" Height="30" MaxHeight="31">
      <Params>
        <Param Name="TextWrapping">NoWrap</Param>
        <Param Name="SyntaxHighlighting">XML</Param>
        <Param Name="CodeMode">True</Param>
        <Param Name="ShowFolding">True</Param>
      </Params>
    </Field>
  </FieldSection>
</Form>