﻿<?xml version="1.0" encoding="utf-8"?>
<Form Type="Entity" Caption="{{DeleteButton}}Delete button" WindowCaption="{{DeleteButton}}Delete button" ProgId="" EntityType="Enif.EDA.ENV.MF.EGParam,EnifModelFirstCommon" IsReadOnly="False" Scale="1" ValidationLevel="1">
  <FieldSection Caption="{{EntityDelegates}}Entity delegates" Tooltip="{{SeznamEntitnichDelegatuKtereBudouZavolanyNadMazanouEntitou}}Seznam entitních delegátů, které budou zavolány nad mazanou entitou" Collapsed="True">
    <Field Name="bagEntityDelegates" Caption="{{EntityDelegates}}Entity delegates" FieldType="Grid" SelectorType="Path" Selector="Normalized.EntityDelegates.bagChildParam" ToolTip="{{SeznamEntitnichDelegatuKtereBudouZavolanyNadEntitouVOteviranemFormulari}}Seznam entitních delegátů, které budou zavolány nad entitou v otevíraném formuláři" IsVisible="True" IsEnabled="True" IsReadOnly="False" Occupation="Block" Height="10" MaxHeight="10">
      <DetailsButton IsVisible="True" Form="egeEntityDelegate" UnionTransaction="True" />
      <Params>
        <Param Name="AskOnDelete">Really delete ?</Param>
        <Param Name="Columns">
          <Param Name="{{DelegateName}}Delegate name">
            <Param Name="Field">Key</Param>
            <Param Name="Width">1*</Param>
          </Param>
        </Param>
      </Params>
    </Field>
  </FieldSection>
</Form>