﻿<?xml version="1.0" encoding="utf-8"?>
<Form Type="Entity" Caption="{{CommonButton}}Common button" WindowCaption="{{CommonButton}}Common button" ProgId="" EntityType="Enif.EDA.ENV.MF.EGParam,EnifModelFirstCommon" IsReadOnly="False" Scale="1" ValidationLevel="1">
  <FieldSection Caption="{{General}}General">
    <Field Name="Name" Caption="{{Name}}Name" FieldType="Text" SelectorType="Path" Selector="Key" ToolTip="{{JmenoTlacitkaPodKterymJejLzeNajitVBehaviorKodujePredanoJakoArgumentPriVolaniBehaviorMetodyOnbutton}}Jméno tlačítka pod kterým jej lze najít v behavior kódu.&#xA;Je předáno jako argument při volání behavior metody OnButton." IsVisible="True" IsEnabled="True" IsReadOnly="False" IsRequired="True" Occupation="Line" />
    <Field Name="Caption" Caption="{{Caption}}Caption" FieldType="Text" SelectorType="Path" Selector="ValueStr" ToolTip="{{ZobrazovanyNazevTlacitkapokudExistujeIkonaSTakovymNazvemZobraziSeMistoNazvu}}Zobrazovaný název tlačítka.&#xA;Pokud existuje ikona s takovým názvem, zobrazí se místo názvu." IsVisible="True" IsEnabled="True" IsReadOnly="False" IsRequired="True" Occupation="Line" />
    <Field Name="ToolTip" Caption="{{Tooltip}}ToolTip" FieldType="Text" SelectorType="Path" Selector="Normalized.ToolTip.Value" ToolTip="{{TooltipPriNajetiNaTlacitko}}Tooltip při najetí na tlačítko" IsVisible="True" IsEnabled="True" IsReadOnly="False" IsRequired="False" Occupation="Line" />
    <Field Name="Order" Caption="{{Order}}Order" FieldType="Integer" SelectorType="Path" Selector="Order" ToolTip="{{PoradiFielduVRamciFormulareaTakIVRamciSekce}}Pořadí fieldu v rámci formuláře (a tak i v rámci sekce)" Occupation="Line">
      <Params>
        <Param Name="EntityDelegates">
          <Param Name="Init_Reorder"></Param>
        </Param>
      </Params>
    </Field>
  </FieldSection>
  <FieldSection Caption="{{OpenForm}}Open form">
    <Field Name="Form" Caption="{{OpenFormName}}Open form name" FieldType="Text" SelectorType="Path" Selector="Normalized.Form.Value" ToolTip="{{JmenoFormulareKteryPokudJeUvedenSePriStiskuTlacitkaOtevre}}Jméno formuláře, který pokud je uveden, se při stisku tlačítka otevře" IsVisible="True" IsEnabled="True" IsReadOnly="False" IsRequired="False" Occupation="Line" />
    <Field Name="Target" Caption="{{Target}}Target" FieldType="EnumField" SelectorType="Path" Selector="Normalized.Target.Value" ToolTip="{{UrcujeKdeBudeUmistenOteviranyFormularMozneHodnotywindowStandartneVpravoVedleFormuselfUvnitrFieldukompletniFormselfdetailUvnitrFielduformBezHlavickyBezSekciZGriduSeOteviraNaJedenKlik}}Určuje, kde bude umístěn otevíraný formulář, možné hodnoty:&#xA; @Window - standartně vpravo vedle formu&#xA; @Self - uvnitř fieldu (kompletní form)&#xA; @SelfDetail - uvnitř fieldu (form bez hlavičky, bez sekcí, z gridu se otevírá na jeden klik)" IsVisible="True" IsEnabled="True" IsReadOnly="False" IsRequired="False" Occupation="Line">
      <Params>
        <Param Name="Enum">
          <Param Name="@Window">@Window</Param>
          <Param Name="@Self">@Self</Param>
          <Param Name="@SelfDetail">@SelfDetail</Param>
          <Param Name="@ModalWindow">@ModalWindow</Param>
          <Param Name="@SectionAfter">@SectionAfter</Param>
          <Param Name="@NewWindow">@NewWindow</Param>
        </Param>
      </Params>
    </Field>
    <Field Name="UnionTransaction" Caption="{{UnionTransaction}}Union transaction" FieldType="BoolField" SelectorType="Path" Selector="Normalized.UnionTransaction.Value" ToolTip="{{ZdaBudeFormularOtevrenVeStejneTransakciJakoAktualnivPripadeZeJeOteviranVSamostatneTransakciBudeOtevrenVNovemOkne}}Zda bude formulář otevřen ve stejné transakci jako aktuální.&#xA;V případě, že je otevírán v samostatné transakci, bude otevřen v novém okně." IsVisible="True" IsEnabled="True" IsReadOnly="False" IsRequired="True" Occupation="Line" Default="True" />
  </FieldSection>
  <FieldSection Caption="{{CommonParameters}}Common parameters">
    <Field Name="bagParams" Caption="{{CommonParameters}}Common parameters" FieldType="Grid" SelectorType="Path" Selector="Normalized.Params.bagChildParam" ToolTip="{{ObecnePojmenovaneHiearchickeParametrystandartniEnifHierarchickaKolekceCparamdictionary}}Obecné, pojmenované, hiearchické parametry&#xA;(standartní enif hierarchická kolekce CParamDictionary)." IsVisible="True" IsEnabled="True" IsReadOnly="False" Occupation="Block" Height="10" MaxHeight="10">
      <DetailsButton IsVisible="True" Form="egeParam" UnionTransaction="True" />
      <Params>
        <Param Name="AskOnDelete">Really delete?</Param>
        <Param Name="Columns">
          <Param Name="{{Order}}Order">
            <Param Name="Field">Order</Param>
            <Param Name="Width">50</Param>
          </Param>
          <Param Name="{{Name}}Name">
            <Param Name="Field">Key</Param>
            <Param Name="Width">1*</Param>
          </Param>
          <Param Name="{{Value}}Value">
            <Param Name="Field">ValueStr</Param>
            <Param Name="Width">3*</Param>
          </Param>
        </Param>
      </Params>
    </Field>
  </FieldSection>
  <Params>
    <Param Name="EntityDelegates">
      <Param Name="Create_Base"></Param>
      <Param Name="Init_Base"></Param>
    </Param>
  </Params>
</Form>