﻿<?xml version="1.0" encoding="utf-8"?>
<Form Type="Entity" Caption="{{KonfiguraceEngui}}Konfigurace EnGui" WindowCaption="{{KonfiguraceEngui}}Konfigurace EnGui" ProgId="EnifModelFirstGui.egbEnGuiEditorConfig,EnifModelFirstGuiMB" EntityType="Enif.EDA.ENV.MF.EGConfig,EnifModelFirstCommon" IsReadOnly="False" Scale="1" ValidationLevel="1">
  <FieldSection Caption="{{Zakladni}}Základní">
    <Field Name="Name" Caption="{{Nazev}}Název" FieldType="Text" SelectorType="Path" Selector="Name" IsVisible="True" IsEnabled="True" IsReadOnly="False" IsRequired="True" Occupation="Line" />
    <Field Name="InputFolderPath" Caption="{{SlozkaEnguiProImport}}Složka EnGUI pro import" FieldType="FolderPath" SelectorType="Path" Selector="InputFolderPath" IsVisible="True" IsEnabled="True" IsReadOnly="False" IsRequired="False" Occupation="Line" />
    <Field Name="ImportDate" Caption="{{Importovano}}Importováno" FieldType="DateTime" SelectorType="Path" Selector="ImportDate" IsVisible="True" IsEnabled="False" IsReadOnly="True" IsRequired="False" Occupation="Line" />
    <Field Name="OutputFolderPath" Caption="{{ExportniSlozkaEngui}}Exportní složka EnGUI" FieldType="FolderPath" SelectorType="Path" Selector="OutputFolderPath" IsVisible="True" IsEnabled="True" IsReadOnly="False" IsRequired="False" Occupation="Line" />
    <Field Name="Go" Caption="{{Go}}Go" FieldType="ButtonsField" SelectorType="Const" Selector="" IsVisible="true" IsEnabled="true" IsReadOnly="false" IsRequired="false" IsReactive="True" Occupation="Block" ValidationLevel="0" IsBinded="false" Height="1">
      <Params>
        <Param Name="Buttons">
          <Param Name="ImportConfig" Value="{{Import}}Import">
            <Param Name="ToolTip">{{ImportKonfiguracnichXmlSouboruZeZadaneSlozkyDoEditoru}}Import konfiguračních XML souborů ze zadané složky do editoru</Param>
          </Param>
          <Param Name="ExportConfig" Value="{{Export}}Export">
            <Param Name="ToolTip">{{ExportKonfiguraceEnguiZEditoruDoXmlSouboruVZadaneSlozce}}Export konfigurace EnGui z editoru do XML souborů v zadané složce</Param>
          </Param>
        </Param>
      </Params>
    </Field>
    <Field Name="Description" Caption="{{Popis}}Popis" FieldType="Text" SelectorType="Path" Selector="Description" IsVisible="True" IsEnabled="True" IsReadOnly="False" Occupation="CaptionBlock" Height="6" MaxHeight="6" />
  </FieldSection>
  <FieldSection Caption="{{Namespace}}Namespace">
    <Field Name="bagEGNamespace" Caption="{{Namespace}}Namespace" FieldType="Grid" SelectorType="Path" Selector="bagEGNamespace" ToolTip="{{SeznamNamespaceslozekEngui}}Seznam namespace (složek EnGUI)." IsVisible="True" IsEnabled="True" IsReadOnly="False" Occupation="Block" Height="10" MaxHeight="10">
      <DetailsButton IsVisible="True" Form="egeNamespace" UnionTransaction="True" />
      <SelectButton IsVisible="False" Form="egeNamespace" UnionTransaction="True" />
      <Params>
        <Param Name="AskOnDelete">Opravdu smazat?</Param>
        <Param Name="Order">Name</Param>
        <Param Name="Columns">
          <Param Name="{{Namespace}}Namespace">
            <Param Name="Field">Name</Param>
            <Param Name="Width">1*</Param>
          </Param>
        </Param>
      </Params>
    </Field>
  </FieldSection>
  <FieldSection Caption="{{Audit}}Audit">
    <Field Name="History" Caption="{{Cislo}}Číslo" FieldType="HistoryField" SelectorType="Path" Selector="." Occupation="Block">
      <DetailsButton IsVisible="True" ToolTip="Historie" UnionTransaction="False" />
      <Params>
        <Param Name="Fields">.</Param>
      </Params>
    </Field>
  </FieldSection>
</Form>