﻿<?xml version="1.0" encoding="utf-8"?>
<Form Type="Entity" Caption="{{ColumnDefinition}}Column definition" WindowCaption="{{ColumnDefinition}}Column definition" ProgId="" EntityType="Enif.EDA.ENV.MF.EGColumnDef,EnifModelFirstCommon" IsReadOnly="False" Scale="1" ValidationLevel="1">
  <FieldSection Caption="{{General}}General">
    <Field Name="Width" Caption="{{Width}}Width" FieldType="Text" SelectorType="Path" Selector="Width" ToolTip="{{SirkaSloupceStejneJakoUWpfColumndefinitioncisloVPxAutoNeboProporcionalne}}Šířka sloupce stejně jako u WPF ColumnDefinition (číslo v px, Auto, nebo proporcionálně *)" IsVisible="True" IsEnabled="True" IsReadOnly="False" IsRequired="False" Occupation="Line" />
    <Field Name="Order" Caption="{{Order}}Order" FieldType="Integer" SelectorType="Path" Selector="Order" ToolTip="{{PoradiSekceVeFormulari}}Pořadí sekce ve formuláři" IsVisible="True" IsEnabled="True" IsReadOnly="False" IsRequired="True" Occupation="Line" Default="">
      <Params>
        <Param Name="EntityDelegates">
          <Param Name="Init_Reorder"></Param>
        </Param>
      </Params>
    </Field>
  </FieldSection>
  <Params>
    <Param Name="EntityDelegates">
      <Param Name="Create_Base"></Param>
    </Param>
  </Params>
</Form>