﻿<?xml version="1.0" encoding="utf-8"?>
<Form Type="Entity" Caption="{{Parametr}}Parametr" WindowCaption="{{Parametr}}Parametr" ProgId="EnifModelFirstGui.egbEnGuiEditorDynamicParams,EnifModelFirstGuiMB" EntityType="Enif.EDA.ENV.MF.EGParam,EnifModelFirstCommon" IsReadOnly="False" Scale="1" ValidationLevel="1">
  <FieldSection Name="FieldTypeParams" Caption="{{General}}General" />
  <Params>
    <Param Name="EntityDelegates">
      <Param Name="Init_Base"></Param>
      <Param Name="Create_Base" />
    </Param>
  </Params>
</Form>