﻿<?xml version="1.0" encoding="utf-8"?>
<Form Type="Entity" Caption="{{TypFieldu}}Typ Fieldu" WindowCaption="{{TypFieldu}}Typ Fieldu" ProgId="EnifModelFirstGui.egbEnGuiEditorFieldType,EnifModelFirstGuiMB" EntityType="Enif.EDA.ENV.MF.EGFieldType,EnifModelFirstCommon" IsReadOnly="False" Scale="1" ValidationLevel="1">
  <FieldSection Caption="{{General}}General">
    <Field Name="Name" Caption="{{Name}}Name" FieldType="Text" SelectorType="Path" Selector="Name" ToolTip="{{UnikatniNazevTypuFielduVRamciNamespacenaTentoNazevSePakOdkazujiFieldy}}Unikátní název typu fieldu v rámci namespace,&#xA;na tento název se pak odkazují fieldy" IsVisible="True" IsEnabled="True" IsReadOnly="False" IsRequired="True" Occupation="Line" />
    <Field Name="ProgId" Caption="{{Progid}}ProgId" FieldType="Text" SelectorType="Path" Selector="ProgId" ToolTip="{{ProgidTridyImplementujiciDanyTypFieldu}}ProgId třídy implementující daný typ fieldu" IsVisible="True" IsEnabled="True" IsReadOnly="False" IsRequired="True" Occupation="Line" />
    <Field Name="BasedOn" Caption="{{Basedon}}BasedOn" FieldType="Text" SelectorType="Path" Selector="BasedOn" ToolTip="{{NazevTypuFielduZNehozSeTentoFieldDedi}}Název typu fieldu z něhož se tento field dědí" IsVisible="True" IsEnabled="True" IsReadOnly="False" IsRequired="False" Occupation="Line" />
  </FieldSection>
  <FieldSection Caption="{{Buttons}}Buttons">
    <Field Name="ButtonDetails" Caption="{{Details}}Details" FieldType="Entity" SelectorType="Path" Selector="ButtonDetails" ToolTip="{{TlacitkoProPrechodNaFormularSDetailemEntityVeFielduNeboRadkuFieldGridu}}Tlačítko pro přechod na formulář s detailem entity ve fieldu, nebo řádku field gridu" IsVisible="True" IsEnabled="True" IsReadOnly="False" IsRequired="False" Occupation="Line">
      <DetailsButton IsVisible="True" Form="egeButton" UnionTransaction="True" />
      <Params>
        <Param Name="DeleteButton">True</Param>
        <Param Name="Format">{IsVisibleN?'Visible':'Hidden'};Form={Form};Selector={SelectorType}:{SelectorExpr}</Param>
        <Param Name="Arguments">
          <Param Name="Path;IsVisible as IsVisible" />
          <Param Name="Exp;string IsVisibleS=(IsVisible??&quot;false&quot;)"></Param>
          <Param Name="Exp;bool IsVisibleN=!(IsVisibleS==&quot;&quot; || IsVisibleS==&quot;False&quot; || IsVisibleS==&quot;false&quot;)"></Param>
          <Param Name="Path;Form as Form" />
          <Param Name="Path;EGSelectorType.Caption as SelectorType" />
          <Param Name="Path;Selector as SelectorExpr" />
        </Param>
      </Params>
    </Field>
    <Field Name="ButtonSelect" Caption="{{Select}}Select" FieldType="Entity" SelectorType="Path" Selector="ButtonSelect" ToolTip="{{TlacitkoProPrechodNaFormularSeSeznamemtypickyFormGridProVyberEntityKPrirazenifieldEntityNeboPridanifieldGrid}}Tlačítko pro přechod na formulář se seznamem (typicky form grid) pro výběr entity k přiřazení (field entity) nebo přidání (field grid)" IsVisible="True" IsEnabled="True" IsReadOnly="False" IsRequired="False" Occupation="Line">
      <DetailsButton IsVisible="True" Form="egeButton" UnionTransaction="True" />
      <Params>
        <Param Name="DeleteButton">True</Param>
        <Param Name="Format">{IsVisibleN?'Visible':'Hidden'};Form={Form};Selector={SelectorType}:{SelectorExpr}</Param>
        <Param Name="Arguments">
          <Param Name="Path;IsVisible as IsVisible" />
          <Param Name="Exp;string IsVisibleS=(IsVisible??&quot;false&quot;)"></Param>
          <Param Name="Exp;bool IsVisibleN=!(IsVisibleS==&quot;&quot; || IsVisibleS==&quot;False&quot; || IsVisibleS==&quot;false&quot;)"></Param>
          <Param Name="Path;Form as Form" />
          <Param Name="Path;EGSelectorType.Caption as SelectorType" />
          <Param Name="Path;Selector as SelectorExpr" />
        </Param>
      </Params>
    </Field>
  </FieldSection>
  <FieldSection Caption="{{CommonParameters}}Common parameters" Tooltip="{{ObecnePojmenovaneHiearchickeParametrystandartniEnifHierarchickaKolekceCparamdictionary}}Obecné, pojmenované, hiearchické parametry&#xA;(standartní enif hierarchická kolekce CParamDictionary).">
    <Field Name="bagParams" Caption="{{CommonParameters}}Common parameters" FieldType="Grid" SelectorType="Path" Selector="EGParamSet.bagEGParam" ToolTip="{{ObecnePojmenovaneHiearchickeParametrystandartniEnifHierarchickaKolekceCparamdictionary}}Obecné, pojmenované, hiearchické parametry&#xA;(standartní enif hierarchická kolekce CParamDictionary)." IsVisible="True" IsEnabled="True" IsReadOnly="False" Occupation="Block" Height="10" MaxHeight="10">
      <DetailsButton IsVisible="True" Form="egeParam" UnionTransaction="True" />
      <Params>
        <Param Name="AskOnDelete">Really delete?</Param>
        <Param Name="Columns">
          <Param Name="{{Order}}Order">
            <Param Name="Field">Order</Param>
            <Param Name="Width">50</Param>
          </Param>
          <Param Name="{{Name}}Name">
            <Param Name="Field">Key</Param>
            <Param Name="Width">1*</Param>
          </Param>
          <Param Name="{{Value}}Value">
            <Param Name="Field">ValueStr</Param>
            <Param Name="Width">3*</Param>
          </Param>
        </Param>
        <Param Name="Buttons">
          <Param Name="EditCommonParametersXML" Value="{{EditXml}}Edit XML">
            <Param Name="ToolTip" Value="{{OtevreFormularProPrimouEditaciXmlParamDictionarySObecnymiPojmenovanymiParametry}}Otevře formulář pro přímou editaci XML param dictionary s obecnými pojmenovanými parametry" />
          </Param>
        </Param>
      </Params>
    </Field>
  </FieldSection>
  <Params>
    <Param Name="EntityDelegates">
      <Param Name="Create_Base" />
    </Param>
  </Params>
</Form>