﻿<?xml version="1.0" encoding="utf-8"?>
<Form Type="Entity" Caption="{{Section}}Section" WindowCaption="{{Section}}Section" ProgId="EnifModelFirstGui.egbEnGuiEditorFormSection,EnifModelFirstGuiMB" EntityType="Enif.EDA.ENV.MF.EGFormSection,EnifModelFirstCommon" IsReadOnly="False" Scale="1" ValidationLevel="1">
  <FieldSection Caption="{{General}}General">
    <Field Name="Name" Caption="{{Name}}Name" FieldType="Text" SelectorType="Path" Selector="Name" ToolTip="{{NepovinneJmenoSekcePodKterymJeMozneZBehaviorTridySekciNajit}}Nepovinné jméno sekce, pod kterým je možné z behavior třídy sekci najít" IsVisible="True" IsEnabled="True" IsReadOnly="False" IsRequired="False" Occupation="Line" />
    <Field Name="Caption" Caption="{{Caption}}Caption" FieldType="Text" SelectorType="Path" Selector="Caption" ToolTip="{{ZobrazovanyNazevSekce}}Zobrazovaný název sekce" IsVisible="True" IsEnabled="True" IsReadOnly="False" IsRequired="False" Occupation="Line" />
    <Field Name="ToolTip" Caption="{{Tooltip}}ToolTip" FieldType="Text" SelectorType="Path" Selector="ToolTip" ToolTip="{{TooltipPriNajetiNaPanelSekce}}Tooltip při najetí na panel sekce" IsVisible="True" IsEnabled="True" IsReadOnly="False" IsRequired="False" Occupation="Line" />
    <Field Name="Visibility" Caption="{{Visibility}}Visibility" FieldType="StringResolver" SelectorType="Path" Selector="Visibility" ToolTip="{{StringresolverVyrazmaVracetStringTrueNeboFalseZdaJeSekceViditelna}}StringResolver výraz (má vracet string True nebo False), zda je sekce viditelná" IsVisible="True" IsEnabled="True" IsReadOnly="False" IsRequired="False" Occupation="Line" />
    <Field Name="Collapsed" Caption="{{Collapsed}}Collapsed" FieldType="StringResolver" SelectorType="Path" Selector="Collapsed" ToolTip="{{StringresolverVyrazmaVracetStringTrueNeboFalseZdaJeSekcePriZobrazeniFormulareSbalena}}StringResolver výraz (má vracet string True nebo False), zda je sekce při zobrazení formuláře sbalená" IsVisible="True" IsEnabled="True" IsReadOnly="False" IsRequired="False" Occupation="Line" />
    <Field Name="Columns" Caption="{{ColumnsCount}}Columns count" FieldType="Integer" SelectorType="Path" Selector="Columns" ToolTip="{{PocetSloupcuSekceDoKterychLzeUmistovatJednotliveFieldy}}Počet sloupců sekce do kterých lze umísťovat jednotlivé fieldy" IsVisible="True" IsEnabled="True" IsReadOnly="False" IsRequired="False" Occupation="Line" />
    <Field Name="Order" Caption="{{Order}}Order" FieldType="Integer" SelectorType="Path" Selector="Order" ToolTip="{{PoradiSekceVeFormulari}}Pořadí sekce ve formuláři" IsVisible="True" IsEnabled="True" IsReadOnly="False" IsRequired="True" Occupation="Line" Default="">
      <Params>
        <Param Name="EntityDelegates">
          <Param Name="Init_Reorder"></Param>
        </Param>
      </Params>
    </Field>
  </FieldSection>
  <FieldSection Caption="{{SectionFields}}Section fields" Tooltip="{{SeznamFielduVSekciFormulare}}Seznam fieldů v sekci formuláře">
    <Field Name="bagEGField" Caption="{{SectionFields}}Section fields" FieldType="Grid" SelectorType="Path" Selector="bagEGField" ToolTip="{{SeznamFielduVSekciFormulare}}Seznam fieldů v sekci formuláře" IsVisible="True" IsEnabled="True" IsReadOnly="False" Occupation="Block" Height="10" MaxHeight="20">
      <DetailsButton IsVisible="True" Form="egeField" UnionTransaction="True" />
      <SelectButton IsVisible="False" Form="egeField" UnionTransaction="True" />
      <Params>
        <Param Name="AskOnDelete">Really delete selected field ?</Param>
        <Param Name="Columns">
          <Param Name="{{Order}}Order">
            <Param Name="Field">Order</Param>
            <Param Name="Width">60</Param>
          </Param>
          <Param Name="{{Name}}Name">
            <Param Name="Field">Name</Param>
            <Param Name="Width">1*</Param>
          </Param>
          <Param Name="{{Caption}}Caption">
            <Param Name="Field">Caption</Param>
            <Param Name="Width">1*</Param>
          </Param>
        </Param>
      </Params>
    </Field>
  </FieldSection>
  <FieldSection Caption="{{SectionColumns}}Section columns" Tooltip="{{DefiniceSloupcuFormulareProPresnejsiUmisteniFielduVSekci}}Definice sloupců formuláře pro přesnější umístění fieldů v sekci">
    <Field Name="bagColumnDef" Caption="{{SectionColumns}}Section columns" FieldType="Grid" SelectorType="Path" Selector="bagColumnDef" ToolTip="{{SeznamDefinicSloupcuFormulareProPresnejsiUmisteniFielduVSekci}}Seznam definic sloupců formuláře pro přesnější umístění fieldů v sekci" IsVisible="True" IsEnabled="True" IsReadOnly="False" Occupation="Block" Height="10" MaxHeight="10">
      <DetailsButton IsVisible="True" Form="egeColumn" UnionTransaction="True" />
      <SelectButton IsVisible="False" Form="egeColumn" UnionTransaction="True" />
      <Params>
        <Param Name="AskOnDelete">Really delete selected column definition ?</Param>
        <Param Name="Columns">
          <Param Name="{{Order}}Order">
            <Param Name="Field">Order</Param>
            <Param Name="Width">60</Param>
          </Param>
          <Param Name="{{Width}}Width">
            <Param Name="Field">Width</Param>
            <Param Name="Width">1*</Param>
          </Param>
        </Param>
      </Params>
    </Field>
  </FieldSection>
  <Params>
    <Param Name="EntityDelegates">
      <Param Name="Create_Base"></Param>
    </Param>
  </Params>
</Form>