﻿<?xml version="1.0" encoding="utf-8"?>
<Form Type="Entity" Caption="{{ContextmenuItem}}ContextMenu Item" WindowCaption="{{ContextmenuItem}}ContextMenu Item" ProgId="" EntityType="Enif.EDA.ENV.MF.EGParam,EnifModelFirstCommon" IsReadOnly="False" Scale="1" ValidationLevel="1">
  <FieldSection Caption="{{Zakladni}}Základní">
    <Field Name="Name" Caption="{{Name}}Name" FieldType="Text" SelectorType="Path" Selector="Key" ToolTip="{{JedinecnyNazevPolozkytlacitkaVKontextovemMenuPodTimtoNazvemJeStiskTlacitkaOdchycenVBehaviorMetodeOnbutton}}Jedinečný název položky (tlačítka) v kontextovém menu, pod tímto názvem je stisk tlačítka odchycen v Behavior metodě OnButton" IsVisible="True" IsEnabled="True" IsReadOnly="False" IsRequired="True" Occupation="Line" />
    <Field Name="Label" Caption="{{Label}}Label" FieldType="Text" SelectorType="Path" Selector="ValueStr" ToolTip="{{ZobrazovanyNazevPolozkyKontextovehoMenu}}Zobrazovaný název položky kontextového menu" IsVisible="True" IsEnabled="True" IsReadOnly="False" IsRequired="True" Occupation="Line" />
    <Field Name="Form" Caption="{{Form}}Form" FieldType="Text" SelectorType="Path" Selector="Normalized.Form.Value" ToolTip="{{PokudJeZadanoBudePriStiskuTetoPolozkyKontextovehoMenuOtevrenZadanyFormular}}Pokud je zadáno, bude při stisku této položky kontextového menu otevřen zadaný formulář" IsVisible="True" IsEnabled="True" IsReadOnly="False" IsRequired="False" Occupation="Line" />
    <Field Name="GotoNodeId" Caption="{{Gotonodeid}}GotoNodeId" FieldType="Text" SelectorType="Path" Selector="Normalized.GotoNodeId.Value" ToolTip="{{PokudJeZadanoBudePriStiskuTetoPolozkyVeStromeckuPreskocenoNaZadanyNode}}Pokud je zadáno, bude při stisku této položky ve stromečku přeskočeno na zadaný node" IsVisible="True" IsEnabled="True" IsReadOnly="False" IsRequired="False" Occupation="Line" />
    <Field Name="Order" Caption="{{Order}}Order" FieldType="Integer" SelectorType="Path" Selector="Order" ToolTip="{{PoradiPolozkyVKontextovemMenu}}Pořadí položky v kontextovém menu" IsVisible="True" IsEnabled="True" IsReadOnly="False" IsRequired="False" Occupation="Line">
      <Params>
        <Param Name="EntityDelegates">
          <Param Name="Init_Reorder"></Param>
        </Param>
      </Params>
    </Field>
  </FieldSection>
  <Params>
    <Param Name="EntityDelegates">
      <Param Name="Create_Base" />
    </Param>
  </Params>
</Form>