﻿<?xml version="1.0" encoding="utf-8"?>
<Form Type="Entity" Caption="{{Variablesbinding}}VariablesBinding" WindowCaption="{{Variablesbinding}}VariablesBinding" ProgId="" EntityType="Enif.EDA.ENV.MF.EGParam,EnifModelFirstCommon" IsReadOnly="False" Scale="1" ValidationLevel="1">
  <FieldSection Caption="{{Zakladni}}Základní">
    <Field Name="Name" Caption="{{NazevPromenne}}Název proměnné" FieldType="Text" SelectorType="Path" Selector="Key" ToolTip="{{JedinecnyNazevPromenneTentoNazevUvedenyVeSlozenychZavorkachBudeNahrazenZaHodnotuVzniklouVyhodnovenimZadanehoVyrazu}}Jedinečný název proměnné, tento název uvedený ve složených závorkách bude nahrazen za hodnotu vzniklou vyhodnovením zadaného výrazu" IsVisible="True" IsEnabled="True" IsReadOnly="False" IsRequired="True" Occupation="Line" />
    <Field Name="Value" Caption="{{VyrazHodnoty}}Výraz hodnoty" FieldType="StringResolver" SelectorType="Path" Selector="ValueStr" ToolTip="{{StringresolverExpressionJehozVyhodnocenimVznikneHodnotaKteraBudeVDotazuDoplnena}}StringResolver expression jehož vyhodnocením vznikne hodnota, která bude v dotazu doplněna" IsVisible="True" IsEnabled="True" IsReadOnly="False" IsRequired="True" Occupation="CaptionBlock" Height="8" MaxHeight="8" />
  </FieldSection>
  <Params>
    <Param Name="EntityDelegates">
      <Param Name="Create_Base" />
    </Param>
  </Params>
</Form>