﻿<?xml version="1.0" encoding="utf-8"?>
<Form Type="Entity" Caption="{{GridColumn}}Grid column" WindowCaption="{{GridColumn}}Grid column" ProgId="" EntityType="Enif.EDA.ENV.MF.EGParam,EnifModelFirstCommon" IsReadOnly="False" Scale="1" ValidationLevel="1">
  <FieldSection Caption="{{General}}General">
    <Field Name="Name" Caption="{{Name}}Name" FieldType="Text" SelectorType="Path" Selector="Key" ToolTip="{{JedinecnyKlicSloupce}}Jedinečný klíč sloupce" IsVisible="True" IsEnabled="True" IsReadOnly="False" IsRequired="True" Occupation="Line" />
    <Field Name="Label" Caption="{{Label}}Label" FieldType="Text" SelectorType="Path" Selector="Normalized.Label.Value" ToolTip="{{ZobrazovanyNazevSloupce}}Zobrazovaný název sloupce" IsVisible="True" IsEnabled="True" IsReadOnly="False" IsRequired="True" Occupation="Line" />
    <Field Name="DataType" Caption="{{Datatype}}DataType" FieldType="EnumField" SelectorType="Path" Selector="Normalized.DataType.Value" ToolTip="{{DatovyTypPolozkySloupceOvlivnujeZpusobTrideniAFormatovanivizParametrFormatVeSloupciproBoolSeAutomatickyVeSloupciZobrazujeLokalizovanyTextAnoneACheckboxVeFiltrovacimRadku}}Datový typ položky sloupce, ovlivňuje způsob třídění a formátování (viz parametr Format) ve sloupci.&#xA;Pro Bool se automaticky ve sloupci zobrazuje lokalizovaný text Ano/Ne a checkbox ve filtrovacím řádku." IsVisible="True" IsEnabled="True" IsReadOnly="False" IsRequired="False" Occupation="Line">
      <Params>
        <Param Name="Enum">
          <Param Name="Boolean">Boolean</Param>
          <Param Name="Byte">Byte</Param>
          <Param Name="DateTime">DateTime</Param>
          <Param Name="Decimal">Decimal</Param>
          <Param Name="Double">Double</Param>
          <Param Name="Char">Char</Param>
          <Param Name="Int16">Int16</Param>
          <Param Name="Int32">Int32</Param>
          <Param Name="Int64">Int64</Param>
          <Param Name="String">String</Param>
        </Param>
      </Params>
    </Field>
    <Field Name="Format" Caption="{{Format}}Format" FieldType="Text" SelectorType="Path" Selector="Normalized.Format.Value" ToolTip="{{FormatovaciRetezecPozorNeniToFormatovaciRetezecProStringformatAleProAttributStringformatBindingTridyxalzePouzitProFormatovaniCislaMaskuProDatumPocetDesetinnychMistOddelovacTisicuZobrazeneJednotkyAtd}}Formátovací řetězec - pozor není to formátovací řetězec pro String.Format, ale pro attribut StringFormat Binding třídy.&#xA;Lze použít pro formátování čísla, masku pro datum, počet desetinných míst, oddělovač tisíců, zobrazené jednotky atd.." IsVisible="True" IsEnabled="True" IsReadOnly="False" IsRequired="False" Occupation="Line" />
    <Field Name="Alignment" Caption="{{Alignment}}Alignment" FieldType="EnumField" SelectorType="Path" Selector="Normalized.Alignment.Value" ToolTip="{{ZpusobZarovnaniTextuVeSlouci}}Způsob zarovnání textu ve slouci" IsVisible="True" IsEnabled="True" IsReadOnly="False" IsRequired="False" Occupation="Line">
      <Params>
        <Param Name="Enum">
          <Param Name="Left">Left</Param>
          <Param Name="Right">Right</Param>
          <Param Name="Center">Center</Param>
          <Param Name="Justify">Justify</Param>
        </Param>
      </Params>
    </Field>
    <Field Name="Width" Caption="{{Width}}Width" FieldType="Text" SelectorType="Path" Selector="Normalized.Width.Value" ToolTip="{{DefiniceSirkySloupcevPixelechJeMozneZadatIProporcionalnePomocitj11DilDostupneSirky22DilyAtd}}Definice šířky sloupce (v pixelech), je možné zadat i proporcionálně pomocí * (tj. 1* = 1 díl dostupné šířky, 2* = 2 díly, atd.)" IsVisible="True" IsEnabled="True" IsReadOnly="False" IsRequired="False" Occupation="Line" />
    <Field Name="MinWidth" Caption="{{Minwidth}}MinWidth" FieldType="Integer" SelectorType="Path" Selector="Normalized.MinWidth.Value" ToolTip="{{DefiniceMinimalniSirkySloupcevPixelech}}Definice minimální šířky sloupce (v pixelech)" IsVisible="True" IsEnabled="True" IsReadOnly="False" IsRequired="False" Occupation="Line" />
    <Field Name="IsVisible" Caption="{{Isvisible}}IsVisible" FieldType="BoolField" SelectorType="Path" Selector="Normalized.IsVisible.Value" ToolTip="{{ZdaJeSloupecZobrazeny}}Zda je sloupec zobrazený" IsVisible="True" IsEnabled="True" IsReadOnly="False" IsRequired="False" Occupation="Line" />
    <Field Name="CalculateDistinctValues" Caption="{{Calculatedistinctvalues}}CalculateDistinctValues" FieldType="BoolField" SelectorType="Path" Selector="Normalized.CalculateDistinctValues.Value" ToolTip="{{ZdaVeFiltrovacimRadkuprvniRadekVGriduBudeVyplnenoComboSUnikatnimiHodnotamiVDanemSloupcipodobneJakoFiltrovaniVExcelu}}Zda ve filtrovacím řádku (první řádek v gridu) bude vyplněno combo s unikátními hodnotami v daném sloupci (podobně jako filtrování v Excelu)" IsVisible="True" IsEnabled="True" IsReadOnly="False" IsRequired="False" Occupation="Line" />
    <Field Name="Order" Caption="{{Order}}Order" FieldType="Integer" SelectorType="Path" Selector="Order" ToolTip="{{PoradiSloupce}}Pořadí sloupce" IsVisible="True" IsEnabled="True" IsReadOnly="False" IsRequired="False" Occupation="Line">
      <Params>
        <Param Name="EntityDelegates">
          <Param Name="Init_Reorder"></Param>
        </Param>
      </Params>
    </Field>
  </FieldSection>
  <Params>
    <Param Name="EntityDelegates">
      <Param Name="Create_Base" />
    </Param>
  </Params>
</Form>