﻿<?xml version="1.0" encoding="utf-8"?>
<Form Type="Entity" Caption="{{ExportMenuItem}}Export menu item" WindowCaption="{{ExportMenuItem}}Export menu item" ProgId="" EntityType="Enif.EDA.ENV.MF.EGParam,EnifModelFirstCommon" IsReadOnly="False" Scale="1" ValidationLevel="1">
  <FieldSection Caption="{{Zakladni}}Základní">
    <Field Name="Name" Caption="{{Label}}Label" FieldType="Text" SelectorType="Path" Selector="Key" ToolTip="{{ZobrazovanyNazevPolozkyVMenuExport}}Zobrazovaný název položky v menu Export" IsVisible="True" IsEnabled="True" IsReadOnly="False" IsRequired="True" Occupation="Line" />
    <Field Name="Value" Caption="{{DotazProExport}}Dotaz pro export" FieldType="Text" SelectorType="Path" Selector="ValueStr" ToolTip="{{SqlNeboHqlDotazJehozSpustenimSeZiskajiDataKteraBudouVyexportovanapokudJePonechanoPrazdneBudeExportovanaAktualneZobrazenaDataVcetneAplikovanehoFiltru}}SQL nebo HQL dotaz, jehož spuštěním se získají data, která budou vyexportována.&#xA;Pokud je ponecháno prázdné, bude exportována aktuálně zobrazená data včetně aplikovaného filtru" IsVisible="True" IsEnabled="True" IsReadOnly="False" IsRequired="True" Occupation="CaptionBlock" Height="8" MaxHeight="8" />
  </FieldSection>
  <Params>
    <Param Name="EntityDelegates">
      <Param Name="Create_Base" />
      <Param Name="Init_Base"></Param>
    </Param>
  </Params>
</Form>