﻿<?xml version="1.0" encoding="utf-8"?>
<Form Type="Entity" Caption="{{Namespace}}Namespace" WindowCaption="{{Namespace}}Namespace" ProgId="EnifModelFirstGui.egbEnGuiEditorNamespace,EnifModelFirstGuiMB" EntityType="Enif.EDA.ENV.MF.EGNamespace,EnifModelFirstCommon" IsReadOnly="False" Scale="1" ValidationLevel="1">
  <FieldSection Caption="">
    <Field Name="FolderPath" Caption="{{CestaSlozkyNamespace}}Cesta složky namespace" FieldType="Text" SelectorType="Path" Selector="FolderPath" ToolTip="{{RelativniCestaVuciZakladniSlozceEnguikazdaPodslozkaSlozkyEnguiPredstavujeJedenNamespacerootSlozkaKonfiguraceEnguiMaCestuPrazdnouAPredstavujeRootNamespaceEnif}}Relativní cesta vůči základní složce EnGUI.&#xA;Každá podsložka složky EnGUI představuje jeden namespace.&#xA;Root složka konfigurace EnGUI má cestu prázdnou a představuje root namespace Enif." IsVisible="True" IsEnabled="True" IsReadOnly="False" IsRequired="False" Occupation="Line" />
    <Field Name="Name" Caption="{{Namespace}}Namespace" FieldType="Text" SelectorType="Path" Selector="Name" IsVisible="True" IsEnabled="True" IsReadOnly="True" IsRequired="True" Occupation="Line" />
  </FieldSection>
  <FieldSection Caption="{{TypyFieldu}}Typy Fieldů">
    <Field Name="ImportFieldTypes" Caption="{{Importfieldtypes}}ImportFieldTypes" FieldType="ButtonsField" SelectorType="Const" Selector="" IsVisible="true" IsEnabled="true" IsReadOnly="false" IsRequired="false" IsReactive="True" Occupation="Block" ValidationLevel="0" IsBinded="false" Height="1">
      <Params>
        <Param Name="Buttons">
          <Param Name="ImportFieldTypesConfig" Value="{{ImportExistujicichTypu}}Import existujících typů">
            <Param Name="ToolTip">{{ImportExistujicihoSouboruEgfieldtypesxmlSDefiniciDostupnychTypuFielduimportovanyBudouPouzeTypyKtereJesteNeexistuji}}Import existujícího souboru EGFieldTypes.xml s definicí dostupných typů fieldů.
Importovány budou pouze typy, které ještě neexistují.</Param>
          </Param>
        </Param>
      </Params>
    </Field>
    <Field Name="bagEGFieldType" Caption="{{TypyFieldu}}Typy Fieldů" FieldType="Grid" SelectorType="Path" Selector="bagEGFieldType" ToolTip="{{SeznamDostupnychTypuFielduVTomtoNamespace}}Seznam dostupných typů Fieldů v tomto Namespace" IsVisible="True" IsEnabled="True" IsReadOnly="False" Occupation="Block" Height="8" MaxHeight="8">
      <DetailsButton IsVisible="True" Form="egeFieldType" UnionTransaction="True" />
      <SelectButton IsVisible="False" Form="egeFieldType" UnionTransaction="True" />
      <Params>
        <Param Name="AskOnDelete">Opravdu smazat?</Param>
        <Param Name="Order">Name</Param>
        <Param Name="Columns">
          <Param Name="{{Name}}Name">
            <Param Name="Field">Name</Param>
            <Param Name="Width">1*</Param>
          </Param>
          <Param Name="{{Progid}}ProgId">
            <Param Name="Field">ProgId</Param>
            <Param Name="Width">1*</Param>
          </Param>
        </Param>
      </Params>
    </Field>
  </FieldSection>
  <FieldSection Caption="{{Formulare}}Formuláře">
    <Field Name="bagEGForm" Caption="{{Formulare}}Formuláře" FieldType="Grid" SelectorType="Path" Selector="bagEGForm" ToolTip="{{SeznamFormularuVTomtoNamespace}}Seznam formulářů v tomto Namespace" IsVisible="True" IsEnabled="True" IsReadOnly="False" Occupation="Block" Height="15" MaxHeight="15">
      <DetailsButton IsVisible="True" Form="egeForm" UnionTransaction="True" />
      <SelectButton IsVisible="False" Form="egeForm" UnionTransaction="True" />
      <Params>
        <Param Name="AskOnDelete">Opravdu smazat?</Param>
        <Param Name="Order">EGFormType.Caption,Name</Param>
        <Param Name="Columns">
          <Param Name="{{Name}}Name">
            <Param Name="Field">Name</Param>
            <Param Name="Width">2*</Param>
          </Param>
          <Param Name="{{Caption}}Caption">
            <Param Name="Field">Caption</Param>
            <Param Name="Width">2*</Param>
          </Param>
          <Param Name="{{Type}}Type">
            <Param Name="Field">EGFormType.Caption</Param>
            <Param Name="Width">1*</Param>
          </Param>
        </Param>
      </Params>
    </Field>
  </FieldSection>
</Form>