﻿<?xml version="1.0" encoding="utf-8"?>
<Form Type="Entity" Caption="{{Parametr}}Parametr" WindowCaption="{{Parametr}}Parametr" ProgId="" EntityType="Enif.EDA.ENV.MF.EGParam,EnifModelFirstCommon" IsReadOnly="False" Scale="1" ValidationLevel="1">
  <FieldSection Caption="{{Zakladni}}Základní">
    <Field Name="Name" Caption="{{Name}}Name" FieldType="Text" SelectorType="Path" Selector="Key" ToolTip="{{KlicnazevParametru}}Klíč/název parametru" IsVisible="True" IsEnabled="True" IsReadOnly="False" IsRequired="True" Occupation="Line" />
    <Field Name="Value" Caption="{{Value}}Value" FieldType="Text" SelectorType="Path" Selector="ValueStr" ToolTip="{{HodnotaParametru}}Hodnota parametru" IsVisible="True" IsEnabled="True" IsReadOnly="False" IsRequired="False" Occupation="CaptionBlock" Height="8" MaxHeight="8" />
    <Field Name="Order" Caption="{{Order}}Order" FieldType="Integer" SelectorType="Path" Selector="Order" ToolTip="{{PoradiParametruVRamciKolekceChilduNadrazenehoParametru}}Pořadí parametru v rámci kolekce childů nadřazeného parametru" Occupation="Line">
      <Params>
        <Param Name="EntityDelegates">
          <Param Name="Init_Reorder"></Param>
        </Param>
      </Params>
    </Field>
  </FieldSection>
  <FieldSection Caption="{{Podparametry}}Podparametry">
    <Field Name="bagParams" Caption="{{Podparametry}}Podparametry" FieldType="Grid" SelectorType="Path" Selector="ChildParams" ToolTip="{{PodparametryTohotoParametru}}Podparametry tohoto parametru" IsVisible="True" IsEnabled="True" IsReadOnly="False" Occupation="Block" Height="10" MaxHeight="10">
      <DetailsButton IsVisible="True" Form="egeParam" UnionTransaction="True" />
      <Params>
        <Param Name="AskOnDelete">Opravdu smazat?</Param>
        <Param Name="Columns">
          <Param Name="{{Name}}Name">
            <Param Name="Field">Key</Param>
            <Param Name="Width">1*</Param>
          </Param>
          <Param Name="{{Value}}Value">
            <Param Name="Field">ValueStr</Param>
            <Param Name="Width">3*</Param>
          </Param>
        </Param>
      </Params>
    </Field>
  </FieldSection>
  <Params>
    <Param Name="EntityDelegates">
      <Param Name="Create_Base" />
      <Param Name="Init_Base"></Param>
    </Param>
  </Params>
</Form>