﻿<?xml version="1.0" encoding="utf-8"?>
<Form Type="Entity" Caption="{{KonfiguraceEngui}}Konfigurace EnGui" WindowCaption="{{KonfiguraceEngui}}Konfigurace EnGui" ProgId="EnifModelFirstGui.egbEnGuiEditorConfig,EnifModelFirstGuiMB" EntityType="Enif.EDA.ENV.MF.MFProjectEnGui,EnifModelFirstCommon" IsReadOnly="False" Scale="1" ValidationLevel="1">
  <FieldSection Name="Default" Caption="{{Project}}Project" Columns="1">
    <Field Name="Path" Caption="{{SouboruProjektu}}Souboru projektu" FieldType="Text" SelectorType="Path" Selector="Path" IsVisible="true" IsEnabled="true" IsReadOnly="true" IsRequired="false" IsReactive="True" Occupation="Line" ValidationLevel="0" Column="0" Colspan="1" Rowspan="1" Ratio="22:26" IsBinded="true" />
    <Field Name="Go" Caption="{{Go}}Go" FieldType="ButtonsField" SelectorType="Const" Selector="" IsVisible="true" IsEnabled="true" IsReadOnly="false" IsRequired="false" IsReactive="True" Occupation="Block" ValidationLevel="0" Column="0" Colspan="1" Rowspan="1" IsBinded="false" Height="1">
      <Params>
        <Param Name="Buttons">
          <Param Name="Reload" Value="{{ReloadProject}}Reload project">
            <Param Name="UnionTransaction">True</Param>
            <Param Name="ToolTip">{{ReloadAllEnguiConfigFilesFromDiskToTreeAndDesigner}}Reload all EnGUI config files from disk to tree and designer</Param>
          </Param>
          <Param Name="Remove" Value="{{RemoveProject}}Remove project">
            <Param Name="ToolTip">{{RemovesTheProjectFromSolution}}Removes the project from solution</Param>
          </Param>
        </Param>
      </Params>
    </Field>
  </FieldSection>
  <FieldSection Name="EgConfig" Caption="{{EnguiConfig}}EnGui config">
    <Field Name="OutputFolderPath" Caption="{{RootSlozkaKonfiguraceEngui}}Root složka konfigurace EnGUI" FieldType="FolderPath" SelectorType="Path" Selector="EGConfig.OutputFolderPath" IsVisible="True" IsEnabled="True" IsReadOnly="False" IsRequired="False" Occupation="Line" />
    <Field Name="Description" Caption="{{Popis}}Popis" FieldType="Text" SelectorType="Path" Selector="EGConfig.Description" IsVisible="True" IsEnabled="True" IsReadOnly="False" Occupation="CaptionBlock" Height="6" MaxHeight="6" />
  </FieldSection>
  <FieldSection Caption="{{Namespace}}Namespace">
    <Field Name="bagEGNamespace" Caption="{{Namespace}}Namespace" FieldType="Grid" SelectorType="Path" Selector="EGConfig.bagEGNamespace" ToolTip="{{SeznamNamespaceslozekEngui}}Seznam namespace (složek EnGUI)." IsVisible="True" IsEnabled="True" IsReadOnly="False" Occupation="Block" Height="10" MaxHeight="10">
      <DetailsButton IsVisible="True" Form="egeNamespace" UnionTransaction="True" />
      <SelectButton IsVisible="False" Form="egeNamespace" UnionTransaction="True" />
      <Params>
        <Param Name="AskOnDelete">Opravdu smazat?</Param>
        <Param Name="Order">Name</Param>
        <Param Name="Columns">
          <Param Name="{{Namespace}}Namespace">
            <Param Name="Field">Name</Param>
            <Param Name="Width">1*</Param>
          </Param>
        </Param>
      </Params>
    </Field>
  </FieldSection>
</Form>