﻿<?xml version="1.0" encoding="utf-8"?>
<Config>
  <FieldTypes>
    <FieldType Name="FolderPath" ProgId="EGBaseFields.EGFieldFilePath">
      <Params>
        <Param Name="BrowseMode">Folder</Param>
      </Params>
    </FieldType>
    <FieldType Name="AvalonEdit" ProgId="EGSpecFields.EGFieldAvalonEditor" />
    <FieldType Name="HqlEditor" ProgId="EGSpecFields.EGFieldHqlEditor2" />
    <FieldType Name="StringResolver" ProgId="EGSpecFields.EGFieldStringResolver" />
    <FieldType Name="StringResolverDetail" ProgId="EGSpecFields.EGFieldStringResolverDetail" />
  </FieldTypes>
  <BaseTypes />
</Config>