﻿<?xml version="1.0" encoding="utf-8"?>
<Form Type="Grid" Caption="{{SeznamKonfiguraciEngui}}Seznam konfigurací EnGui" WindowCaption="{{SeznamKonfiguraciEngui}}Seznam konfigurací EnGui" ProgId="" EntityType="Enif.EDA.ENV.MF.EGConfig,EnifModelFirstCommon" IsReadOnly="False" Scale="1.5" ValidationLevel="1" CanDelete="Multi">
  <Params>
    <Param Name="ViewName">select T. from EGConfig T
</Param>
    <Param Name="PrimaryKeyName">ID</Param>
    <Param Name="WhereCondition" />
    <Param Name="DynamicLoading">False</Param>
    <Param Name="AskOnDelete">{{OpravduSmazat}}Opravdu smazat ?</Param>
    <Param Name="Columns">
      <Param Name="NAME">
        <Param Name="Label">{{Nazev}}Název</Param>
        <Param Name="DataType">String</Param>
        <Param Name="Width">180</Param>
      </Param>
      <Param Name="Computer">
        <Param Name="Label">{{Workspace}}Workspace</Param>
        <Param Name="DataType">String</Param>
        <Param Name="Width">180</Param>
      </Param>
      <Param Name="DESCRIPTION">
        <Param Name="Label">{{Popis}}Popis</Param>
        <Param Name="DataType">String</Param>
        <Param Name="Width">180</Param>
      </Param>
    </Param>
    <Param Name="ViewType">Hql</Param>
  </Params>
  <DetailsButton IsVisible="True" ToolTip="Editovat" Form="egeConfig" UnionTransaction="False" />
  <SelectButton IsVisible="True" ToolTip="Nová konfigurace" Form="egeConfig" UnionTransaction="False" />
  <CopyButton IsVisible="True" ToolTip="Zkopírovat konfiguraci" Form="egeConfig" UnionTransaction="False">
    <Params>
      <Param Name="EntityDelegates">
        <Param Name="Copy_Base" />
      </Param>
    </Params>
  </CopyButton>
</Form>