﻿<?xml version="1.0" encoding="utf-8"?>
<Form Type="Primitive" Caption="Edit text" WindowCaption="Edit text" ProgId="" EntityType="Enif.EDA.ENV.MF.EGForm,EnifModelFirstCommon" IsReadOnly="false" Scale="2" ValidationLevel="0">
  <Field Name="FormXml" Caption="XML" FieldType="AvalonEdit" SelectorType="Path" Selector="." IsVisible="True" IsEnabled="True" IsReadOnly="False" Occupation="Block" IsBinded="false" Height="30" MaxHeight="31">
    <Params>
      <Param Name="TextWrapping">NoWrap</Param>
      <Param Name="SyntaxHighlighting">SQL</Param>
      <Param Name="CodeMode">True</Param>
      <Param Name="ShowFolding">True</Param>
    </Params>
  </Field>
</Form>